Entity,Code,Year,4_1_LifeExpect
Bahrain,BHR,1950,38.1
Bahrain,BHR,1951,38.2
Bahrain,BHR,1952,38.7
Bahrain,BHR,1953,39.2
Bahrain,BHR,1954,39.9
Bahrain,BHR,1955,40.6
Bahrain,BHR,1956,42.8
Bahrain,BHR,1957,44.8
Bahrain,BHR,1958,46.7
Bahrain,BHR,1959,48.6
Bahrain,BHR,1960,50.3
Bahrain,BHR,1961,52.1
Bahrain,BHR,1962,53.7
Bahrain,BHR,1963,55.3
Bahrain,BHR,1964,56.8
Bahrain,BHR,1965,58.2
Bahrain,BHR,1966,59.7
Bahrain,BHR,1967,61
Bahrain,BHR,1968,62.3
Bahrain,BHR,1969,63.5
Bahrain,BHR,1970,64.4
Bahrain,BHR,1971,65.6
Bahrain,BHR,1972,66.4
Bahrain,BHR,1973,67.2
Bahrain,BHR,1974,67.9
Bahrain,BHR,1975,68.5
Bahrain,BHR,1976,69.1
Bahrain,BHR,1977,69.6
Bahrain,BHR,1978,70
Bahrain,BHR,1979,70.5
Bahrain,BHR,1980,70.8
Bahrain,BHR,1981,71.2
Bahrain,BHR,1982,71.5
Bahrain,BHR,1983,71.7
Bahrain,BHR,1984,72
Bahrain,BHR,1985,72.1
Bahrain,BHR,1986,72.3
Bahrain,BHR,1987,72.4
Bahrain,BHR,1988,72.4
Bahrain,BHR,1989,72.6
Bahrain,BHR,1990,72.7
Bahrain,BHR,1991,72.8
Bahrain,BHR,1992,73
Bahrain,BHR,1993,73.4
Bahrain,BHR,1994,73.5
Bahrain,BHR,1995,73.8
Bahrain,BHR,1996,74.4
Bahrain,BHR,1997,74.5
Bahrain,BHR,1998,74.6
Bahrain,BHR,1999,75
Bahrain,BHR,2000,75.5
Bahrain,BHR,2001,75.9
Bahrain,BHR,2002,76.1
Bahrain,BHR,2003,76.3
Bahrain,BHR,2004,76.6
Bahrain,BHR,2005,76.9
Bahrain,BHR,2006,77.2
Bahrain,BHR,2007,77.6
Bahrain,BHR,2008,78.1
Bahrain,BHR,2009,78.5
Bahrain,BHR,2010,78.7
Bahrain,BHR,2011,78.9
Bahrain,BHR,2012,79.1
Bahrain,BHR,2013,79.2
Bahrain,BHR,2014,79.3
Bahrain,BHR,2015,79.4
Bahrain,BHR,2016,79.6
Bahrain,BHR,2017,79.7
Bahrain,BHR,2018,79.9
Bahrain,BHR,2019,80
Bahrain,BHR,2020,79.2
Bahrain,BHR,2021,78.8
Bangladesh,BGD,1876,25.5
Bangladesh,BGD,1886,23.2
Bangladesh,BGD,1896,22
Bangladesh,BGD,1906,21.5
Bangladesh,BGD,1926,24.9
Bangladesh,BGD,1950,38.2
Bangladesh,BGD,1951,38.9
Bangladesh,BGD,1952,39.7
Bangladesh,BGD,1953,39.9
Bangladesh,BGD,1954,41.2
Bangladesh,BGD,1955,41.9
Bangladesh,BGD,1956,42.4
Bangladesh,BGD,1957,43.4
Bangladesh,BGD,1958,43.9
Bangladesh,BGD,1959,44.6
Bangladesh,BGD,1960,44.7
Bangladesh,BGD,1961,45.7
Bangladesh,BGD,1962,46.7
Bangladesh,BGD,1963,46.7
Bangladesh,BGD,1964,47.7
Bangladesh,BGD,1965,46.9
Bangladesh,BGD,1966,48.6
Bangladesh,BGD,1967,48.9
Bangladesh,BGD,1968,49.1
Bangladesh,BGD,1969,49.2
Bangladesh,BGD,1970,42.6
Bangladesh,BGD,1971,26
Bangladesh,BGD,1972,49.6
Bangladesh,BGD,1973,49.8
Bangladesh,BGD,1974,49.2
Bangladesh,BGD,1975,50.3
Bangladesh,BGD,1976,50.6
Bangladesh,BGD,1977,51.2
Bangladesh,BGD,1978,51.3
Bangladesh,BGD,1979,51.5
Bangladesh,BGD,1980,51.8
Bangladesh,BGD,1981,52.2
Bangladesh,BGD,1982,52.5
Bangladesh,BGD,1983,53
Bangladesh,BGD,1984,53.5
Bangladesh,BGD,1985,53.9
Bangladesh,BGD,1986,54.4
Bangladesh,BGD,1987,54.9
Bangladesh,BGD,1988,55
Bangladesh,BGD,1989,55.1
Bangladesh,BGD,1990,56
Bangladesh,BGD,1991,54.2
Bangladesh,BGD,1992,57.6
Bangladesh,BGD,1993,57.9
Bangladesh,BGD,1994,58.6
Bangladesh,BGD,1995,59.5
Bangladesh,BGD,1996,59.5
Bangladesh,BGD,1997,61.4
Bangladesh,BGD,1998,63.9
Bangladesh,BGD,1999,66.2
Bangladesh,BGD,2000,65.8
Bangladesh,BGD,2001,66.1
Bangladesh,BGD,2002,66.6
Bangladesh,BGD,2003,66.8
Bangladesh,BGD,2004,67.2
Bangladesh,BGD,2005,67.3
Bangladesh,BGD,2006,67.2
Bangladesh,BGD,2007,66.7
Bangladesh,BGD,2008,67.1
Bangladesh,BGD,2009,67.4
Bangladesh,BGD,2010,68.6
Bangladesh,BGD,2011,68.8
Bangladesh,BGD,2012,69.6
Bangladesh,BGD,2013,69.6
Bangladesh,BGD,2014,70
Bangladesh,BGD,2015,70.5
Bangladesh,BGD,2016,71.1
Bangladesh,BGD,2017,71.8
Bangladesh,BGD,2018,72.6
Bangladesh,BGD,2019,72.8
Bangladesh,BGD,2020,72
Bangladesh,BGD,2021,72.4
Bhutan,BTN,1950,30.1
Bhutan,BTN,1951,30.2
Bhutan,BTN,1952,30.5
Bhutan,BTN,1953,30.8
Bhutan,BTN,1954,31.1
Bhutan,BTN,1955,31.5
Bhutan,BTN,1956,31.8
Bhutan,BTN,1957,32.2
Bhutan,BTN,1958,32.6
Bhutan,BTN,1959,33
Bhutan,BTN,1960,33.5
Bhutan,BTN,1961,33.9
Bhutan,BTN,1962,34.5
Bhutan,BTN,1963,35
Bhutan,BTN,1964,35.6
Bhutan,BTN,1965,36.2
Bhutan,BTN,1966,36.9
Bhutan,BTN,1967,37.6
Bhutan,BTN,1968,38.3
Bhutan,BTN,1969,39.1
Bhutan,BTN,1970,40
Bhutan,BTN,1971,40.8
Bhutan,BTN,1972,41.6
Bhutan,BTN,1973,42.5
Bhutan,BTN,1974,43.3
Bhutan,BTN,1975,44.1
Bhutan,BTN,1976,44.9
Bhutan,BTN,1977,45.8
Bhutan,BTN,1978,46.6
Bhutan,BTN,1979,47.4
Bhutan,BTN,1980,48.2
Bhutan,BTN,1981,49
Bhutan,BTN,1982,49.9
Bhutan,BTN,1983,50.6
Bhutan,BTN,1984,51.4
Bhutan,BTN,1985,52.1
Bhutan,BTN,1986,52.9
Bhutan,BTN,1987,53.7
Bhutan,BTN,1988,54.5
Bhutan,BTN,1989,55.3
Bhutan,BTN,1990,56
Bhutan,BTN,1991,56.6
Bhutan,BTN,1992,57.4
Bhutan,BTN,1993,58.1
Bhutan,BTN,1994,58.6
Bhutan,BTN,1995,59.5
Bhutan,BTN,1996,60.2
Bhutan,BTN,1997,60.9
Bhutan,BTN,1998,61.5
Bhutan,BTN,1999,62.2
Bhutan,BTN,2000,62
Bhutan,BTN,2001,63.4
Bhutan,BTN,2002,64.1
Bhutan,BTN,2003,64.7
Bhutan,BTN,2004,65.3
Bhutan,BTN,2005,65.8
Bhutan,BTN,2006,66.4
Bhutan,BTN,2007,67
Bhutan,BTN,2008,67.5
Bhutan,BTN,2009,67.9
Bhutan,BTN,2010,68.4
Bhutan,BTN,2011,68.9
Bhutan,BTN,2012,69.3
Bhutan,BTN,2013,69.7
Bhutan,BTN,2014,70
Bhutan,BTN,2015,70.3
Bhutan,BTN,2016,70.6
Bhutan,BTN,2017,70.8
Bhutan,BTN,2018,71.1
Bhutan,BTN,2019,71.4
Bhutan,BTN,2020,71.6
Bhutan,BTN,2021,71.8
Brunei,BRN,1950,50
Brunei,BRN,1951,51
Brunei,BRN,1952,51.8
Brunei,BRN,1953,52.5
Brunei,BRN,1954,53.1
Brunei,BRN,1955,53.5
Brunei,BRN,1956,53.9
Brunei,BRN,1957,54.4
Brunei,BRN,1958,55
Brunei,BRN,1959,55.8
Brunei,BRN,1960,56.8
Brunei,BRN,1961,57.8
Brunei,BRN,1962,57.7
Brunei,BRN,1963,59.8
Brunei,BRN,1964,60.6
Brunei,BRN,1965,61.2
Brunei,BRN,1966,62
Brunei,BRN,1967,62.5
Brunei,BRN,1968,63
Brunei,BRN,1969,63.6
Brunei,BRN,1970,64.1
Brunei,BRN,1971,64.7
Brunei,BRN,1972,65.4
Brunei,BRN,1973,66
Brunei,BRN,1974,66.5
Brunei,BRN,1975,67.1
Brunei,BRN,1976,67.6
Brunei,BRN,1977,68.1
Brunei,BRN,1978,68.5
Brunei,BRN,1979,68.9
Brunei,BRN,1980,69.2
Brunei,BRN,1981,69.5
Brunei,BRN,1982,69.8
Brunei,BRN,1983,70.1
Brunei,BRN,1984,70.4
Brunei,BRN,1985,70.6
Brunei,BRN,1986,70.8
Brunei,BRN,1987,71
Brunei,BRN,1988,71.2
Brunei,BRN,1989,71.4
Brunei,BRN,1990,71.7
Brunei,BRN,1991,71.9
Brunei,BRN,1992,72.1
Brunei,BRN,1993,72.3
Brunei,BRN,1994,72.6
Brunei,BRN,1995,72.8
Brunei,BRN,1996,73.1
Brunei,BRN,1997,73.4
Brunei,BRN,1998,73.6
Brunei,BRN,1999,73.9
Brunei,BRN,2000,74.1
Brunei,BRN,2001,74.3
Brunei,BRN,2002,74.4
Brunei,BRN,2003,74.6
Brunei,BRN,2004,74.6
Brunei,BRN,2005,74.7
Brunei,BRN,2006,74.8
Brunei,BRN,2007,74.8
Brunei,BRN,2008,74.8
Brunei,BRN,2009,74.8
Brunei,BRN,2010,74.8
Brunei,BRN,2011,74.9
Brunei,BRN,2012,74.8
Brunei,BRN,2013,74.8
Brunei,BRN,2014,74.8
Brunei,BRN,2015,74.7
Brunei,BRN,2016,74.7
Brunei,BRN,2017,74.7
Brunei,BRN,2018,74.7
Brunei,BRN,2019,74.7
Brunei,BRN,2020,74.8
Brunei,BRN,2021,74.6
Cambodia,KHM,1945,35
Cambodia,KHM,1950,38.9
Cambodia,KHM,1951,39.2
Cambodia,KHM,1952,39.5
Cambodia,KHM,1953,39.7
Cambodia,KHM,1954,40.2
Cambodia,KHM,1955,40.4
Cambodia,KHM,1956,40.8
Cambodia,KHM,1957,41.2
Cambodia,KHM,1958,41.5
Cambodia,KHM,1959,41.8
Cambodia,KHM,1960,42.4
Cambodia,KHM,1961,42.8
Cambodia,KHM,1962,43.3
Cambodia,KHM,1963,43.9
Cambodia,KHM,1964,44.4
Cambodia,KHM,1965,44.8
Cambodia,KHM,1966,45.4
Cambodia,KHM,1967,45.5
Cambodia,KHM,1968,45.8
Cambodia,KHM,1969,46.2
Cambodia,KHM,1970,39.1
Cambodia,KHM,1971,39.5
Cambodia,KHM,1972,40.2
Cambodia,KHM,1973,40
Cambodia,KHM,1974,39.8
Cambodia,KHM,1975,12
Cambodia,KHM,1976,12
Cambodia,KHM,1977,28.9
Cambodia,KHM,1978,37
Cambodia,KHM,1979,42.3
Cambodia,KHM,1980,47.6
Cambodia,KHM,1981,48.2
Cambodia,KHM,1982,48.7
Cambodia,KHM,1983,49.5
Cambodia,KHM,1984,50.2
Cambodia,KHM,1985,51
Cambodia,KHM,1986,51.5
Cambodia,KHM,1987,53.5
Cambodia,KHM,1988,54.3
Cambodia,KHM,1989,54.8
Cambodia,KHM,1990,55.4
Cambodia,KHM,1991,55.8
Cambodia,KHM,1992,56
Cambodia,KHM,1993,56.1
Cambodia,KHM,1994,56
Cambodia,KHM,1995,56.3
Cambodia,KHM,1996,56.3
Cambodia,KHM,1997,56.7
Cambodia,KHM,1998,57
Cambodia,KHM,1999,57.7
Cambodia,KHM,2000,58.6
Cambodia,KHM,2001,60
Cambodia,KHM,2002,61.2
Cambodia,KHM,2003,62.5
Cambodia,KHM,2004,63.6
Cambodia,KHM,2005,64.3
Cambodia,KHM,2006,65.1
Cambodia,KHM,2007,65.7
Cambodia,KHM,2008,66.5
Cambodia,KHM,2009,67.4
Cambodia,KHM,2010,67.7
Cambodia,KHM,2011,68.4
Cambodia,KHM,2012,68.9
Cambodia,KHM,2013,69.3
Cambodia,KHM,2014,69.7
Cambodia,KHM,2015,69.9
Cambodia,KHM,2016,70.2
Cambodia,KHM,2017,70.5
Cambodia,KHM,2018,70.6
Cambodia,KHM,2019,70.7
Cambodia,KHM,2020,70.4
Cambodia,KHM,2021,69.6
China,CHN,1930,32
China,CHN,1934,34
China,CHN,1936,35
China,CHN,1942,37
China,CHN,1949,41
China,CHN,1950,43.7
China,CHN,1951,44.6
China,CHN,1952,45.4
China,CHN,1953,46
China,CHN,1954,46.8
China,CHN,1955,47.2
China,CHN,1956,47.7
China,CHN,1957,48.3
China,CHN,1958,48.8
China,CHN,1959,39.7
China,CHN,1960,33.3
China,CHN,1961,40.5
China,CHN,1962,50.8
China,CHN,1963,51.4
China,CHN,1964,52.2
China,CHN,1965,52.9
China,CHN,1966,53.6
China,CHN,1967,54.4
China,CHN,1968,55.1
China,CHN,1969,55.7
China,CHN,1970,56.6
China,CHN,1971,57.6
China,CHN,1972,58.4
China,CHN,1973,59.4
China,CHN,1974,60.2
China,CHN,1975,60.9
China,CHN,1976,61.8
China,CHN,1977,62.5
China,CHN,1978,63.2
China,CHN,1979,63.9
China,CHN,1980,64.4
China,CHN,1981,65
China,CHN,1982,65.5
China,CHN,1983,65.9
China,CHN,1984,66.3
China,CHN,1985,66.6
China,CHN,1986,67
China,CHN,1987,67.3
China,CHN,1988,67.6
China,CHN,1989,67.8
China,CHN,1990,68
China,CHN,1991,68.2
China,CHN,1992,68.7
China,CHN,1993,69.2
China,CHN,1994,69.5
China,CHN,1995,70
China,CHN,1996,70.3
China,CHN,1997,70.7
China,CHN,1998,71.2
China,CHN,1999,71.4
China,CHN,2000,71.9
China,CHN,2001,72.6
China,CHN,2002,73
China,CHN,2003,73.4
China,CHN,2004,73.7
China,CHN,2005,74.1
China,CHN,2006,74.5
China,CHN,2007,74.8
China,CHN,2008,74.9
China,CHN,2009,75.3
China,CHN,2010,75.6
China,CHN,2011,75.9
China,CHN,2012,76.2
China,CHN,2013,76.5
China,CHN,2014,76.7
China,CHN,2015,77
China,CHN,2016,77.2
China,CHN,2017,77.2
China,CHN,2018,77.7
China,CHN,2019,78
China,CHN,2020,78.1
China,CHN,2021,78.2
Hong Kong,HKG,1950,59.3
Hong Kong,HKG,1951,59.8
Hong Kong,HKG,1952,60.5
Hong Kong,HKG,1953,61.5
Hong Kong,HKG,1954,62.4
Hong Kong,HKG,1955,63
Hong Kong,HKG,1956,63.6
Hong Kong,HKG,1957,64.1
Hong Kong,HKG,1958,64.6
Hong Kong,HKG,1959,65.3
Hong Kong,HKG,1960,66.2
Hong Kong,HKG,1961,66.9
Hong Kong,HKG,1962,67.3
Hong Kong,HKG,1963,68
Hong Kong,HKG,1964,68.8
Hong Kong,HKG,1965,69.6
Hong Kong,HKG,1966,69.9
Hong Kong,HKG,1967,70.3
Hong Kong,HKG,1968,70.7
Hong Kong,HKG,1969,70.9
Hong Kong,HKG,1970,71.3
Hong Kong,HKG,1971,71.9
Hong Kong,HKG,1972,72.4
Hong Kong,HKG,1973,72.9
Hong Kong,HKG,1974,73.5
Hong Kong,HKG,1975,73.6
Hong Kong,HKG,1976,73.7
Hong Kong,HKG,1977,73.4
Hong Kong,HKG,1978,73.6
Hong Kong,HKG,1979,74
Hong Kong,HKG,1980,74.9
Hong Kong,HKG,1981,75.4
Hong Kong,HKG,1982,75.6
Hong Kong,HKG,1983,75.8
Hong Kong,HKG,1984,76.1
Hong Kong,HKG,1985,76.6
Hong Kong,HKG,1986,76.8
Hong Kong,HKG,1987,77
Hong Kong,HKG,1988,77.1
Hong Kong,HKG,1989,77.2
Hong Kong,HKG,1990,77.5
Hong Kong,HKG,1991,77.7
Hong Kong,HKG,1992,78
Hong Kong,HKG,1993,78.3
Hong Kong,HKG,1994,78.7
Hong Kong,HKG,1995,79.2
Hong Kong,HKG,1996,79.5
Hong Kong,HKG,1997,79.7
Hong Kong,HKG,1998,80.1
Hong Kong,HKG,1999,80.3
Hong Kong,HKG,2000,80.7
Hong Kong,HKG,2001,81.1
Hong Kong,HKG,2002,81.3
Hong Kong,HKG,2003,81.2
Hong Kong,HKG,2004,81.4
Hong Kong,HKG,2005,81.8
Hong Kong,HKG,2006,82
Hong Kong,HKG,2007,82.2
Hong Kong,HKG,2008,82.4
Hong Kong,HKG,2009,82.6
Hong Kong,HKG,2010,83
Hong Kong,HKG,2011,83.2
Hong Kong,HKG,2012,83.6
Hong Kong,HKG,2013,83.8
Hong Kong,HKG,2014,84.1
Hong Kong,HKG,2015,84.3
Hong Kong,HKG,2016,84.5
Hong Kong,HKG,2017,84.9
Hong Kong,HKG,2018,85.2
Hong Kong,HKG,2019,85.3
Hong Kong,HKG,2020,85.2
Hong Kong,HKG,2021,85.5
India,IND,1881,25.44
India,IND,1891,24.27
India,IND,1901,23.49
India,IND,1905,23.98
India,IND,1911,23.15
India,IND,1915,24.02
India,IND,1921,24.86
India,IND,1925,27.61
India,IND,1931,29.31
India,IND,1935,30.95
India,IND,1941,32.59
India,IND,1950,41.7
India,IND,1951,41.7
India,IND,1952,42
India,IND,1953,42.2
India,IND,1954,43
India,IND,1955,43.4
India,IND,1956,43.8
India,IND,1957,44.1
India,IND,1958,44.4
India,IND,1959,44.9
India,IND,1960,45.2
India,IND,1961,45.4
India,IND,1962,45.7
India,IND,1963,45.9
India,IND,1964,46.2
India,IND,1965,45
India,IND,1966,45.3
India,IND,1967,45.7
India,IND,1968,47.5
India,IND,1969,47.9
India,IND,1970,48.2
India,IND,1971,48.6
India,IND,1972,49
India,IND,1973,49.5
India,IND,1974,50.2
India,IND,1975,50.8
India,IND,1976,51.4
India,IND,1977,51.9
India,IND,1978,52.5
India,IND,1979,53.1
India,IND,1980,53.6
India,IND,1981,54.2
India,IND,1982,54.7
India,IND,1983,55.3
India,IND,1984,55.8
India,IND,1985,56.3
India,IND,1986,56.8
India,IND,1987,57.3
India,IND,1988,57.8
India,IND,1989,58.2
India,IND,1990,58.7
India,IND,1991,59.1
India,IND,1992,59.5
India,IND,1993,59.8
India,IND,1994,60.2
India,IND,1995,60.6
India,IND,1996,61
India,IND,1997,61.4
India,IND,1998,61.8
India,IND,1999,62.2
India,IND,2000,62.7
India,IND,2001,63.1
India,IND,2002,63.6
India,IND,2003,64.1
India,IND,2004,64.5
India,IND,2005,65
India,IND,2006,65.4
India,IND,2007,65.8
India,IND,2008,66.1
India,IND,2009,66.5
India,IND,2010,66.9
India,IND,2011,67.4
India,IND,2012,67.9
India,IND,2013,68.5
India,IND,2014,69.1
India,IND,2015,69.6
India,IND,2016,70.1
India,IND,2017,70.5
India,IND,2018,70.7
India,IND,2019,70.9
India,IND,2020,70.1
India,IND,2021,67.2
Indonesia,IDN,1927,30
Indonesia,IDN,1932,32.5
Indonesia,IDN,1937,35
Indonesia,IDN,1942,27.5
Indonesia,IDN,1947,27.5
Indonesia,IDN,1950,39.4
Indonesia,IDN,1951,39.8
Indonesia,IDN,1952,40.7
Indonesia,IDN,1953,41.4
Indonesia,IDN,1954,42.2
Indonesia,IDN,1955,42.9
Indonesia,IDN,1956,43.8
Indonesia,IDN,1957,44.5
Indonesia,IDN,1958,45
Indonesia,IDN,1959,45.9
Indonesia,IDN,1960,46.5
Indonesia,IDN,1961,47.1
Indonesia,IDN,1962,47.9
Indonesia,IDN,1963,48.4
Indonesia,IDN,1964,49.2
Indonesia,IDN,1965,42.6
Indonesia,IDN,1966,48.2
Indonesia,IDN,1967,51.1
Indonesia,IDN,1968,51.6
Indonesia,IDN,1969,52.4
Indonesia,IDN,1970,53
Indonesia,IDN,1971,53.6
Indonesia,IDN,1972,54.2
Indonesia,IDN,1973,54.8
Indonesia,IDN,1974,55.4
Indonesia,IDN,1975,56
Indonesia,IDN,1976,56.5
Indonesia,IDN,1977,57.1
Indonesia,IDN,1978,57.6
Indonesia,IDN,1979,58.2
Indonesia,IDN,1980,58.8
Indonesia,IDN,1981,59.1
Indonesia,IDN,1982,59.8
Indonesia,IDN,1983,60.3
Indonesia,IDN,1984,60.7
Indonesia,IDN,1985,61.3
Indonesia,IDN,1986,61.7
Indonesia,IDN,1987,62
Indonesia,IDN,1988,62.2
Indonesia,IDN,1989,62.7
Indonesia,IDN,1990,63.2
Indonesia,IDN,1991,63.5
Indonesia,IDN,1992,64.1
Indonesia,IDN,1993,64.6
Indonesia,IDN,1994,64.9
Indonesia,IDN,1995,65.2
Indonesia,IDN,1996,65.4
Indonesia,IDN,1997,65.7
Indonesia,IDN,1998,66
Indonesia,IDN,1999,66.2
Indonesia,IDN,2000,66.4
Indonesia,IDN,2001,66.8
Indonesia,IDN,2002,67.1
Indonesia,IDN,2003,67.4
Indonesia,IDN,2004,65.8
Indonesia,IDN,2005,67.6
Indonesia,IDN,2006,67.9
Indonesia,IDN,2007,68.2
Indonesia,IDN,2008,68.2
Indonesia,IDN,2009,68.5
Indonesia,IDN,2010,68.7
Indonesia,IDN,2011,68.8
Indonesia,IDN,2012,69
Indonesia,IDN,2013,69.3
Indonesia,IDN,2014,69.5
Indonesia,IDN,2015,69.7
Indonesia,IDN,2016,69.8
Indonesia,IDN,2017,69.9
Indonesia,IDN,2018,70.3
Indonesia,IDN,2019,70.5
Indonesia,IDN,2020,68.8
Indonesia,IDN,2021,67.6
Japan,JPN,1865,36.43
Japan,JPN,1870,36.59
Japan,JPN,1875,36.8
Japan,JPN,1880,37.04
Japan,JPN,1885,37.33
Japan,JPN,1890,37.68
Japan,JPN,1895,38.1
Japan,JPN,1900,38.6
Japan,JPN,1905,39.22
Japan,JPN,1910,39.97
Japan,JPN,1915,40.9
Japan,JPN,1920,42.04
Japan,JPN,1922,42.62
Japan,JPN,1927,45.66
Japan,JPN,1935,48.24
Japan,JPN,1945,30.54
Japan,JPN,1947,51.69
Japan,JPN,1948,56.83
Japan,JPN,1949,57.71
Japan,JPN,1950,59.2
Japan,JPN,1951,61
Japan,JPN,1952,63
Japan,JPN,1953,63.3
Japan,JPN,1954,64.5
Japan,JPN,1955,65.7
Japan,JPN,1956,65.5
Japan,JPN,1957,65.4
Japan,JPN,1958,67
Japan,JPN,1959,67.4
Japan,JPN,1960,67.7
Japan,JPN,1961,68.3
Japan,JPN,1962,68.6
Japan,JPN,1963,69.7
Japan,JPN,1964,70.2
Japan,JPN,1965,70.2
Japan,JPN,1966,71
Japan,JPN,1967,71.4
Japan,JPN,1968,71.6
Japan,JPN,1969,71.9
Japan,JPN,1970,72
Japan,JPN,1971,72.8
Japan,JPN,1972,73.2
Japan,JPN,1973,73.4
Japan,JPN,1974,73.8
Japan,JPN,1975,74.3
Japan,JPN,1976,74.7
Japan,JPN,1977,75.3
Japan,JPN,1978,75.6
Japan,JPN,1979,76.2
Japan,JPN,1980,76.1
Japan,JPN,1981,76.5
Japan,JPN,1982,77.1
Japan,JPN,1983,77.1
Japan,JPN,1984,77.5
Japan,JPN,1985,77.8
Japan,JPN,1986,78.2
Japan,JPN,1987,78.6
Japan,JPN,1988,78.5
Japan,JPN,1989,79
Japan,JPN,1990,79
Japan,JPN,1991,79.3
Japan,JPN,1992,79.3
Japan,JPN,1993,79.4
Japan,JPN,1994,79.8
Japan,JPN,1995,79.7
Japan,JPN,1996,80.3
Japan,JPN,1997,80.6
Japan,JPN,1998,80.6
Japan,JPN,1999,80.6
Japan,JPN,2000,81.2
Japan,JPN,2001,81.5
Japan,JPN,2002,81.8
Japan,JPN,2003,81.9
Japan,JPN,2004,82.1
Japan,JPN,2005,82
Japan,JPN,2006,82.4
Japan,JPN,2007,82.6
Japan,JPN,2008,82.6
Japan,JPN,2009,83
Japan,JPN,2010,82.9
Japan,JPN,2011,82.7
Japan,JPN,2012,83.2
Japan,JPN,2013,83.4
Japan,JPN,2014,83.7
Japan,JPN,2015,83.9
Japan,JPN,2016,84.1
Japan,JPN,2017,84.2
Japan,JPN,2018,84.3
Japan,JPN,2019,84.4
Japan,JPN,2020,84.7
Japan,JPN,2021,84.8
Laos,LAO,1950,38.7
Laos,LAO,1951,38.7
Laos,LAO,1952,39
Laos,LAO,1953,39.4
Laos,LAO,1954,39.7
Laos,LAO,1955,40
Laos,LAO,1956,40.3
Laos,LAO,1957,40.5
Laos,LAO,1958,40.8
Laos,LAO,1959,40.4
Laos,LAO,1960,40.8
Laos,LAO,1961,41.1
Laos,LAO,1962,42
Laos,LAO,1963,41.3
Laos,LAO,1964,41.6
Laos,LAO,1965,42.1
Laos,LAO,1966,42.1
Laos,LAO,1967,42.6
Laos,LAO,1968,43
Laos,LAO,1969,43.2
Laos,LAO,1970,43.6
Laos,LAO,1971,44
Laos,LAO,1972,44.2
Laos,LAO,1973,44.5
Laos,LAO,1974,45.5
Laos,LAO,1975,45.9
Laos,LAO,1976,45.6
Laos,LAO,1977,46
Laos,LAO,1978,46.2
Laos,LAO,1979,47
Laos,LAO,1980,48.1
Laos,LAO,1981,48.7
Laos,LAO,1982,49.4
Laos,LAO,1983,50
Laos,LAO,1984,50.5
Laos,LAO,1985,51.1
Laos,LAO,1986,51.7
Laos,LAO,1987,52.2
Laos,LAO,1988,52.7
Laos,LAO,1989,53.3
Laos,LAO,1990,53.7
Laos,LAO,1991,54.5
Laos,LAO,1992,55
Laos,LAO,1993,55.4
Laos,LAO,1994,55.7
Laos,LAO,1995,56.4
Laos,LAO,1996,56.9
Laos,LAO,1997,57.3
Laos,LAO,1998,57.7
Laos,LAO,1999,57.9
Laos,LAO,2000,58.4
Laos,LAO,2001,59.1
Laos,LAO,2002,59.5
Laos,LAO,2003,60
Laos,LAO,2004,60.3
Laos,LAO,2005,61
Laos,LAO,2006,61.5
Laos,LAO,2007,62.1
Laos,LAO,2008,62.6
Laos,LAO,2009,63.3
Laos,LAO,2010,64
Laos,LAO,2011,64.7
Laos,LAO,2012,65.4
Laos,LAO,2013,65.7
Laos,LAO,2014,66.4
Laos,LAO,2015,66.7
Laos,LAO,2016,67.2
Laos,LAO,2017,67.4
Laos,LAO,2018,67.6
Laos,LAO,2019,68.1
Laos,LAO,2020,68.5
Laos,LAO,2021,68.1
Macao,MAC,1950,59.8
Macao,MAC,1951,60.3
Macao,MAC,1952,60.6
Macao,MAC,1953,61.2
Macao,MAC,1954,61.7
Macao,MAC,1955,62.3
Macao,MAC,1956,62.9
Macao,MAC,1957,63.4
Macao,MAC,1958,64.1
Macao,MAC,1959,64.5
Macao,MAC,1960,65
Macao,MAC,1961,65.5
Macao,MAC,1962,65.9
Macao,MAC,1963,66.4
Macao,MAC,1964,66.8
Macao,MAC,1965,67.2
Macao,MAC,1966,67.6
Macao,MAC,1967,68
Macao,MAC,1968,68.4
Macao,MAC,1969,68.8
Macao,MAC,1970,69.2
Macao,MAC,1971,69.6
Macao,MAC,1972,70
Macao,MAC,1973,70.6
Macao,MAC,1974,71
Macao,MAC,1975,71.4
Macao,MAC,1976,71.8
Macao,MAC,1977,72.3
Macao,MAC,1978,72.7
Macao,MAC,1979,73.1
Macao,MAC,1980,73.5
Macao,MAC,1981,73.9
Macao,MAC,1982,74.3
Macao,MAC,1983,74.7
Macao,MAC,1984,75.1
Macao,MAC,1985,75.5
Macao,MAC,1986,75.9
Macao,MAC,1987,76.3
Macao,MAC,1988,76.6
Macao,MAC,1989,77
Macao,MAC,1990,77.4
Macao,MAC,1991,77.9
Macao,MAC,1992,78.3
Macao,MAC,1993,78.6
Macao,MAC,1994,79
Macao,MAC,1995,79.3
Macao,MAC,1996,80
Macao,MAC,1997,80.2
Macao,MAC,1998,80.4
Macao,MAC,1999,80.7
Macao,MAC,2000,81
Macao,MAC,2001,81.2
Macao,MAC,2002,81.3
Macao,MAC,2003,81.5
Macao,MAC,2004,81.7
Macao,MAC,2005,82
Macao,MAC,2006,82.3
Macao,MAC,2007,82.5
Macao,MAC,2008,82.9
Macao,MAC,2009,83.3
Macao,MAC,2010,83.1
Macao,MAC,2011,83.2
Macao,MAC,2012,83.3
Macao,MAC,2013,83.7
Macao,MAC,2014,83.9
Macao,MAC,2015,84
Macao,MAC,2016,84.2
Macao,MAC,2017,84.6
Macao,MAC,2018,84.9
Macao,MAC,2019,85
Macao,MAC,2020,85.2
Macao,MAC,2021,85.4
Malaysia,MYS,1950,47
Malaysia,MYS,1951,47.8
Malaysia,MYS,1952,48.9
Malaysia,MYS,1953,49.9
Malaysia,MYS,1954,50.9
Malaysia,MYS,1955,51.8
Malaysia,MYS,1956,52.7
Malaysia,MYS,1957,53.6
Malaysia,MYS,1958,54.6
Malaysia,MYS,1959,55.6
Malaysia,MYS,1960,56.5
Malaysia,MYS,1961,57.4
Malaysia,MYS,1962,58.4
Malaysia,MYS,1963,59.3
Malaysia,MYS,1964,60.1
Malaysia,MYS,1965,61
Malaysia,MYS,1966,61.4
Malaysia,MYS,1967,61.8
Malaysia,MYS,1968,62.2
Malaysia,MYS,1969,62.6
Malaysia,MYS,1970,63.1
Malaysia,MYS,1971,63.6
Malaysia,MYS,1972,64.1
Malaysia,MYS,1973,64.6
Malaysia,MYS,1974,65.2
Malaysia,MYS,1975,65.7
Malaysia,MYS,1976,66.3
Malaysia,MYS,1977,66.8
Malaysia,MYS,1978,67.3
Malaysia,MYS,1979,67.8
Malaysia,MYS,1980,68.2
Malaysia,MYS,1981,68.9
Malaysia,MYS,1982,69.2
Malaysia,MYS,1983,69.6
Malaysia,MYS,1984,69.9
Malaysia,MYS,1985,70.3
Malaysia,MYS,1986,70.5
Malaysia,MYS,1987,70.7
Malaysia,MYS,1988,70.9
Malaysia,MYS,1989,71.1
Malaysia,MYS,1990,71.3
Malaysia,MYS,1991,71.4
Malaysia,MYS,1992,71.5
Malaysia,MYS,1993,71.8
Malaysia,MYS,1994,72.2
Malaysia,MYS,1995,72.4
Malaysia,MYS,1996,72.3
Malaysia,MYS,1997,72.3
Malaysia,MYS,1998,72.2
Malaysia,MYS,1999,72.3
Malaysia,MYS,2000,72.8
Malaysia,MYS,2001,73.3
Malaysia,MYS,2002,73.6
Malaysia,MYS,2003,73.8
Malaysia,MYS,2004,73.9
Malaysia,MYS,2005,74.1
Malaysia,MYS,2006,74.2
Malaysia,MYS,2007,74.2
Malaysia,MYS,2008,74.3
Malaysia,MYS,2009,74.2
Malaysia,MYS,2010,74.4
Malaysia,MYS,2011,74.7
Malaysia,MYS,2012,74.9
Malaysia,MYS,2013,75
Malaysia,MYS,2014,75.1
Malaysia,MYS,2015,75.1
Malaysia,MYS,2016,75.3
Malaysia,MYS,2017,75.5
Malaysia,MYS,2018,75.6
Malaysia,MYS,2019,75.8
Malaysia,MYS,2020,75.9
Malaysia,MYS,2021,74.9
Maldives,MDV,1950,37.4
Maldives,MDV,1951,37
Maldives,MDV,1952,37
Maldives,MDV,1953,36.5
Maldives,MDV,1954,36.8
Maldives,MDV,1955,36.9
Maldives,MDV,1956,37.1
Maldives,MDV,1957,37.4
Maldives,MDV,1958,37.7
Maldives,MDV,1959,38.1
Maldives,MDV,1960,38.5
Maldives,MDV,1961,39
Maldives,MDV,1962,39.5
Maldives,MDV,1963,40.1
Maldives,MDV,1964,40.7
Maldives,MDV,1965,41.4
Maldives,MDV,1966,42.1
Maldives,MDV,1967,42.8
Maldives,MDV,1968,43.6
Maldives,MDV,1969,44.3
Maldives,MDV,1970,45.1
Maldives,MDV,1971,46.1
Maldives,MDV,1972,47.1
Maldives,MDV,1973,48.2
Maldives,MDV,1974,49.4
Maldives,MDV,1975,50.5
Maldives,MDV,1976,51.6
Maldives,MDV,1977,52.6
Maldives,MDV,1978,51.1
Maldives,MDV,1979,54.7
Maldives,MDV,1980,55.6
Maldives,MDV,1981,56.4
Maldives,MDV,1982,57.3
Maldives,MDV,1983,58.1
Maldives,MDV,1984,58.9
Maldives,MDV,1985,59.7
Maldives,MDV,1986,60.5
Maldives,MDV,1987,61.3
Maldives,MDV,1988,62.1
Maldives,MDV,1989,62.8
Maldives,MDV,1990,63.6
Maldives,MDV,1991,64.3
Maldives,MDV,1992,65
Maldives,MDV,1993,65.7
Maldives,MDV,1994,66.5
Maldives,MDV,1995,67.5
Maldives,MDV,1996,68.7
Maldives,MDV,1997,69.2
Maldives,MDV,1998,69.6
Maldives,MDV,1999,70.1
Maldives,MDV,2000,70.9
Maldives,MDV,2001,72.2
Maldives,MDV,2002,73.3
Maldives,MDV,2003,74.1
Maldives,MDV,2004,73.5
Maldives,MDV,2005,74.8
Maldives,MDV,2006,75.1
Maldives,MDV,2007,75.7
Maldives,MDV,2008,76.5
Maldives,MDV,2009,77.1
Maldives,MDV,2010,77.7
Maldives,MDV,2011,78.1
Maldives,MDV,2012,78.7
Maldives,MDV,2013,79.1
Maldives,MDV,2014,79.4
Maldives,MDV,2015,79.7
Maldives,MDV,2016,79.9
Maldives,MDV,2017,79.9
Maldives,MDV,2018,80
Maldives,MDV,2019,80.1
Maldives,MDV,2020,79.9
Maldives,MDV,2021,79.9
Mongolia,MNG,1950,39.6
Mongolia,MNG,1951,39.6
Mongolia,MNG,1952,39.7
Mongolia,MNG,1953,39.8
Mongolia,MNG,1954,40.3
Mongolia,MNG,1955,40.8
Mongolia,MNG,1956,41.3
Mongolia,MNG,1957,40.5
Mongolia,MNG,1958,43
Mongolia,MNG,1959,44
Mongolia,MNG,1960,45
Mongolia,MNG,1961,46.1
Mongolia,MNG,1962,47.1
Mongolia,MNG,1963,48.1
Mongolia,MNG,1964,48.9
Mongolia,MNG,1965,49.6
Mongolia,MNG,1966,50.2
Mongolia,MNG,1967,50.9
Mongolia,MNG,1968,51.5
Mongolia,MNG,1969,52
Mongolia,MNG,1970,52.7
Mongolia,MNG,1971,53.3
Mongolia,MNG,1972,54
Mongolia,MNG,1973,54.6
Mongolia,MNG,1974,55.2
Mongolia,MNG,1975,55.6
Mongolia,MNG,1976,55.4
Mongolia,MNG,1977,55.5
Mongolia,MNG,1978,55.5
Mongolia,MNG,1979,55.6
Mongolia,MNG,1980,55.6
Mongolia,MNG,1981,55.7
Mongolia,MNG,1982,55.8
Mongolia,MNG,1983,56.2
Mongolia,MNG,1984,56.7
Mongolia,MNG,1985,56.8
Mongolia,MNG,1986,56.9
Mongolia,MNG,1987,57.4
Mongolia,MNG,1988,57.9
Mongolia,MNG,1989,58.3
Mongolia,MNG,1990,58.8
Mongolia,MNG,1991,59.2
Mongolia,MNG,1992,59.6
Mongolia,MNG,1993,60
Mongolia,MNG,1994,60.4
Mongolia,MNG,1995,60.6
Mongolia,MNG,1996,60.3
Mongolia,MNG,1997,60.8
Mongolia,MNG,1998,61.8
Mongolia,MNG,1999,62.5
Mongolia,MNG,2000,62.9
Mongolia,MNG,2001,63.3
Mongolia,MNG,2002,63.5
Mongolia,MNG,2003,64.2
Mongolia,MNG,2004,64.8
Mongolia,MNG,2005,64.9
Mongolia,MNG,2006,65.5
Mongolia,MNG,2007,66
Mongolia,MNG,2008,66.4
Mongolia,MNG,2009,66.8
Mongolia,MNG,2010,67.2
Mongolia,MNG,2011,67.4
Mongolia,MNG,2012,68.1
Mongolia,MNG,2013,68.6
Mongolia,MNG,2014,69
Mongolia,MNG,2015,69.5
Mongolia,MNG,2016,69.9
Mongolia,MNG,2017,70.2
Mongolia,MNG,2018,71.2
Mongolia,MNG,2019,71.8
Mongolia,MNG,2020,72.1
Mongolia,MNG,2021,71
Myanmar,MMR,1926,30.8
Myanmar,MMR,1950,35.4
Myanmar,MMR,1951,36
Myanmar,MMR,1952,37.5
Myanmar,MMR,1953,38.5
Myanmar,MMR,1954,39.6
Myanmar,MMR,1955,40.5
Myanmar,MMR,1956,41.4
Myanmar,MMR,1957,42
Myanmar,MMR,1958,42.8
Myanmar,MMR,1959,43.3
Myanmar,MMR,1960,43.9
Myanmar,MMR,1961,44.4
Myanmar,MMR,1962,45
Myanmar,MMR,1963,45.6
Myanmar,MMR,1964,46.5
Myanmar,MMR,1965,47.5
Myanmar,MMR,1966,48.4
Myanmar,MMR,1967,49.3
Myanmar,MMR,1968,50.1
Myanmar,MMR,1969,50.3
Myanmar,MMR,1970,50.7
Myanmar,MMR,1971,51.2
Myanmar,MMR,1972,51.5
Myanmar,MMR,1973,51.9
Myanmar,MMR,1974,52.2
Myanmar,MMR,1975,52.5
Myanmar,MMR,1976,53
Myanmar,MMR,1977,53.3
Myanmar,MMR,1978,53.5
Myanmar,MMR,1979,53.9
Myanmar,MMR,1980,54.4
Myanmar,MMR,1981,54.6
Myanmar,MMR,1982,55
Myanmar,MMR,1983,55.2
Myanmar,MMR,1984,55.5
Myanmar,MMR,1985,55.6
Myanmar,MMR,1986,55.9
Myanmar,MMR,1987,56.1
Myanmar,MMR,1988,56.1
Myanmar,MMR,1989,56.6
Myanmar,MMR,1990,56.7
Myanmar,MMR,1991,57
Myanmar,MMR,1992,57.3
Myanmar,MMR,1993,57.6
Myanmar,MMR,1994,58
Myanmar,MMR,1995,58.3
Myanmar,MMR,1996,58.9
Myanmar,MMR,1997,59.2
Myanmar,MMR,1998,59.8
Myanmar,MMR,1999,59.9
Myanmar,MMR,2000,60.2
Myanmar,MMR,2001,60.4
Myanmar,MMR,2002,60.7
Myanmar,MMR,2003,61
Myanmar,MMR,2004,61.2
Myanmar,MMR,2005,61.6
Myanmar,MMR,2006,61.9
Myanmar,MMR,2007,62.4
Myanmar,MMR,2008,56.5
Myanmar,MMR,2009,63.2
Myanmar,MMR,2010,63.3
Myanmar,MMR,2011,63.9
Myanmar,MMR,2012,64.1
Myanmar,MMR,2013,64.8
Myanmar,MMR,2014,65.1
Myanmar,MMR,2015,65.6
Myanmar,MMR,2016,65.7
Myanmar,MMR,2017,65.8
Myanmar,MMR,2018,66.5
Myanmar,MMR,2019,66.6
Myanmar,MMR,2020,66.8
Myanmar,MMR,2021,65.7
Nepal,NPL,1950,37.7
Nepal,NPL,1951,37.7
Nepal,NPL,1952,37.8
Nepal,NPL,1953,37.9
Nepal,NPL,1954,37.9
Nepal,NPL,1955,38
Nepal,NPL,1956,38.1
Nepal,NPL,1957,38.1
Nepal,NPL,1958,38.2
Nepal,NPL,1959,38.4
Nepal,NPL,1960,38.6
Nepal,NPL,1961,38.9
Nepal,NPL,1962,39.2
Nepal,NPL,1963,39.5
Nepal,NPL,1964,40
Nepal,NPL,1965,40.4
Nepal,NPL,1966,40.9
Nepal,NPL,1967,41.4
Nepal,NPL,1968,41.8
Nepal,NPL,1969,42.3
Nepal,NPL,1970,42.8
Nepal,NPL,1971,43.3
Nepal,NPL,1972,43.7
Nepal,NPL,1973,44
Nepal,NPL,1974,44.5
Nepal,NPL,1975,45
Nepal,NPL,1976,45.5
Nepal,NPL,1977,46
Nepal,NPL,1978,46.7
Nepal,NPL,1979,47.3
Nepal,NPL,1980,47.9
Nepal,NPL,1981,48.4
Nepal,NPL,1982,48.9
Nepal,NPL,1983,49.4
Nepal,NPL,1984,50.2
Nepal,NPL,1985,50.9
Nepal,NPL,1986,51.5
Nepal,NPL,1987,52.5
Nepal,NPL,1988,53.1
Nepal,NPL,1989,54.1
Nepal,NPL,1990,54.8
Nepal,NPL,1991,55.7
Nepal,NPL,1992,56.7
Nepal,NPL,1993,57.6
Nepal,NPL,1994,58.6
Nepal,NPL,1995,59.3
Nepal,NPL,1996,60
Nepal,NPL,1997,60.8
Nepal,NPL,1998,61.5
Nepal,NPL,1999,62.1
Nepal,NPL,2000,62.6
Nepal,NPL,2001,63.3
Nepal,NPL,2002,63.3
Nepal,NPL,2003,64.2
Nepal,NPL,2004,64.8
Nepal,NPL,2005,65.5
Nepal,NPL,2006,65.9
Nepal,NPL,2007,66.3
Nepal,NPL,2008,66.4
Nepal,NPL,2009,66.8
Nepal,NPL,2010,66.8
Nepal,NPL,2011,67.3
Nepal,NPL,2012,67.5
Nepal,NPL,2013,68
Nepal,NPL,2014,68.1
Nepal,NPL,2015,67.5
Nepal,NPL,2016,68.8
Nepal,NPL,2017,68.9
Nepal,NPL,2018,69
Nepal,NPL,2019,69.6
Nepal,NPL,2020,69.2
Nepal,NPL,2021,68.4
North Korea,PRK,1908,23.51
North Korea,PRK,1913,24.98
North Korea,PRK,1918,26.98
North Korea,PRK,1923,29.53
North Korea,PRK,1928,33.61
North Korea,PRK,1933,37.39
North Korea,PRK,1938,42.57
North Korea,PRK,1942,44.89
North Korea,PRK,1950,13.8
North Korea,PRK,1951,17.7
North Korea,PRK,1952,32.7
North Korea,PRK,1953,39.5
North Korea,PRK,1954,49.1
North Korea,PRK,1955,50.3
North Korea,PRK,1956,51.4
North Korea,PRK,1957,52.3
North Korea,PRK,1958,53
North Korea,PRK,1959,53.5
North Korea,PRK,1960,54
North Korea,PRK,1961,54.5
North Korea,PRK,1962,55
North Korea,PRK,1963,55.6
North Korea,PRK,1964,56.2
North Korea,PRK,1965,56.8
North Korea,PRK,1966,57.6
North Korea,PRK,1967,58.4
North Korea,PRK,1968,59.2
North Korea,PRK,1969,59.9
North Korea,PRK,1970,60.6
North Korea,PRK,1971,61.2
North Korea,PRK,1972,61.8
North Korea,PRK,1973,62.4
North Korea,PRK,1974,63
North Korea,PRK,1975,63.5
North Korea,PRK,1976,64.1
North Korea,PRK,1977,64.7
North Korea,PRK,1978,65.2
North Korea,PRK,1979,65.7
North Korea,PRK,1980,66.2
North Korea,PRK,1981,66.7
North Korea,PRK,1982,67.2
North Korea,PRK,1983,67.7
North Korea,PRK,1984,68.2
North Korea,PRK,1985,68.7
North Korea,PRK,1986,69.1
North Korea,PRK,1987,69.4
North Korea,PRK,1988,69.8
North Korea,PRK,1989,70
North Korea,PRK,1990,70.2
North Korea,PRK,1991,70.3
North Korea,PRK,1992,70.8
North Korea,PRK,1993,71.9
North Korea,PRK,1994,70.7
North Korea,PRK,1995,60.9
North Korea,PRK,1996,61
North Korea,PRK,1997,61
North Korea,PRK,1998,60.9
North Korea,PRK,1999,60.8
North Korea,PRK,2000,60.8
North Korea,PRK,2001,60.7
North Korea,PRK,2002,60.8
North Korea,PRK,2003,69.5
North Korea,PRK,2004,69.4
North Korea,PRK,2005,69.3
North Korea,PRK,2006,69.1
North Korea,PRK,2007,68.9
North Korea,PRK,2008,69
North Korea,PRK,2009,69.7
North Korea,PRK,2010,70.4
North Korea,PRK,2011,71
North Korea,PRK,2012,71.6
North Korea,PRK,2013,72.3
North Korea,PRK,2014,72.9
North Korea,PRK,2015,72.8
North Korea,PRK,2016,72.8
North Korea,PRK,2017,73
North Korea,PRK,2018,73
North Korea,PRK,2019,73.2
North Korea,PRK,2020,73.3
North Korea,PRK,2021,73.3
Oman,OMN,1950,29.7
Oman,OMN,1951,30
Oman,OMN,1952,30.5
Oman,OMN,1953,31
Oman,OMN,1954,31.4
Oman,OMN,1955,31.9
Oman,OMN,1956,32.4
Oman,OMN,1957,32.9
Oman,OMN,1958,33.5
Oman,OMN,1959,34.1
Oman,OMN,1960,35.5
Oman,OMN,1961,36.8
Oman,OMN,1962,38.2
Oman,OMN,1963,39.4
Oman,OMN,1964,40.7
Oman,OMN,1965,41.9
Oman,OMN,1966,43.1
Oman,OMN,1967,44.3
Oman,OMN,1968,45.5
Oman,OMN,1969,46.7
Oman,OMN,1970,47.7
Oman,OMN,1971,48.9
Oman,OMN,1972,49.6
Oman,OMN,1973,50.9
Oman,OMN,1974,52.1
Oman,OMN,1975,53.3
Oman,OMN,1976,55.2
Oman,OMN,1977,56.3
Oman,OMN,1978,57.7
Oman,OMN,1979,59.2
Oman,OMN,1980,60.4
Oman,OMN,1981,61.6
Oman,OMN,1982,63
Oman,OMN,1983,64.2
Oman,OMN,1984,65.3
Oman,OMN,1985,66.3
Oman,OMN,1986,67
Oman,OMN,1987,67.9
Oman,OMN,1988,68.6
Oman,OMN,1989,69.2
Oman,OMN,1990,69.8
Oman,OMN,1991,70.2
Oman,OMN,1992,70.7
Oman,OMN,1993,71.2
Oman,OMN,1994,71.4
Oman,OMN,1995,72
Oman,OMN,1996,72.2
Oman,OMN,1997,72.4
Oman,OMN,1998,73
Oman,OMN,1999,73.2
Oman,OMN,2000,73.5
Oman,OMN,2001,73.8
Oman,OMN,2002,73.9
Oman,OMN,2003,74.1
Oman,OMN,2004,74.3
Oman,OMN,2005,74.4
Oman,OMN,2006,74.5
Oman,OMN,2007,74.5
Oman,OMN,2008,74.6
Oman,OMN,2009,74.7
Oman,OMN,2010,76.3
Oman,OMN,2011,76.6
Oman,OMN,2012,77.1
Oman,OMN,2013,77.2
Oman,OMN,2014,77.4
Oman,OMN,2015,77.7
Oman,OMN,2016,77.9
Oman,OMN,2017,77.9
Oman,OMN,2018,78
Oman,OMN,2019,78
Oman,OMN,2020,74.8
Oman,OMN,2021,72.5
Philippines,PHL,1938,40
Philippines,PHL,1950,53.4
Philippines,PHL,1951,53.6
Philippines,PHL,1952,54.3
Philippines,PHL,1953,55
Philippines,PHL,1954,55.7
Philippines,PHL,1955,56.4
Philippines,PHL,1956,57.1
Philippines,PHL,1957,57.7
Philippines,PHL,1958,58.3
Philippines,PHL,1959,58.8
Philippines,PHL,1960,59.2
Philippines,PHL,1961,59.6
Philippines,PHL,1962,60
Philippines,PHL,1963,60.4
Philippines,PHL,1964,60.5
Philippines,PHL,1965,60.9
Philippines,PHL,1966,61.2
Philippines,PHL,1967,61.4
Philippines,PHL,1968,61.7
Philippines,PHL,1969,61.8
Philippines,PHL,1970,61.7
Philippines,PHL,1971,62
Philippines,PHL,1972,61.8
Philippines,PHL,1973,61.6
Philippines,PHL,1974,61.7
Philippines,PHL,1975,61.7
Philippines,PHL,1976,61.6
Philippines,PHL,1977,62.1
Philippines,PHL,1978,62.2
Philippines,PHL,1979,62.3
Philippines,PHL,1980,62.5
Philippines,PHL,1981,62.6
Philippines,PHL,1982,62.8
Philippines,PHL,1983,63
Philippines,PHL,1984,63.1
Philippines,PHL,1985,63.5
Philippines,PHL,1986,63.7
Philippines,PHL,1987,64.3
Philippines,PHL,1988,64.9
Philippines,PHL,1989,65.5
Philippines,PHL,1990,65.9
Philippines,PHL,1991,66.3
Philippines,PHL,1992,67.1
Philippines,PHL,1993,67.5
Philippines,PHL,1994,67.9
Philippines,PHL,1995,68.2
Philippines,PHL,1996,68.6
Philippines,PHL,1997,68.9
Philippines,PHL,1998,69.1
Philippines,PHL,1999,69.3
Philippines,PHL,2000,69.4
Philippines,PHL,2001,69.6
Philippines,PHL,2002,69.8
Philippines,PHL,2003,69.9
Philippines,PHL,2004,70
Philippines,PHL,2005,70.2
Philippines,PHL,2006,70.3
Philippines,PHL,2007,70.5
Philippines,PHL,2008,70.6
Philippines,PHL,2009,70.6
Philippines,PHL,2010,70.8
Philippines,PHL,2011,70.8
Philippines,PHL,2012,70.9
Philippines,PHL,2013,70.8
Philippines,PHL,2014,71.2
Philippines,PHL,2015,71.3
Philippines,PHL,2016,71.4
Philippines,PHL,2017,71.5
Philippines,PHL,2018,71.7
Philippines,PHL,2019,71.9
Philippines,PHL,2020,72.1
Philippines,PHL,2021,69.3
Singapore,SGP,1950,50.7
Singapore,SGP,1951,52.1
Singapore,SGP,1952,53.6
Singapore,SGP,1953,55.2
Singapore,SGP,1954,57.2
Singapore,SGP,1955,59.3
Singapore,SGP,1956,60.7
Singapore,SGP,1957,61.8
Singapore,SGP,1958,62.6
Singapore,SGP,1959,63.9
Singapore,SGP,1960,64.8
Singapore,SGP,1961,65.6
Singapore,SGP,1962,66.4
Singapore,SGP,1963,66.8
Singapore,SGP,1964,67.1
Singapore,SGP,1965,67.5
Singapore,SGP,1966,67.8
Singapore,SGP,1967,68.1
Singapore,SGP,1968,68.2
Singapore,SGP,1969,68.6
Singapore,SGP,1970,68.8
Singapore,SGP,1971,69
Singapore,SGP,1972,69.2
Singapore,SGP,1973,69.6
Singapore,SGP,1974,70.1
Singapore,SGP,1975,70.7
Singapore,SGP,1976,71
Singapore,SGP,1977,71.3
Singapore,SGP,1978,71.5
Singapore,SGP,1979,71.6
Singapore,SGP,1980,71.7
Singapore,SGP,1981,72
Singapore,SGP,1982,72.3
Singapore,SGP,1983,72.7
Singapore,SGP,1984,73.1
Singapore,SGP,1985,73.7
Singapore,SGP,1986,74.2
Singapore,SGP,1987,74.7
Singapore,SGP,1988,74.6
Singapore,SGP,1989,74.8
Singapore,SGP,1990,74.9
Singapore,SGP,1991,75.3
Singapore,SGP,1992,75.6
Singapore,SGP,1993,75.8
Singapore,SGP,1994,75.9
Singapore,SGP,1995,76
Singapore,SGP,1996,76.5
Singapore,SGP,1997,77.2
Singapore,SGP,1998,78
Singapore,SGP,1999,78.5
Singapore,SGP,2000,79.1
Singapore,SGP,2001,79.2
Singapore,SGP,2002,79.3
Singapore,SGP,2003,79.4
Singapore,SGP,2004,79.8
Singapore,SGP,2005,80.4
Singapore,SGP,2006,80.7
Singapore,SGP,2007,81
Singapore,SGP,2008,81.2
Singapore,SGP,2009,81.5
Singapore,SGP,2010,81.7
Singapore,SGP,2011,82
Singapore,SGP,2012,82.2
Singapore,SGP,2013,82.5
Singapore,SGP,2014,82.7
Singapore,SGP,2015,82.8
Singapore,SGP,2016,83
Singapore,SGP,2017,83.2
Singapore,SGP,2018,83.5
Singapore,SGP,2019,83.8
Singapore,SGP,2020,82.9
Singapore,SGP,2021,82.8
South Korea,KOR,1908,23.51
South Korea,KOR,1913,24.98
South Korea,KOR,1918,26.98
South Korea,KOR,1923,29.53
South Korea,KOR,1928,33.61
South Korea,KOR,1933,37.39
South Korea,KOR,1938,42.57
South Korea,KOR,1942,44.89
South Korea,KOR,1950,21.3
South Korea,KOR,1951,26.5
South Korea,KOR,1952,36.9
South Korea,KOR,1953,41.7
South Korea,KOR,1954,46.9
South Korea,KOR,1955,49.1
South Korea,KOR,1956,50.8
South Korea,KOR,1957,52
South Korea,KOR,1958,52.7
South Korea,KOR,1959,53.6
South Korea,KOR,1960,54.3
South Korea,KOR,1961,54.9
South Korea,KOR,1962,55.5
South Korea,KOR,1963,56
South Korea,KOR,1964,57.1
South Korea,KOR,1965,58.2
South Korea,KOR,1966,59.5
South Korea,KOR,1967,61.3
South Korea,KOR,1968,61.5
South Korea,KOR,1969,62
South Korea,KOR,1970,62.3
South Korea,KOR,1971,62.9
South Korea,KOR,1972,63.3
South Korea,KOR,1973,63.8
South Korea,KOR,1974,64.3
South Korea,KOR,1975,64.6
South Korea,KOR,1976,65
South Korea,KOR,1977,64.5
South Korea,KOR,1978,65.1
South Korea,KOR,1979,66.3
South Korea,KOR,1980,65.4
South Korea,KOR,1981,67.9
South Korea,KOR,1982,67.6
South Korea,KOR,1983,67.1
South Korea,KOR,1984,68.6
South Korea,KOR,1985,68.7
South Korea,KOR,1986,69.3
South Korea,KOR,1987,69.5
South Korea,KOR,1988,70.3
South Korea,KOR,1989,70.8
South Korea,KOR,1990,71.9
South Korea,KOR,1991,72.4
South Korea,KOR,1992,73
South Korea,KOR,1993,73.3
South Korea,KOR,1994,73.6
South Korea,KOR,1995,73.9
South Korea,KOR,1996,74.3
South Korea,KOR,1997,75
South Korea,KOR,1998,75.5
South Korea,KOR,1999,76
South Korea,KOR,2000,76.5
South Korea,KOR,2001,77.3
South Korea,KOR,2002,77.5
South Korea,KOR,2003,77.5
South Korea,KOR,2004,78
South Korea,KOR,2005,78.5
South Korea,KOR,2006,79.1
South Korea,KOR,2007,79.5
South Korea,KOR,2008,80
South Korea,KOR,2009,80.6
South Korea,KOR,2010,80.8
South Korea,KOR,2011,81.2
South Korea,KOR,2012,81.3
South Korea,KOR,2013,81.9
South Korea,KOR,2014,82.4
South Korea,KOR,2015,82.6
South Korea,KOR,2016,82.9
South Korea,KOR,2017,83.3
South Korea,KOR,2018,83.3
South Korea,KOR,2019,83.7
South Korea,KOR,2020,83.6
South Korea,KOR,2021,83.7
Sri Lanka,LKA,1901,32.6
Sri Lanka,LKA,1911,29.9
Sri Lanka,LKA,1921,32
Sri Lanka,LKA,1935,46.3
Sri Lanka,LKA,1940,45.2
Sri Lanka,LKA,1946,45.8
Sri Lanka,LKA,1948,54
Sri Lanka,LKA,1949,55.5
Sri Lanka,LKA,1950,54.8
Sri Lanka,LKA,1951,55.2
Sri Lanka,LKA,1952,55.7
Sri Lanka,LKA,1953,56.1
Sri Lanka,LKA,1954,56.6
Sri Lanka,LKA,1955,56.9
Sri Lanka,LKA,1956,57.4
Sri Lanka,LKA,1957,57.9
Sri Lanka,LKA,1958,58.7
Sri Lanka,LKA,1959,59.7
Sri Lanka,LKA,1960,60.7
Sri Lanka,LKA,1961,61.3
Sri Lanka,LKA,1962,61.7
Sri Lanka,LKA,1963,62
Sri Lanka,LKA,1964,62.2
Sri Lanka,LKA,1965,62.6
Sri Lanka,LKA,1966,63.1
Sri Lanka,LKA,1967,63.5
Sri Lanka,LKA,1968,63.8
Sri Lanka,LKA,1969,64
Sri Lanka,LKA,1970,65.3
Sri Lanka,LKA,1971,65.9
Sri Lanka,LKA,1972,65.8
Sri Lanka,LKA,1973,65.9
Sri Lanka,LKA,1974,66
Sri Lanka,LKA,1975,66.2
Sri Lanka,LKA,1976,66.5
Sri Lanka,LKA,1977,66.6
Sri Lanka,LKA,1978,67.6
Sri Lanka,LKA,1979,68.1
Sri Lanka,LKA,1980,68.7
Sri Lanka,LKA,1981,69.2
Sri Lanka,LKA,1982,69.7
Sri Lanka,LKA,1983,70.1
Sri Lanka,LKA,1984,70.6
Sri Lanka,LKA,1985,71
Sri Lanka,LKA,1986,71.4
Sri Lanka,LKA,1987,71.5
Sri Lanka,LKA,1988,71.5
Sri Lanka,LKA,1989,69.8
Sri Lanka,LKA,1990,71.9
Sri Lanka,LKA,1991,71.8
Sri Lanka,LKA,1992,72.5
Sri Lanka,LKA,1993,73.1
Sri Lanka,LKA,1994,72.9
Sri Lanka,LKA,1995,72.3
Sri Lanka,LKA,1996,72.3
Sri Lanka,LKA,1997,72.1
Sri Lanka,LKA,1998,72.1
Sri Lanka,LKA,1999,72.6
Sri Lanka,LKA,2000,70.4
Sri Lanka,LKA,2001,70.8
Sri Lanka,LKA,2002,71.1
Sri Lanka,LKA,2003,71.4
Sri Lanka,LKA,2004,67.1
Sri Lanka,LKA,2005,72.1
Sri Lanka,LKA,2006,72
Sri Lanka,LKA,2007,72
Sri Lanka,LKA,2008,71.7
Sri Lanka,LKA,2009,69.2
Sri Lanka,LKA,2010,73.2
Sri Lanka,LKA,2011,73.4
Sri Lanka,LKA,2012,73.9
Sri Lanka,LKA,2013,74.2
Sri Lanka,LKA,2014,74.7
Sri Lanka,LKA,2015,74.9
Sri Lanka,LKA,2016,75.3
Sri Lanka,LKA,2017,75.4
Sri Lanka,LKA,2018,75.7
Sri Lanka,LKA,2019,76
Sri Lanka,LKA,2020,76.4
Sri Lanka,LKA,2021,76.4
Taiwan,TWN,1950,55.7
Taiwan,TWN,1951,56.4
Taiwan,TWN,1952,57.2
Taiwan,TWN,1953,57.9
Taiwan,TWN,1954,58.4
Taiwan,TWN,1955,59.4
Taiwan,TWN,1956,60
Taiwan,TWN,1957,60.6
Taiwan,TWN,1958,61.3
Taiwan,TWN,1959,62.1
Taiwan,TWN,1960,62.5
Taiwan,TWN,1961,63
Taiwan,TWN,1962,63.7
Taiwan,TWN,1963,64.5
Taiwan,TWN,1964,65.3
Taiwan,TWN,1965,66.1
Taiwan,TWN,1966,66.3
Taiwan,TWN,1967,66.6
Taiwan,TWN,1968,66.9
Taiwan,TWN,1969,68
Taiwan,TWN,1970,69.2
Taiwan,TWN,1971,69.4
Taiwan,TWN,1972,69.8
Taiwan,TWN,1973,69.9
Taiwan,TWN,1974,70.4
Taiwan,TWN,1975,71
Taiwan,TWN,1976,71.3
Taiwan,TWN,1977,71.4
Taiwan,TWN,1978,71.9
Taiwan,TWN,1979,71.8
Taiwan,TWN,1980,72
Taiwan,TWN,1981,72.1
Taiwan,TWN,1982,72.5
Taiwan,TWN,1983,72.5
Taiwan,TWN,1984,73.1
Taiwan,TWN,1985,73.4
Taiwan,TWN,1986,73.4
Taiwan,TWN,1987,73.7
Taiwan,TWN,1988,73.5
Taiwan,TWN,1989,73.7
Taiwan,TWN,1990,74
Taiwan,TWN,1991,74.3
Taiwan,TWN,1992,74.4
Taiwan,TWN,1993,74.7
Taiwan,TWN,1994,74.8
Taiwan,TWN,1995,74.6
Taiwan,TWN,1996,74.9
Taiwan,TWN,1997,75.3
Taiwan,TWN,1998,75.5
Taiwan,TWN,1999,75.7
Taiwan,TWN,2000,76.2
Taiwan,TWN,2001,76.5
Taiwan,TWN,2002,76.9
Taiwan,TWN,2003,77.1
Taiwan,TWN,2004,77.2
Taiwan,TWN,2005,77.2
Taiwan,TWN,2006,77.9
Taiwan,TWN,2007,78.1
Taiwan,TWN,2008,78.3
Taiwan,TWN,2009,78.8
Taiwan,TWN,2010,79.2
Taiwan,TWN,2011,79
Taiwan,TWN,2012,79.3
Taiwan,TWN,2013,79.7
Taiwan,TWN,2014,79.6
Taiwan,TWN,2015,79.9
Taiwan,TWN,2016,79.8
Taiwan,TWN,2017,80.1
Taiwan,TWN,2018,80.5
Taiwan,TWN,2019,80.7
Taiwan,TWN,2020,80.9
Taiwan,TWN,2021,81
Thailand,THA,1937,40.3
Thailand,THA,1941,38.3
Thailand,THA,1947,41.8
Thailand,THA,1948,49.9
Thailand,THA,1950,43.2
Thailand,THA,1951,44
Thailand,THA,1952,44.8
Thailand,THA,1953,45.4
Thailand,THA,1954,46.3
Thailand,THA,1955,47.1
Thailand,THA,1956,47.8
Thailand,THA,1957,48.5
Thailand,THA,1958,49
Thailand,THA,1959,49.7
Thailand,THA,1960,51
Thailand,THA,1961,52.4
Thailand,THA,1962,52.8
Thailand,THA,1963,53.2
Thailand,THA,1964,54
Thailand,THA,1965,54.7
Thailand,THA,1966,55.3
Thailand,THA,1967,55.8
Thailand,THA,1968,56.2
Thailand,THA,1969,56.9
Thailand,THA,1970,57.7
Thailand,THA,1971,58.5
Thailand,THA,1972,59.1
Thailand,THA,1973,59.8
Thailand,THA,1974,60.6
Thailand,THA,1975,61.3
Thailand,THA,1976,62
Thailand,THA,1977,62.4
Thailand,THA,1978,62.7
Thailand,THA,1979,63.2
Thailand,THA,1980,64
Thailand,THA,1981,64.6
Thailand,THA,1982,65.2
Thailand,THA,1983,65.8
Thailand,THA,1984,66.7
Thailand,THA,1985,67.6
Thailand,THA,1986,68.4
Thailand,THA,1987,69.4
Thailand,THA,1988,69.7
Thailand,THA,1989,70.1
Thailand,THA,1990,70.4
Thailand,THA,1991,70.7
Thailand,THA,1992,70.9
Thailand,THA,1993,71.1
Thailand,THA,1994,71.2
Thailand,THA,1995,70.9
Thailand,THA,1996,71.7
Thailand,THA,1997,72.5
Thailand,THA,1998,72.9
Thailand,THA,1999,72.5
Thailand,THA,2000,72.3
Thailand,THA,2001,72.6
Thailand,THA,2002,72.9
Thailand,THA,2003,73.2
Thailand,THA,2004,73.1
Thailand,THA,2005,73.8
Thailand,THA,2006,74.9
Thailand,THA,2007,75.2
Thailand,THA,2008,75.5
Thailand,THA,2009,75.8
Thailand,THA,2010,76.1
Thailand,THA,2011,76.4
Thailand,THA,2012,76.8
Thailand,THA,2013,77.1
Thailand,THA,2014,77.4
Thailand,THA,2015,77.7
Thailand,THA,2016,78
Thailand,THA,2017,78.4
Thailand,THA,2018,78.7
Thailand,THA,2019,79
Thailand,THA,2020,79.3
Thailand,THA,2021,78.7
Vietnam,VNM,1950,49.2
Vietnam,VNM,1951,49.8
Vietnam,VNM,1952,50.5
Vietnam,VNM,1953,51.1
Vietnam,VNM,1954,53.3
Vietnam,VNM,1955,56.3
Vietnam,VNM,1956,57.1
Vietnam,VNM,1957,57.6
Vietnam,VNM,1958,58.4
Vietnam,VNM,1959,59
Vietnam,VNM,1960,59.7
Vietnam,VNM,1961,60.3
Vietnam,VNM,1962,60.1
Vietnam,VNM,1963,58.7
Vietnam,VNM,1964,59.3
Vietnam,VNM,1965,58.7
Vietnam,VNM,1966,58.5
Vietnam,VNM,1967,58.2
Vietnam,VNM,1968,54.1
Vietnam,VNM,1969,56.2
Vietnam,VNM,1970,56.2
Vietnam,VNM,1971,56.7
Vietnam,VNM,1972,53.1
Vietnam,VNM,1973,56.8
Vietnam,VNM,1974,55.8
Vietnam,VNM,1975,62.9
Vietnam,VNM,1976,64.8
Vietnam,VNM,1977,65
Vietnam,VNM,1978,65.5
Vietnam,VNM,1979,66
Vietnam,VNM,1980,66.2
Vietnam,VNM,1981,66.6
Vietnam,VNM,1982,67.1
Vietnam,VNM,1983,67.1
Vietnam,VNM,1984,67.3
Vietnam,VNM,1985,67.6
Vietnam,VNM,1986,68
Vietnam,VNM,1987,68.4
Vietnam,VNM,1988,68.5
Vietnam,VNM,1989,69.1
Vietnam,VNM,1990,69.2
Vietnam,VNM,1991,69.8
Vietnam,VNM,1992,70
Vietnam,VNM,1993,70.6
Vietnam,VNM,1994,70.8
Vietnam,VNM,1995,71.4
Vietnam,VNM,1996,71.5
Vietnam,VNM,1997,71.8
Vietnam,VNM,1998,72.1
Vietnam,VNM,1999,72.3
Vietnam,VNM,2000,72.5
Vietnam,VNM,2001,72.6
Vietnam,VNM,2002,72.8
Vietnam,VNM,2003,73
Vietnam,VNM,2004,73.1
Vietnam,VNM,2005,73.3
Vietnam,VNM,2006,73.3
Vietnam,VNM,2007,73.4
Vietnam,VNM,2008,73.4
Vietnam,VNM,2009,73.5
Vietnam,VNM,2010,73.5
Vietnam,VNM,2011,73.7
Vietnam,VNM,2012,73.7
Vietnam,VNM,2013,73.8
Vietnam,VNM,2014,73.9
Vietnam,VNM,2015,73.9
Vietnam,VNM,2016,73.9
Vietnam,VNM,2017,74
Vietnam,VNM,2018,74
Vietnam,VNM,2019,74.1
Vietnam,VNM,2020,75.4
Vietnam,VNM,2021,73.6
