Entity,Code,Year,4_1_PopGrowthRate
Bahrain,BHR,1950,2.69
Bahrain,BHR,1951,2.7
Bahrain,BHR,1952,2.76
Bahrain,BHR,1953,2.82
Bahrain,BHR,1954,2.92
Bahrain,BHR,1955,3.05
Bahrain,BHR,1956,3.23
Bahrain,BHR,1957,3.44
Bahrain,BHR,1958,3.62
Bahrain,BHR,1959,3.76
Bahrain,BHR,1960,3.86
Bahrain,BHR,1961,3.81
Bahrain,BHR,1962,3.7
Bahrain,BHR,1963,3.69
Bahrain,BHR,1964,3.62
Bahrain,BHR,1965,3.16
Bahrain,BHR,1966,2.97
Bahrain,BHR,1967,2.87
Bahrain,BHR,1968,2.79
Bahrain,BHR,1969,2.72
Bahrain,BHR,1970,2.61
Bahrain,BHR,1971,4.79
Bahrain,BHR,1972,5.45
Bahrain,BHR,1973,5.35
Bahrain,BHR,1974,5.27
Bahrain,BHR,1975,5.16
Bahrain,BHR,1976,5.04
Bahrain,BHR,1977,4.9
Bahrain,BHR,1978,4.74
Bahrain,BHR,1979,4.58
Bahrain,BHR,1980,4.39
Bahrain,BHR,1981,3.64
Bahrain,BHR,1982,3.44
Bahrain,BHR,1983,3.48
Bahrain,BHR,1984,3.53
Bahrain,BHR,1985,3.57
Bahrain,BHR,1986,3.58
Bahrain,BHR,1987,3.56
Bahrain,BHR,1988,3.5
Bahrain,BHR,1989,3.42
Bahrain,BHR,1990,3.3
Bahrain,BHR,1991,3.54
Bahrain,BHR,1992,3.46
Bahrain,BHR,1993,3.38
Bahrain,BHR,1994,3.3
Bahrain,BHR,1995,3.22
Bahrain,BHR,1996,3.14
Bahrain,BHR,1997,3.05
Bahrain,BHR,1998,2.94
Bahrain,BHR,1999,2.82
Bahrain,BHR,2000,2.69
Bahrain,BHR,2001,2.54
Bahrain,BHR,2002,2.35
Bahrain,BHR,2003,5.43
Bahrain,BHR,2004,8.18
Bahrain,BHR,2005,7.63
Bahrain,BHR,2006,7.14
Bahrain,BHR,2007,6.71
Bahrain,BHR,2008,6.29
Bahrain,BHR,2009,5.8
Bahrain,BHR,2010,0
Bahrain,BHR,2011,-0.26
Bahrain,BHR,2012,2.36
Bahrain,BHR,2013,3.54
Bahrain,BHR,2014,4.14
Bahrain,BHR,2015,3.5
Bahrain,BHR,2016,3.36
Bahrain,BHR,2017,3.23
Bahrain,BHR,2018,0.94
Bahrain,BHR,2019,-0.02
Bahrain,BHR,2020,-2.24
Bahrain,BHR,2021,0.32
Bahrain,BHR,2022,
Bahrain,BHR,2023,
Bahrain,BHR,2024,
Bahrain,BHR,2025,
Bahrain,BHR,2026,
Bahrain,BHR,2027,
Bahrain,BHR,2028,
Bahrain,BHR,2029,
Bahrain,BHR,2030,
Bahrain,BHR,2031,
Bahrain,BHR,2032,
Bahrain,BHR,2033,
Bahrain,BHR,2034,
Bahrain,BHR,2035,
Bahrain,BHR,2036,
Bahrain,BHR,2037,
Bahrain,BHR,2038,
Bahrain,BHR,2039,
Bahrain,BHR,2040,
Bahrain,BHR,2041,
Bahrain,BHR,2042,
Bahrain,BHR,2043,
Bahrain,BHR,2044,
Bahrain,BHR,2045,
Bahrain,BHR,2046,
Bahrain,BHR,2047,
Bahrain,BHR,2048,
Bahrain,BHR,2049,
Bahrain,BHR,2050,
Bahrain,BHR,2051,
Bahrain,BHR,2052,
Bahrain,BHR,2053,
Bahrain,BHR,2054,
Bahrain,BHR,2055,
Bahrain,BHR,2056,
Bahrain,BHR,2057,
Bahrain,BHR,2058,
Bahrain,BHR,2059,
Bahrain,BHR,2060,
Bahrain,BHR,2061,
Bahrain,BHR,2062,
Bahrain,BHR,2063,
Bahrain,BHR,2064,
Bahrain,BHR,2065,
Bahrain,BHR,2066,
Bahrain,BHR,2067,
Bahrain,BHR,2068,
Bahrain,BHR,2069,
Bahrain,BHR,2070,
Bahrain,BHR,2071,
Bahrain,BHR,2072,
Bahrain,BHR,2073,
Bahrain,BHR,2074,
Bahrain,BHR,2075,
Bahrain,BHR,2076,
Bahrain,BHR,2077,
Bahrain,BHR,2078,
Bahrain,BHR,2079,
Bahrain,BHR,2080,
Bahrain,BHR,2081,
Bahrain,BHR,2082,
Bahrain,BHR,2083,
Bahrain,BHR,2084,
Bahrain,BHR,2085,
Bahrain,BHR,2086,
Bahrain,BHR,2087,
Bahrain,BHR,2088,
Bahrain,BHR,2089,
Bahrain,BHR,2090,
Bahrain,BHR,2091,
Bahrain,BHR,2092,
Bahrain,BHR,2093,
Bahrain,BHR,2094,
Bahrain,BHR,2095,
Bahrain,BHR,2096,
Bahrain,BHR,2097,
Bahrain,BHR,2098,
Bahrain,BHR,2099,
Bahrain,BHR,2100,
Bangladesh,BGD,1950,1.98
Bangladesh,BGD,1951,2.11
Bangladesh,BGD,1952,2.18
Bangladesh,BGD,1953,2.14
Bangladesh,BGD,1954,2.32
Bangladesh,BGD,1955,2.4
Bangladesh,BGD,1956,2.46
Bangladesh,BGD,1957,2.55
Bangladesh,BGD,1958,2.47
Bangladesh,BGD,1959,2.75
Bangladesh,BGD,1960,2.85
Bangladesh,BGD,1961,2.96
Bangladesh,BGD,1962,3.03
Bangladesh,BGD,1963,2.98
Bangladesh,BGD,1964,3.02
Bangladesh,BGD,1965,2.96
Bangladesh,BGD,1966,2.98
Bangladesh,BGD,1967,3.03
Bangladesh,BGD,1968,2.97
Bangladesh,BGD,1969,2.8
Bangladesh,BGD,1970,2.23
Bangladesh,BGD,1971,0.24
Bangladesh,BGD,1972,2.57
Bangladesh,BGD,1973,2.55
Bangladesh,BGD,1974,2.45
Bangladesh,BGD,1975,2.3
Bangladesh,BGD,1976,2.15
Bangladesh,BGD,1977,2.4
Bangladesh,BGD,1978,2.34
Bangladesh,BGD,1979,2.36
Bangladesh,BGD,1980,2.51
Bangladesh,BGD,1981,2.72
Bangladesh,BGD,1982,2.78
Bangladesh,BGD,1983,2.77
Bangladesh,BGD,1984,2.63
Bangladesh,BGD,1985,2.49
Bangladesh,BGD,1986,2.27
Bangladesh,BGD,1987,2.19
Bangladesh,BGD,1988,2.14
Bangladesh,BGD,1989,2.11
Bangladesh,BGD,1990,2.14
Bangladesh,BGD,1991,1.74
Bangladesh,BGD,1992,1.94
Bangladesh,BGD,1993,1.88
Bangladesh,BGD,1994,1.95
Bangladesh,BGD,1995,1.78
Bangladesh,BGD,1996,1.73
Bangladesh,BGD,1997,1.85
Bangladesh,BGD,1998,1.9
Bangladesh,BGD,1999,1.93
Bangladesh,BGD,2000,1.88
Bangladesh,BGD,2001,1.91
Bangladesh,BGD,2002,1.8
Bangladesh,BGD,2003,1.69
Bangladesh,BGD,2004,1.63
Bangladesh,BGD,2005,1.4
Bangladesh,BGD,2006,1.02
Bangladesh,BGD,2007,1.08
Bangladesh,BGD,2008,0.69
Bangladesh,BGD,2009,1.06
Bangladesh,BGD,2010,1.22
Bangladesh,BGD,2011,1.22
Bangladesh,BGD,2012,1.27
Bangladesh,BGD,2013,1.27
Bangladesh,BGD,2014,1.22
Bangladesh,BGD,2015,1.16
Bangladesh,BGD,2016,1.3
Bangladesh,BGD,2017,1.2
Bangladesh,BGD,2018,1.13
Bangladesh,BGD,2019,1.1
Bangladesh,BGD,2020,1.19
Bangladesh,BGD,2021,1.11
Bangladesh,BGD,2022,
Bangladesh,BGD,2023,
Bangladesh,BGD,2024,
Bangladesh,BGD,2025,
Bangladesh,BGD,2026,
Bangladesh,BGD,2027,
Bangladesh,BGD,2028,
Bangladesh,BGD,2029,
Bangladesh,BGD,2030,
Bangladesh,BGD,2031,
Bangladesh,BGD,2032,
Bangladesh,BGD,2033,
Bangladesh,BGD,2034,
Bangladesh,BGD,2035,
Bangladesh,BGD,2036,
Bangladesh,BGD,2037,
Bangladesh,BGD,2038,
Bangladesh,BGD,2039,
Bangladesh,BGD,2040,
Bangladesh,BGD,2041,
Bangladesh,BGD,2042,
Bangladesh,BGD,2043,
Bangladesh,BGD,2044,
Bangladesh,BGD,2045,
Bangladesh,BGD,2046,
Bangladesh,BGD,2047,
Bangladesh,BGD,2048,
Bangladesh,BGD,2049,
Bangladesh,BGD,2050,
Bangladesh,BGD,2051,
Bangladesh,BGD,2052,
Bangladesh,BGD,2053,
Bangladesh,BGD,2054,
Bangladesh,BGD,2055,
Bangladesh,BGD,2056,
Bangladesh,BGD,2057,
Bangladesh,BGD,2058,
Bangladesh,BGD,2059,
Bangladesh,BGD,2060,
Bangladesh,BGD,2061,
Bangladesh,BGD,2062,
Bangladesh,BGD,2063,
Bangladesh,BGD,2064,
Bangladesh,BGD,2065,
Bangladesh,BGD,2066,
Bangladesh,BGD,2067,
Bangladesh,BGD,2068,
Bangladesh,BGD,2069,
Bangladesh,BGD,2070,
Bangladesh,BGD,2071,
Bangladesh,BGD,2072,
Bangladesh,BGD,2073,
Bangladesh,BGD,2074,
Bangladesh,BGD,2075,
Bangladesh,BGD,2076,
Bangladesh,BGD,2077,
Bangladesh,BGD,2078,
Bangladesh,BGD,2079,
Bangladesh,BGD,2080,
Bangladesh,BGD,2081,
Bangladesh,BGD,2082,
Bangladesh,BGD,2083,
Bangladesh,BGD,2084,
Bangladesh,BGD,2085,
Bangladesh,BGD,2086,
Bangladesh,BGD,2087,
Bangladesh,BGD,2088,
Bangladesh,BGD,2089,
Bangladesh,BGD,2090,
Bangladesh,BGD,2091,
Bangladesh,BGD,2092,
Bangladesh,BGD,2093,
Bangladesh,BGD,2094,
Bangladesh,BGD,2095,
Bangladesh,BGD,2096,
Bangladesh,BGD,2097,
Bangladesh,BGD,2098,
Bangladesh,BGD,2099,
Bangladesh,BGD,2100,
Bhutan,BTN,1950,1.88
Bhutan,BTN,1951,2.02
Bhutan,BTN,1952,2.07
Bhutan,BTN,1953,2.17
Bhutan,BTN,1954,2.21
Bhutan,BTN,1955,2.3
Bhutan,BTN,1956,2.33
Bhutan,BTN,1957,2.41
Bhutan,BTN,1958,2.44
Bhutan,BTN,1959,2.51
Bhutan,BTN,1960,2.54
Bhutan,BTN,1961,2.63
Bhutan,BTN,1962,2.88
Bhutan,BTN,1963,2.91
Bhutan,BTN,1964,2.98
Bhutan,BTN,1965,3.05
Bhutan,BTN,1966,3.1
Bhutan,BTN,1967,3.16
Bhutan,BTN,1968,3.2
Bhutan,BTN,1969,3.26
Bhutan,BTN,1970,3.27
Bhutan,BTN,1971,3.28
Bhutan,BTN,1972,3.28
Bhutan,BTN,1973,3.3
Bhutan,BTN,1974,3.29
Bhutan,BTN,1975,3.3
Bhutan,BTN,1976,3.31
Bhutan,BTN,1977,3.32
Bhutan,BTN,1978,3.32
Bhutan,BTN,1979,3.26
Bhutan,BTN,1980,3.2
Bhutan,BTN,1981,3.14
Bhutan,BTN,1982,3.09
Bhutan,BTN,1983,3.07
Bhutan,BTN,1984,3.03
Bhutan,BTN,1985,2.99
Bhutan,BTN,1986,2.96
Bhutan,BTN,1987,2.91
Bhutan,BTN,1988,2.85
Bhutan,BTN,1989,2.8
Bhutan,BTN,1990,2.37
Bhutan,BTN,1991,0.94
Bhutan,BTN,1992,-8.95
Bhutan,BTN,1993,-0.26
Bhutan,BTN,1994,0.42
Bhutan,BTN,1995,1.96
Bhutan,BTN,1996,1.78
Bhutan,BTN,1997,1.68
Bhutan,BTN,1998,2.04
Bhutan,BTN,1999,2.86
Bhutan,BTN,2000,2.75
Bhutan,BTN,2001,2.64
Bhutan,BTN,2002,2.54
Bhutan,BTN,2003,2.44
Bhutan,BTN,2004,2.35
Bhutan,BTN,2005,1.72
Bhutan,BTN,2006,1.26
Bhutan,BTN,2007,1.21
Bhutan,BTN,2008,1.16
Bhutan,BTN,2009,1.13
Bhutan,BTN,2010,1.11
Bhutan,BTN,2011,1.1
Bhutan,BTN,2012,1.08
Bhutan,BTN,2013,1.05
Bhutan,BTN,2014,0.99
Bhutan,BTN,2015,0.88
Bhutan,BTN,2016,0.85
Bhutan,BTN,2017,0.84
Bhutan,BTN,2018,0.74
Bhutan,BTN,2019,0.66
Bhutan,BTN,2020,0.65
Bhutan,BTN,2021,0.64
Bhutan,BTN,2022,
Bhutan,BTN,2023,
Bhutan,BTN,2024,
Bhutan,BTN,2025,
Bhutan,BTN,2026,
Bhutan,BTN,2027,
Bhutan,BTN,2028,
Bhutan,BTN,2029,
Bhutan,BTN,2030,
Bhutan,BTN,2031,
Bhutan,BTN,2032,
Bhutan,BTN,2033,
Bhutan,BTN,2034,
Bhutan,BTN,2035,
Bhutan,BTN,2036,
Bhutan,BTN,2037,
Bhutan,BTN,2038,
Bhutan,BTN,2039,
Bhutan,BTN,2040,
Bhutan,BTN,2041,
Bhutan,BTN,2042,
Bhutan,BTN,2043,
Bhutan,BTN,2044,
Bhutan,BTN,2045,
Bhutan,BTN,2046,
Bhutan,BTN,2047,
Bhutan,BTN,2048,
Bhutan,BTN,2049,
Bhutan,BTN,2050,
Bhutan,BTN,2051,
Bhutan,BTN,2052,
Bhutan,BTN,2053,
Bhutan,BTN,2054,
Bhutan,BTN,2055,
Bhutan,BTN,2056,
Bhutan,BTN,2057,
Bhutan,BTN,2058,
Bhutan,BTN,2059,
Bhutan,BTN,2060,
Bhutan,BTN,2061,
Bhutan,BTN,2062,
Bhutan,BTN,2063,
Bhutan,BTN,2064,
Bhutan,BTN,2065,
Bhutan,BTN,2066,
Bhutan,BTN,2067,
Bhutan,BTN,2068,
Bhutan,BTN,2069,
Bhutan,BTN,2070,
Bhutan,BTN,2071,
Bhutan,BTN,2072,
Bhutan,BTN,2073,
Bhutan,BTN,2074,
Bhutan,BTN,2075,
Bhutan,BTN,2076,
Bhutan,BTN,2077,
Bhutan,BTN,2078,
Bhutan,BTN,2079,
Bhutan,BTN,2080,
Bhutan,BTN,2081,
Bhutan,BTN,2082,
Bhutan,BTN,2083,
Bhutan,BTN,2084,
Bhutan,BTN,2085,
Bhutan,BTN,2086,
Bhutan,BTN,2087,
Bhutan,BTN,2088,
Bhutan,BTN,2089,
Bhutan,BTN,2090,
Bhutan,BTN,2091,
Bhutan,BTN,2092,
Bhutan,BTN,2093,
Bhutan,BTN,2094,
Bhutan,BTN,2095,
Bhutan,BTN,2096,
Bhutan,BTN,2097,
Bhutan,BTN,2098,
Bhutan,BTN,2099,
Bhutan,BTN,2100,
Brunei,BRN,1950,5.84
Brunei,BRN,1951,5.54
Brunei,BRN,1952,5.61
Brunei,BRN,1953,5.74
Brunei,BRN,1954,5.85
Brunei,BRN,1955,5.92
Brunei,BRN,1956,5.96
Brunei,BRN,1957,5.91
Brunei,BRN,1958,5.67
Brunei,BRN,1959,5.39
Brunei,BRN,1960,4.96
Brunei,BRN,1961,4.69
Brunei,BRN,1962,4.64
Brunei,BRN,1963,4.61
Brunei,BRN,1964,4.59
Brunei,BRN,1965,4.5
Brunei,BRN,1966,4.42
Brunei,BRN,1967,4.32
Brunei,BRN,1968,4.23
Brunei,BRN,1969,4.14
Brunei,BRN,1970,4.02
Brunei,BRN,1971,3.82
Brunei,BRN,1972,3.58
Brunei,BRN,1973,3.49
Brunei,BRN,1974,3.43
Brunei,BRN,1975,3.37
Brunei,BRN,1976,3.29
Brunei,BRN,1977,3.26
Brunei,BRN,1978,3.22
Brunei,BRN,1979,3.23
Brunei,BRN,1980,3.23
Brunei,BRN,1981,3.24
Brunei,BRN,1982,3.38
Brunei,BRN,1983,3.38
Brunei,BRN,1984,3.4
Brunei,BRN,1985,3.41
Brunei,BRN,1986,3.4
Brunei,BRN,1987,3.36
Brunei,BRN,1988,3.28
Brunei,BRN,1989,3.2
Brunei,BRN,1990,3.09
Brunei,BRN,1991,2.88
Brunei,BRN,1992,2.64
Brunei,BRN,1993,2.55
Brunei,BRN,1994,2.46
Brunei,BRN,1995,2.39
Brunei,BRN,1996,2.31
Brunei,BRN,1997,2.23
Brunei,BRN,1998,2.16
Brunei,BRN,1999,2.1
Brunei,BRN,2000,2.06
Brunei,BRN,2001,1.98
Brunei,BRN,2002,1.92
Brunei,BRN,2003,1.84
Brunei,BRN,2004,1.76
Brunei,BRN,2005,1.69
Brunei,BRN,2006,1.61
Brunei,BRN,2007,1.55
Brunei,BRN,2008,1.5
Brunei,BRN,2009,1.47
Brunei,BRN,2010,1.45
Brunei,BRN,2011,1.28
Brunei,BRN,2012,1.26
Brunei,BRN,2013,1.22
Brunei,BRN,2014,1.17
Brunei,BRN,2015,1.11
Brunei,BRN,2016,1.04
Brunei,BRN,2017,0.96
Brunei,BRN,2018,0.89
Brunei,BRN,2019,0.84
Brunei,BRN,2020,0.83
Brunei,BRN,2021,0.82
Brunei,BRN,2022,
Brunei,BRN,2023,
Brunei,BRN,2024,
Brunei,BRN,2025,
Brunei,BRN,2026,
Brunei,BRN,2027,
Brunei,BRN,2028,
Brunei,BRN,2029,
Brunei,BRN,2030,
Brunei,BRN,2031,
Brunei,BRN,2032,
Brunei,BRN,2033,
Brunei,BRN,2034,
Brunei,BRN,2035,
Brunei,BRN,2036,
Brunei,BRN,2037,
Brunei,BRN,2038,
Brunei,BRN,2039,
Brunei,BRN,2040,
Brunei,BRN,2041,
Brunei,BRN,2042,
Brunei,BRN,2043,
Brunei,BRN,2044,
Brunei,BRN,2045,
Brunei,BRN,2046,
Brunei,BRN,2047,
Brunei,BRN,2048,
Brunei,BRN,2049,
Brunei,BRN,2050,
Brunei,BRN,2051,
Brunei,BRN,2052,
Brunei,BRN,2053,
Brunei,BRN,2054,
Brunei,BRN,2055,
Brunei,BRN,2056,
Brunei,BRN,2057,
Brunei,BRN,2058,
Brunei,BRN,2059,
Brunei,BRN,2060,
Brunei,BRN,2061,
Brunei,BRN,2062,
Brunei,BRN,2063,
Brunei,BRN,2064,
Brunei,BRN,2065,
Brunei,BRN,2066,
Brunei,BRN,2067,
Brunei,BRN,2068,
Brunei,BRN,2069,
Brunei,BRN,2070,
Brunei,BRN,2071,
Brunei,BRN,2072,
Brunei,BRN,2073,
Brunei,BRN,2074,
Brunei,BRN,2075,
Brunei,BRN,2076,
Brunei,BRN,2077,
Brunei,BRN,2078,
Brunei,BRN,2079,
Brunei,BRN,2080,
Brunei,BRN,2081,
Brunei,BRN,2082,
Brunei,BRN,2083,
Brunei,BRN,2084,
Brunei,BRN,2085,
Brunei,BRN,2086,
Brunei,BRN,2087,
Brunei,BRN,2088,
Brunei,BRN,2089,
Brunei,BRN,2090,
Brunei,BRN,2091,
Brunei,BRN,2092,
Brunei,BRN,2093,
Brunei,BRN,2094,
Brunei,BRN,2095,
Brunei,BRN,2096,
Brunei,BRN,2097,
Brunei,BRN,2098,
Brunei,BRN,2099,
Brunei,BRN,2100,
Cambodia,KHM,1950,2.37
Cambodia,KHM,1951,2.37
Cambodia,KHM,1952,2.37
Cambodia,KHM,1953,2.33
Cambodia,KHM,1954,2.39
Cambodia,KHM,1955,2.41
Cambodia,KHM,1956,2.42
Cambodia,KHM,1957,2.43
Cambodia,KHM,1958,2.25
Cambodia,KHM,1959,2.26
Cambodia,KHM,1960,2.21
Cambodia,KHM,1961,2.18
Cambodia,KHM,1962,2.16
Cambodia,KHM,1963,2.1
Cambodia,KHM,1964,2.15
Cambodia,KHM,1965,2.1
Cambodia,KHM,1966,2.02
Cambodia,KHM,1967,1.98
Cambodia,KHM,1968,1.92
Cambodia,KHM,1969,1.9
Cambodia,KHM,1970,-1.04
Cambodia,KHM,1971,0.67
Cambodia,KHM,1972,1.4
Cambodia,KHM,1973,1.13
Cambodia,KHM,1974,0.65
Cambodia,KHM,1975,-6.18
Cambodia,KHM,1976,-6.76
Cambodia,KHM,1977,-1.79
Cambodia,KHM,1978,-0.84
Cambodia,KHM,1979,3.82
Cambodia,KHM,1980,1.02
Cambodia,KHM,1981,4.21
Cambodia,KHM,1982,3.66
Cambodia,KHM,1983,4.1
Cambodia,KHM,1984,3.11
Cambodia,KHM,1985,3.56
Cambodia,KHM,1986,4.02
Cambodia,KHM,1987,4.02
Cambodia,KHM,1988,3.24
Cambodia,KHM,1989,3.9
Cambodia,KHM,1990,3.87
Cambodia,KHM,1991,3.8
Cambodia,KHM,1992,5.82
Cambodia,KHM,1993,4.74
Cambodia,KHM,1994,2.83
Cambodia,KHM,1995,2.43
Cambodia,KHM,1996,2.33
Cambodia,KHM,1997,2.08
Cambodia,KHM,1998,2.04
Cambodia,KHM,1999,1.87
Cambodia,KHM,2000,1.79
Cambodia,KHM,2001,1.79
Cambodia,KHM,2002,1.8
Cambodia,KHM,2003,1.77
Cambodia,KHM,2004,1.78
Cambodia,KHM,2005,1.73
Cambodia,KHM,2006,1.73
Cambodia,KHM,2007,1.76
Cambodia,KHM,2008,1.56
Cambodia,KHM,2009,1.46
Cambodia,KHM,2010,1.46
Cambodia,KHM,2011,1.45
Cambodia,KHM,2012,1.45
Cambodia,KHM,2013,1.41
Cambodia,KHM,2014,1.38
Cambodia,KHM,2015,1.32
Cambodia,KHM,2016,1.35
Cambodia,KHM,2017,1.27
Cambodia,KHM,2018,1.17
Cambodia,KHM,2019,1.09
Cambodia,KHM,2020,1.23
Cambodia,KHM,2021,1.1
Cambodia,KHM,2022,
Cambodia,KHM,2023,
Cambodia,KHM,2024,
Cambodia,KHM,2025,
Cambodia,KHM,2026,
Cambodia,KHM,2027,
Cambodia,KHM,2028,
Cambodia,KHM,2029,
Cambodia,KHM,2030,
Cambodia,KHM,2031,
Cambodia,KHM,2032,
Cambodia,KHM,2033,
Cambodia,KHM,2034,
Cambodia,KHM,2035,
Cambodia,KHM,2036,
Cambodia,KHM,2037,
Cambodia,KHM,2038,
Cambodia,KHM,2039,
Cambodia,KHM,2040,
Cambodia,KHM,2041,
Cambodia,KHM,2042,
Cambodia,KHM,2043,
Cambodia,KHM,2044,
Cambodia,KHM,2045,
Cambodia,KHM,2046,
Cambodia,KHM,2047,
Cambodia,KHM,2048,
Cambodia,KHM,2049,
Cambodia,KHM,2050,
Cambodia,KHM,2051,
Cambodia,KHM,2052,
Cambodia,KHM,2053,
Cambodia,KHM,2054,
Cambodia,KHM,2055,
Cambodia,KHM,2056,
Cambodia,KHM,2057,
Cambodia,KHM,2058,
Cambodia,KHM,2059,
Cambodia,KHM,2060,
Cambodia,KHM,2061,
Cambodia,KHM,2062,
Cambodia,KHM,2063,
Cambodia,KHM,2064,
Cambodia,KHM,2065,
Cambodia,KHM,2066,
Cambodia,KHM,2067,
Cambodia,KHM,2068,
Cambodia,KHM,2069,
Cambodia,KHM,2070,
Cambodia,KHM,2071,
Cambodia,KHM,2072,
Cambodia,KHM,2073,
Cambodia,KHM,2074,
Cambodia,KHM,2075,
Cambodia,KHM,2076,
Cambodia,KHM,2077,
Cambodia,KHM,2078,
Cambodia,KHM,2079,
Cambodia,KHM,2080,
Cambodia,KHM,2081,
Cambodia,KHM,2082,
Cambodia,KHM,2083,
Cambodia,KHM,2084,
Cambodia,KHM,2085,
Cambodia,KHM,2086,
Cambodia,KHM,2087,
Cambodia,KHM,2088,
Cambodia,KHM,2089,
Cambodia,KHM,2090,
Cambodia,KHM,2091,
Cambodia,KHM,2092,
Cambodia,KHM,2093,
Cambodia,KHM,2094,
Cambodia,KHM,2095,
Cambodia,KHM,2096,
Cambodia,KHM,2097,
Cambodia,KHM,2098,
Cambodia,KHM,2099,
Cambodia,KHM,2100,
China,CHN,1950,1.76
China,CHN,1951,1.75
China,CHN,1952,2.3
China,CHN,1953,2.05
China,CHN,1954,2.25
China,CHN,1955,2.24
China,CHN,1956,2.01
China,CHN,1957,2.38
China,CHN,1958,1.95
China,CHN,1959,0.65
China,CHN,1960,-0.04
China,CHN,1961,0.37
China,CHN,1962,2.45
China,CHN,1963,3.26
China,CHN,1964,2.71
China,CHN,1965,2.68
China,CHN,1966,2.53
China,CHN,1967,2.28
China,CHN,1968,2.74
China,CHN,1969,2.58
China,CHN,1970,2.61
China,CHN,1971,2.37
China,CHN,1972,2.21
China,CHN,1973,2.1
China,CHN,1974,1.88
China,CHN,1975,1.6
China,CHN,1976,1.5
China,CHN,1977,1.33
China,CHN,1978,1.32
China,CHN,1979,1.42
China,CHN,1980,1.47
China,CHN,1981,1.54
China,CHN,1982,1.69
China,CHN,1983,1.4
China,CHN,1984,1.48
China,CHN,1985,1.57
China,CHN,1986,1.71
China,CHN,1987,1.8
China,CHN,1988,1.64
China,CHN,1989,1.65
China,CHN,1990,1.72
China,CHN,1991,1.19
China,CHN,1992,1.05
China,CHN,1993,0.98
China,CHN,1994,0.93
China,CHN,1995,0.86
China,CHN,1996,0.8
China,CHN,1997,0.75
China,CHN,1998,0.71
China,CHN,1999,0.66
China,CHN,2000,0.71
China,CHN,2001,0.65
China,CHN,2002,0.63
China,CHN,2003,0.61
China,CHN,2004,0.62
China,CHN,2005,0.62
China,CHN,2006,0.63
China,CHN,2007,0.65
China,CHN,2008,0.66
China,CHN,2009,0.68
China,CHN,2010,0.67
China,CHN,2011,0.65
China,CHN,2012,0.74
China,CHN,2013,0.65
China,CHN,2014,0.66
China,CHN,2015,0.56
China,CHN,2016,0.61
China,CHN,2017,0.59
China,CHN,2018,0.38
China,CHN,2019,0.3
China,CHN,2020,0.13
China,CHN,2021,0
China,CHN,2022,
China,CHN,2023,
China,CHN,2024,
China,CHN,2025,
China,CHN,2026,
China,CHN,2027,
China,CHN,2028,
China,CHN,2029,
China,CHN,2030,
China,CHN,2031,
China,CHN,2032,
China,CHN,2033,
China,CHN,2034,
China,CHN,2035,
China,CHN,2036,
China,CHN,2037,
China,CHN,2038,
China,CHN,2039,
China,CHN,2040,
China,CHN,2041,
China,CHN,2042,
China,CHN,2043,
China,CHN,2044,
China,CHN,2045,
China,CHN,2046,
China,CHN,2047,
China,CHN,2048,
China,CHN,2049,
China,CHN,2050,
China,CHN,2051,
China,CHN,2052,
China,CHN,2053,
China,CHN,2054,
China,CHN,2055,
China,CHN,2056,
China,CHN,2057,
China,CHN,2058,
China,CHN,2059,
China,CHN,2060,
China,CHN,2061,
China,CHN,2062,
China,CHN,2063,
China,CHN,2064,
China,CHN,2065,
China,CHN,2066,
China,CHN,2067,
China,CHN,2068,
China,CHN,2069,
China,CHN,2070,
China,CHN,2071,
China,CHN,2072,
China,CHN,2073,
China,CHN,2074,
China,CHN,2075,
China,CHN,2076,
China,CHN,2077,
China,CHN,2078,
China,CHN,2079,
China,CHN,2080,
China,CHN,2081,
China,CHN,2082,
China,CHN,2083,
China,CHN,2084,
China,CHN,2085,
China,CHN,2086,
China,CHN,2087,
China,CHN,2088,
China,CHN,2089,
China,CHN,2090,
China,CHN,2091,
China,CHN,2092,
China,CHN,2093,
China,CHN,2094,
China,CHN,2095,
China,CHN,2096,
China,CHN,2097,
China,CHN,2098,
China,CHN,2099,
China,CHN,2100,
Hong Kong,HKG,1950,4.71
Hong Kong,HKG,1951,4.66
Hong Kong,HKG,1952,4.58
Hong Kong,HKG,1953,4.54
Hong Kong,HKG,1954,4.52
Hong Kong,HKG,1955,4.51
Hong Kong,HKG,1956,4.58
Hong Kong,HKG,1957,4.59
Hong Kong,HKG,1958,4.53
Hong Kong,HKG,1959,4.33
Hong Kong,HKG,1960,4.17
Hong Kong,HKG,1961,3.23
Hong Kong,HKG,1962,2.84
Hong Kong,HKG,1963,2.68
Hong Kong,HKG,1964,2.53
Hong Kong,HKG,1965,2.37
Hong Kong,HKG,1966,2.17
Hong Kong,HKG,1967,2
Hong Kong,HKG,1968,1.79
Hong Kong,HKG,1969,1.54
Hong Kong,HKG,1970,1.34
Hong Kong,HKG,1971,2.33
Hong Kong,HKG,1972,2.56
Hong Kong,HKG,1973,2.53
Hong Kong,HKG,1974,2.51
Hong Kong,HKG,1975,2.43
Hong Kong,HKG,1976,2.35
Hong Kong,HKG,1977,2.25
Hong Kong,HKG,1978,2.16
Hong Kong,HKG,1979,2.16
Hong Kong,HKG,1980,2.14
Hong Kong,HKG,1981,1.81
Hong Kong,HKG,1982,1.67
Hong Kong,HKG,1983,1.6
Hong Kong,HKG,1984,1.48
Hong Kong,HKG,1985,1.43
Hong Kong,HKG,1986,1.55
Hong Kong,HKG,1987,1.55
Hong Kong,HKG,1988,1.55
Hong Kong,HKG,1989,1.5
Hong Kong,HKG,1990,1.46
Hong Kong,HKG,1991,1.43
Hong Kong,HKG,1992,1.4
Hong Kong,HKG,1993,1.32
Hong Kong,HKG,1994,1.26
Hong Kong,HKG,1995,1.17
Hong Kong,HKG,1996,1.68
Hong Kong,HKG,1997,1.7
Hong Kong,HKG,1998,1.53
Hong Kong,HKG,1999,1.38
Hong Kong,HKG,2000,1.29
Hong Kong,HKG,2001,0.79
Hong Kong,HKG,2002,0.6
Hong Kong,HKG,2003,0.5
Hong Kong,HKG,2004,0.36
Hong Kong,HKG,2005,0.24
Hong Kong,HKG,2006,0.44
Hong Kong,HKG,2007,0.73
Hong Kong,HKG,2008,0.67
Hong Kong,HKG,2009,0.57
Hong Kong,HKG,2010,0.49
Hong Kong,HKG,2011,0.71
Hong Kong,HKG,2012,0.92
Hong Kong,HKG,2013,0.81
Hong Kong,HKG,2014,0.7
Hong Kong,HKG,2015,0.59
Hong Kong,HKG,2016,0.39
Hong Kong,HKG,2017,0.3
Hong Kong,HKG,2018,0.24
Hong Kong,HKG,2019,0.15
Hong Kong,HKG,2020,-0.02
Hong Kong,HKG,2021,-0.14
Hong Kong,HKG,2022,
Hong Kong,HKG,2023,
Hong Kong,HKG,2024,
Hong Kong,HKG,2025,
Hong Kong,HKG,2026,
Hong Kong,HKG,2027,
Hong Kong,HKG,2028,
Hong Kong,HKG,2029,
Hong Kong,HKG,2030,
Hong Kong,HKG,2031,
Hong Kong,HKG,2032,
Hong Kong,HKG,2033,
Hong Kong,HKG,2034,
Hong Kong,HKG,2035,
Hong Kong,HKG,2036,
Hong Kong,HKG,2037,
Hong Kong,HKG,2038,
Hong Kong,HKG,2039,
Hong Kong,HKG,2040,
Hong Kong,HKG,2041,
Hong Kong,HKG,2042,
Hong Kong,HKG,2043,
Hong Kong,HKG,2044,
Hong Kong,HKG,2045,
Hong Kong,HKG,2046,
Hong Kong,HKG,2047,
Hong Kong,HKG,2048,
Hong Kong,HKG,2049,
Hong Kong,HKG,2050,
Hong Kong,HKG,2051,
Hong Kong,HKG,2052,
Hong Kong,HKG,2053,
Hong Kong,HKG,2054,
Hong Kong,HKG,2055,
Hong Kong,HKG,2056,
Hong Kong,HKG,2057,
Hong Kong,HKG,2058,
Hong Kong,HKG,2059,
Hong Kong,HKG,2060,
Hong Kong,HKG,2061,
Hong Kong,HKG,2062,
Hong Kong,HKG,2063,
Hong Kong,HKG,2064,
Hong Kong,HKG,2065,
Hong Kong,HKG,2066,
Hong Kong,HKG,2067,
Hong Kong,HKG,2068,
Hong Kong,HKG,2069,
Hong Kong,HKG,2070,
Hong Kong,HKG,2071,
Hong Kong,HKG,2072,
Hong Kong,HKG,2073,
Hong Kong,HKG,2074,
Hong Kong,HKG,2075,
Hong Kong,HKG,2076,
Hong Kong,HKG,2077,
Hong Kong,HKG,2078,
Hong Kong,HKG,2079,
Hong Kong,HKG,2080,
Hong Kong,HKG,2081,
Hong Kong,HKG,2082,
Hong Kong,HKG,2083,
Hong Kong,HKG,2084,
Hong Kong,HKG,2085,
Hong Kong,HKG,2086,
Hong Kong,HKG,2087,
Hong Kong,HKG,2088,
Hong Kong,HKG,2089,
Hong Kong,HKG,2090,
Hong Kong,HKG,2091,
Hong Kong,HKG,2092,
Hong Kong,HKG,2093,
Hong Kong,HKG,2094,
Hong Kong,HKG,2095,
Hong Kong,HKG,2096,
Hong Kong,HKG,2097,
Hong Kong,HKG,2098,
Hong Kong,HKG,2099,
Hong Kong,HKG,2100,
India,IND,1950,2.19
India,IND,1951,2.18
India,IND,1952,2.19
India,IND,1953,2.17
India,IND,1954,2.24
India,IND,1955,2.25
India,IND,1956,2.26
India,IND,1957,2.25
India,IND,1958,2.19
India,IND,1959,2.26
India,IND,1960,2.3
India,IND,1961,2.31
India,IND,1962,2.31
India,IND,1963,2.3
India,IND,1964,2.3
India,IND,1965,2.17
India,IND,1966,2.13
India,IND,1967,2.13
India,IND,1968,2.21
India,IND,1969,2.2
India,IND,1970,2.22
India,IND,1971,2.21
India,IND,1972,2.24
India,IND,1973,2.26
India,IND,1974,2.26
India,IND,1975,2.22
India,IND,1976,2.2
India,IND,1977,2.22
India,IND,1978,2.21
India,IND,1979,2.24
India,IND,1980,2.28
India,IND,1981,2.27
India,IND,1982,2.25
India,IND,1983,2.26
India,IND,1984,2.26
India,IND,1985,2.24
India,IND,1986,2.23
India,IND,1987,2.19
India,IND,1988,2.18
India,IND,1989,2.16
India,IND,1990,2.12
India,IND,1991,2.08
India,IND,1992,2.07
India,IND,1993,2.03
India,IND,1994,2.02
India,IND,1995,1.97
India,IND,1996,1.93
India,IND,1997,1.9
India,IND,1998,1.87
India,IND,1999,1.83
India,IND,2000,1.82
India,IND,2001,1.8
India,IND,2002,1.75
India,IND,2003,1.7
India,IND,2004,1.65
India,IND,2005,1.56
India,IND,2006,1.49
India,IND,2007,1.44
India,IND,2008,1.4
India,IND,2009,1.38
India,IND,2010,1.38
India,IND,2011,1.35
India,IND,2012,1.32
India,IND,2013,1.28
India,IND,2014,1.2
India,IND,2015,1.17
India,IND,2016,1.2
India,IND,2017,1.12
India,IND,2018,1.06
India,IND,2019,0.99
India,IND,2020,0.92
India,IND,2021,0.68
India,IND,2022,
India,IND,2023,
India,IND,2024,
India,IND,2025,
India,IND,2026,
India,IND,2027,
India,IND,2028,
India,IND,2029,
India,IND,2030,
India,IND,2031,
India,IND,2032,
India,IND,2033,
India,IND,2034,
India,IND,2035,
India,IND,2036,
India,IND,2037,
India,IND,2038,
India,IND,2039,
India,IND,2040,
India,IND,2041,
India,IND,2042,
India,IND,2043,
India,IND,2044,
India,IND,2045,
India,IND,2046,
India,IND,2047,
India,IND,2048,
India,IND,2049,
India,IND,2050,
India,IND,2051,
India,IND,2052,
India,IND,2053,
India,IND,2054,
India,IND,2055,
India,IND,2056,
India,IND,2057,
India,IND,2058,
India,IND,2059,
India,IND,2060,
India,IND,2061,
India,IND,2062,
India,IND,2063,
India,IND,2064,
India,IND,2065,
India,IND,2066,
India,IND,2067,
India,IND,2068,
India,IND,2069,
India,IND,2070,
India,IND,2071,
India,IND,2072,
India,IND,2073,
India,IND,2074,
India,IND,2075,
India,IND,2076,
India,IND,2077,
India,IND,2078,
India,IND,2079,
India,IND,2080,
India,IND,2081,
India,IND,2082,
India,IND,2083,
India,IND,2084,
India,IND,2085,
India,IND,2086,
India,IND,2087,
India,IND,2088,
India,IND,2089,
India,IND,2090,
India,IND,2091,
India,IND,2092,
India,IND,2093,
India,IND,2094,
India,IND,2095,
India,IND,2096,
India,IND,2097,
India,IND,2098,
India,IND,2099,
India,IND,2100,
Indonesia,IDN,1950,2.03
Indonesia,IDN,1951,2.1
Indonesia,IDN,1952,2.22
Indonesia,IDN,1953,2.24
Indonesia,IDN,1954,2.33
Indonesia,IDN,1955,2.4
Indonesia,IDN,1956,2.48
Indonesia,IDN,1957,2.55
Indonesia,IDN,1958,2.6
Indonesia,IDN,1959,2.65
Indonesia,IDN,1960,2.7
Indonesia,IDN,1961,2.73
Indonesia,IDN,1962,2.76
Indonesia,IDN,1963,2.77
Indonesia,IDN,1964,2.8
Indonesia,IDN,1965,2.17
Indonesia,IDN,1966,2.52
Indonesia,IDN,1967,2.63
Indonesia,IDN,1968,2.72
Indonesia,IDN,1969,2.72
Indonesia,IDN,1970,2.69
Indonesia,IDN,1971,2.65
Indonesia,IDN,1972,2.62
Indonesia,IDN,1973,2.59
Indonesia,IDN,1974,2.53
Indonesia,IDN,1975,2.51
Indonesia,IDN,1976,2.47
Indonesia,IDN,1977,2.44
Indonesia,IDN,1978,2.42
Indonesia,IDN,1979,2.4
Indonesia,IDN,1980,2.36
Indonesia,IDN,1981,2.32
Indonesia,IDN,1982,2.3
Indonesia,IDN,1983,2.24
Indonesia,IDN,1984,2.17
Indonesia,IDN,1985,2.05
Indonesia,IDN,1986,1.95
Indonesia,IDN,1987,1.9
Indonesia,IDN,1988,1.86
Indonesia,IDN,1989,1.81
Indonesia,IDN,1990,1.75
Indonesia,IDN,1991,1.74
Indonesia,IDN,1992,1.68
Indonesia,IDN,1993,1.66
Indonesia,IDN,1994,1.64
Indonesia,IDN,1995,1.63
Indonesia,IDN,1996,1.61
Indonesia,IDN,1997,1.6
Indonesia,IDN,1998,1.53
Indonesia,IDN,1999,1.47
Indonesia,IDN,2000,1.43
Indonesia,IDN,2001,1.39
Indonesia,IDN,2002,1.36
Indonesia,IDN,2003,1.32
Indonesia,IDN,2004,1.22
Indonesia,IDN,2005,1.3
Indonesia,IDN,2006,1.3
Indonesia,IDN,2007,1.32
Indonesia,IDN,2008,1.28
Indonesia,IDN,2009,1.26
Indonesia,IDN,2010,1.24
Indonesia,IDN,2011,1.27
Indonesia,IDN,2012,1.24
Indonesia,IDN,2013,1.18
Indonesia,IDN,2014,1.14
Indonesia,IDN,2015,1.08
Indonesia,IDN,2016,1.03
Indonesia,IDN,2017,0.98
Indonesia,IDN,2018,0.95
Indonesia,IDN,2019,0.92
Indonesia,IDN,2020,0.76
Indonesia,IDN,2021,0.63
Indonesia,IDN,2022,
Indonesia,IDN,2023,
Indonesia,IDN,2024,
Indonesia,IDN,2025,
Indonesia,IDN,2026,
Indonesia,IDN,2027,
Indonesia,IDN,2028,
Indonesia,IDN,2029,
Indonesia,IDN,2030,
Indonesia,IDN,2031,
Indonesia,IDN,2032,
Indonesia,IDN,2033,
Indonesia,IDN,2034,
Indonesia,IDN,2035,
Indonesia,IDN,2036,
Indonesia,IDN,2037,
Indonesia,IDN,2038,
Indonesia,IDN,2039,
Indonesia,IDN,2040,
Indonesia,IDN,2041,
Indonesia,IDN,2042,
Indonesia,IDN,2043,
Indonesia,IDN,2044,
Indonesia,IDN,2045,
Indonesia,IDN,2046,
Indonesia,IDN,2047,
Indonesia,IDN,2048,
Indonesia,IDN,2049,
Indonesia,IDN,2050,
Indonesia,IDN,2051,
Indonesia,IDN,2052,
Indonesia,IDN,2053,
Indonesia,IDN,2054,
Indonesia,IDN,2055,
Indonesia,IDN,2056,
Indonesia,IDN,2057,
Indonesia,IDN,2058,
Indonesia,IDN,2059,
Indonesia,IDN,2060,
Indonesia,IDN,2061,
Indonesia,IDN,2062,
Indonesia,IDN,2063,
Indonesia,IDN,2064,
Indonesia,IDN,2065,
Indonesia,IDN,2066,
Indonesia,IDN,2067,
Indonesia,IDN,2068,
Indonesia,IDN,2069,
Indonesia,IDN,2070,
Indonesia,IDN,2071,
Indonesia,IDN,2072,
Indonesia,IDN,2073,
Indonesia,IDN,2074,
Indonesia,IDN,2075,
Indonesia,IDN,2076,
Indonesia,IDN,2077,
Indonesia,IDN,2078,
Indonesia,IDN,2079,
Indonesia,IDN,2080,
Indonesia,IDN,2081,
Indonesia,IDN,2082,
Indonesia,IDN,2083,
Indonesia,IDN,2084,
Indonesia,IDN,2085,
Indonesia,IDN,2086,
Indonesia,IDN,2087,
Indonesia,IDN,2088,
Indonesia,IDN,2089,
Indonesia,IDN,2090,
Indonesia,IDN,2091,
Indonesia,IDN,2092,
Indonesia,IDN,2093,
Indonesia,IDN,2094,
Indonesia,IDN,2095,
Indonesia,IDN,2096,
Indonesia,IDN,2097,
Indonesia,IDN,2098,
Indonesia,IDN,2099,
Indonesia,IDN,2100,
Japan,JPN,1950,1.65
Japan,JPN,1951,1.48
Japan,JPN,1952,1.39
Japan,JPN,1953,1.21
Japan,JPN,1954,1.13
Japan,JPN,1955,1.09
Japan,JPN,1956,0.96
Japan,JPN,1957,0.82
Japan,JPN,1958,0.99
Japan,JPN,1959,0.96
Japan,JPN,1960,0.93
Japan,JPN,1961,0.94
Japan,JPN,1962,0.96
Japan,JPN,1963,1.06
Japan,JPN,1964,1.13
Japan,JPN,1965,1.19
Japan,JPN,1966,0.81
Japan,JPN,1967,1.29
Japan,JPN,1968,1.24
Japan,JPN,1969,1.24
Japan,JPN,1970,1.27
Japan,JPN,1971,1.32
Japan,JPN,1972,1.34
Japan,JPN,1973,1.34
Japan,JPN,1974,1.24
Japan,JPN,1975,1.11
Japan,JPN,1976,1.04
Japan,JPN,1977,0.95
Japan,JPN,1978,0.86
Japan,JPN,1979,0.78
Japan,JPN,1980,0.69
Japan,JPN,1981,0.6
Japan,JPN,1982,0.6
Japan,JPN,1983,0.57
Japan,JPN,1984,0.56
Japan,JPN,1985,0.52
Japan,JPN,1986,0.46
Japan,JPN,1987,0.46
Japan,JPN,1988,0.41
Japan,JPN,1989,0.36
Japan,JPN,1990,0.31
Japan,JPN,1991,0.31
Japan,JPN,1992,0.28
Japan,JPN,1993,0.26
Japan,JPN,1994,0.29
Japan,JPN,1995,0.21
Japan,JPN,1996,0.25
Japan,JPN,1997,0.23
Japan,JPN,1998,0.22
Japan,JPN,1999,0.17
Japan,JPN,2000,0.22
Japan,JPN,2001,0.19
Japan,JPN,2002,0.18
Japan,JPN,2003,0.14
Japan,JPN,2004,0.13
Japan,JPN,2005,0.07
Japan,JPN,2006,0.09
Japan,JPN,2007,0.07
Japan,JPN,2008,0.04
Japan,JPN,2009,0.02
Japan,JPN,2010,-0.04
Japan,JPN,2011,-0.11
Japan,JPN,2012,-0.13
Japan,JPN,2013,-0.15
Japan,JPN,2014,-0.17
Japan,JPN,2015,-0.18
Japan,JPN,2016,-0.22
Japan,JPN,2017,-0.3
Japan,JPN,2018,-0.34
Japan,JPN,2019,-0.4
Japan,JPN,2020,-0.48
Japan,JPN,2021,-0.54
Japan,JPN,2022,
Japan,JPN,2023,
Japan,JPN,2024,
Japan,JPN,2025,
Japan,JPN,2026,
Japan,JPN,2027,
Japan,JPN,2028,
Japan,JPN,2029,
Japan,JPN,2030,
Japan,JPN,2031,
Japan,JPN,2032,
Japan,JPN,2033,
Japan,JPN,2034,
Japan,JPN,2035,
Japan,JPN,2036,
Japan,JPN,2037,
Japan,JPN,2038,
Japan,JPN,2039,
Japan,JPN,2040,
Japan,JPN,2041,
Japan,JPN,2042,
Japan,JPN,2043,
Japan,JPN,2044,
Japan,JPN,2045,
Japan,JPN,2046,
Japan,JPN,2047,
Japan,JPN,2048,
Japan,JPN,2049,
Japan,JPN,2050,
Japan,JPN,2051,
Japan,JPN,2052,
Japan,JPN,2053,
Japan,JPN,2054,
Japan,JPN,2055,
Japan,JPN,2056,
Japan,JPN,2057,
Japan,JPN,2058,
Japan,JPN,2059,
Japan,JPN,2060,
Japan,JPN,2061,
Japan,JPN,2062,
Japan,JPN,2063,
Japan,JPN,2064,
Japan,JPN,2065,
Japan,JPN,2066,
Japan,JPN,2067,
Japan,JPN,2068,
Japan,JPN,2069,
Japan,JPN,2070,
Japan,JPN,2071,
Japan,JPN,2072,
Japan,JPN,2073,
Japan,JPN,2074,
Japan,JPN,2075,
Japan,JPN,2076,
Japan,JPN,2077,
Japan,JPN,2078,
Japan,JPN,2079,
Japan,JPN,2080,
Japan,JPN,2081,
Japan,JPN,2082,
Japan,JPN,2083,
Japan,JPN,2084,
Japan,JPN,2085,
Japan,JPN,2086,
Japan,JPN,2087,
Japan,JPN,2088,
Japan,JPN,2089,
Japan,JPN,2090,
Japan,JPN,2091,
Japan,JPN,2092,
Japan,JPN,2093,
Japan,JPN,2094,
Japan,JPN,2095,
Japan,JPN,2096,
Japan,JPN,2097,
Japan,JPN,2098,
Japan,JPN,2099,
Japan,JPN,2100,
Laos,LAO,1950,2.43
Laos,LAO,1951,2.35
Laos,LAO,1952,2.33
Laos,LAO,1953,2.32
Laos,LAO,1954,2.31
Laos,LAO,1955,2.3
Laos,LAO,1956,2.3
Laos,LAO,1957,2.29
Laos,LAO,1958,2.3
Laos,LAO,1959,2.25
Laos,LAO,1960,2.26
Laos,LAO,1961,2.27
Laos,LAO,1962,2.32
Laos,LAO,1963,2.27
Laos,LAO,1964,2.28
Laos,LAO,1965,2.31
Laos,LAO,1966,2.3
Laos,LAO,1967,2.34
Laos,LAO,1968,2.36
Laos,LAO,1969,2.37
Laos,LAO,1970,2.41
Laos,LAO,1971,2.43
Laos,LAO,1972,2.44
Laos,LAO,1973,2.43
Laos,LAO,1974,2.33
Laos,LAO,1975,2.09
Laos,LAO,1976,1.81
Laos,LAO,1977,1.66
Laos,LAO,1978,1.65
Laos,LAO,1979,1.82
Laos,LAO,1980,2.08
Laos,LAO,1981,2.32
Laos,LAO,1982,2.52
Laos,LAO,1983,2.63
Laos,LAO,1984,2.72
Laos,LAO,1985,2.79
Laos,LAO,1986,2.84
Laos,LAO,1987,2.86
Laos,LAO,1988,2.88
Laos,LAO,1989,2.86
Laos,LAO,1990,2.82
Laos,LAO,1991,2.79
Laos,LAO,1992,2.72
Laos,LAO,1993,2.65
Laos,LAO,1994,2.52
Laos,LAO,1995,2.4
Laos,LAO,1996,2.28
Laos,LAO,1997,1.91
Laos,LAO,1998,1.8
Laos,LAO,1999,1.72
Laos,LAO,2000,1.65
Laos,LAO,2001,1.59
Laos,LAO,2002,1.52
Laos,LAO,2003,1.42
Laos,LAO,2004,1.34
Laos,LAO,2005,1.58
Laos,LAO,2006,1.6
Laos,LAO,2007,1.57
Laos,LAO,2008,1.54
Laos,LAO,2009,1.51
Laos,LAO,2010,1.47
Laos,LAO,2011,1.44
Laos,LAO,2012,1.42
Laos,LAO,2013,1.39
Laos,LAO,2014,1.34
Laos,LAO,2015,1.5
Laos,LAO,2016,1.54
Laos,LAO,2017,1.53
Laos,LAO,2018,1.5
Laos,LAO,2019,1.49
Laos,LAO,2020,1.47
Laos,LAO,2021,1.4
Laos,LAO,2022,
Laos,LAO,2023,
Laos,LAO,2024,
Laos,LAO,2025,
Laos,LAO,2026,
Laos,LAO,2027,
Laos,LAO,2028,
Laos,LAO,2029,
Laos,LAO,2030,
Laos,LAO,2031,
Laos,LAO,2032,
Laos,LAO,2033,
Laos,LAO,2034,
Laos,LAO,2035,
Laos,LAO,2036,
Laos,LAO,2037,
Laos,LAO,2038,
Laos,LAO,2039,
Laos,LAO,2040,
Laos,LAO,2041,
Laos,LAO,2042,
Laos,LAO,2043,
Laos,LAO,2044,
Laos,LAO,2045,
Laos,LAO,2046,
Laos,LAO,2047,
Laos,LAO,2048,
Laos,LAO,2049,
Laos,LAO,2050,
Laos,LAO,2051,
Laos,LAO,2052,
Laos,LAO,2053,
Laos,LAO,2054,
Laos,LAO,2055,
Laos,LAO,2056,
Laos,LAO,2057,
Laos,LAO,2058,
Laos,LAO,2059,
Laos,LAO,2060,
Laos,LAO,2061,
Laos,LAO,2062,
Laos,LAO,2063,
Laos,LAO,2064,
Laos,LAO,2065,
Laos,LAO,2066,
Laos,LAO,2067,
Laos,LAO,2068,
Laos,LAO,2069,
Laos,LAO,2070,
Laos,LAO,2071,
Laos,LAO,2072,
Laos,LAO,2073,
Laos,LAO,2074,
Laos,LAO,2075,
Laos,LAO,2076,
Laos,LAO,2077,
Laos,LAO,2078,
Laos,LAO,2079,
Laos,LAO,2080,
Laos,LAO,2081,
Laos,LAO,2082,
Laos,LAO,2083,
Laos,LAO,2084,
Laos,LAO,2085,
Laos,LAO,2086,
Laos,LAO,2087,
Laos,LAO,2088,
Laos,LAO,2089,
Laos,LAO,2090,
Laos,LAO,2091,
Laos,LAO,2092,
Laos,LAO,2093,
Laos,LAO,2094,
Laos,LAO,2095,
Laos,LAO,2096,
Laos,LAO,2097,
Laos,LAO,2098,
Laos,LAO,2099,
Laos,LAO,2100,
Macao,MAC,1950,3.26
Macao,MAC,1951,0.47
Macao,MAC,1952,-0.15
Macao,MAC,1953,-0.68
Macao,MAC,1954,-1.1
Macao,MAC,1955,-1.42
Macao,MAC,1956,-1.71
Macao,MAC,1957,-1.98
Macao,MAC,1958,-2.2
Macao,MAC,1959,-2.36
Macao,MAC,1960,-2.23
Macao,MAC,1961,4.06
Macao,MAC,1962,4.02
Macao,MAC,1963,3.97
Macao,MAC,1964,3.9
Macao,MAC,1965,3.8
Macao,MAC,1966,3.66
Macao,MAC,1967,3.5
Macao,MAC,1968,3.29
Macao,MAC,1969,3.04
Macao,MAC,1970,2.6
Macao,MAC,1971,-0.54
Macao,MAC,1972,-0.4
Macao,MAC,1973,-0.27
Macao,MAC,1974,-0.18
Macao,MAC,1975,-0.12
Macao,MAC,1976,-0.09
Macao,MAC,1977,-0.11
Macao,MAC,1978,-0.18
Macao,MAC,1979,-0.18
Macao,MAC,1980,-0.04
Macao,MAC,1981,2.74
Macao,MAC,1982,3.58
Macao,MAC,1983,3.74
Macao,MAC,1984,3.88
Macao,MAC,1985,3.99
Macao,MAC,1986,4.04
Macao,MAC,1987,4.02
Macao,MAC,1988,3.95
Macao,MAC,1989,3.83
Macao,MAC,1990,3.68
Macao,MAC,1991,3.16
Macao,MAC,1992,2.28
Macao,MAC,1993,2.15
Macao,MAC,1994,2.04
Macao,MAC,1995,1.96
Macao,MAC,1996,1.86
Macao,MAC,1997,1.76
Macao,MAC,1998,1.64
Macao,MAC,1999,1.55
Macao,MAC,2000,1.43
Macao,MAC,2001,1.89
Macao,MAC,2002,2.84
Macao,MAC,2003,2.8
Macao,MAC,2004,2.74
Macao,MAC,2005,2.69
Macao,MAC,2006,2.66
Macao,MAC,2007,2.64
Macao,MAC,2008,2.62
Macao,MAC,2009,2.6
Macao,MAC,2010,2.59
Macao,MAC,2011,2.28
Macao,MAC,2012,1.81
Macao,MAC,2013,1.8
Macao,MAC,2014,1.81
Macao,MAC,2015,1.83
Macao,MAC,2016,1.86
Macao,MAC,2017,1.91
Macao,MAC,2018,1.93
Macao,MAC,2019,1.92
Macao,MAC,2020,1.85
Macao,MAC,2021,1.18
Macao,MAC,2022,
Macao,MAC,2023,
Macao,MAC,2024,
Macao,MAC,2025,
Macao,MAC,2026,
Macao,MAC,2027,
Macao,MAC,2028,
Macao,MAC,2029,
Macao,MAC,2030,
Macao,MAC,2031,
Macao,MAC,2032,
Macao,MAC,2033,
Macao,MAC,2034,
Macao,MAC,2035,
Macao,MAC,2036,
Macao,MAC,2037,
Macao,MAC,2038,
Macao,MAC,2039,
Macao,MAC,2040,
Macao,MAC,2041,
Macao,MAC,2042,
Macao,MAC,2043,
Macao,MAC,2044,
Macao,MAC,2045,
Macao,MAC,2046,
Macao,MAC,2047,
Macao,MAC,2048,
Macao,MAC,2049,
Macao,MAC,2050,
Macao,MAC,2051,
Macao,MAC,2052,
Macao,MAC,2053,
Macao,MAC,2054,
Macao,MAC,2055,
Macao,MAC,2056,
Macao,MAC,2057,
Macao,MAC,2058,
Macao,MAC,2059,
Macao,MAC,2060,
Macao,MAC,2061,
Macao,MAC,2062,
Macao,MAC,2063,
Macao,MAC,2064,
Macao,MAC,2065,
Macao,MAC,2066,
Macao,MAC,2067,
Macao,MAC,2068,
Macao,MAC,2069,
Macao,MAC,2070,
Macao,MAC,2071,
Macao,MAC,2072,
Macao,MAC,2073,
Macao,MAC,2074,
Macao,MAC,2075,
Macao,MAC,2076,
Macao,MAC,2077,
Macao,MAC,2078,
Macao,MAC,2079,
Macao,MAC,2080,
Macao,MAC,2081,
Macao,MAC,2082,
Macao,MAC,2083,
Macao,MAC,2084,
Macao,MAC,2085,
Macao,MAC,2086,
Macao,MAC,2087,
Macao,MAC,2088,
Macao,MAC,2089,
Macao,MAC,2090,
Macao,MAC,2091,
Macao,MAC,2092,
Macao,MAC,2093,
Macao,MAC,2094,
Macao,MAC,2095,
Macao,MAC,2096,
Macao,MAC,2097,
Macao,MAC,2098,
Macao,MAC,2099,
Macao,MAC,2100,
Malaysia,MYS,1950,2.36
Malaysia,MYS,1951,2.46
Malaysia,MYS,1952,2.53
Malaysia,MYS,1953,2.57
Malaysia,MYS,1954,2.66
Malaysia,MYS,1955,2.74
Malaysia,MYS,1956,2.81
Malaysia,MYS,1957,2.87
Malaysia,MYS,1958,2.83
Malaysia,MYS,1959,2.96
Malaysia,MYS,1960,3.02
Malaysia,MYS,1961,3.04
Malaysia,MYS,1962,3.04
Malaysia,MYS,1963,3
Malaysia,MYS,1964,2.9
Malaysia,MYS,1965,2.8
Malaysia,MYS,1966,2.62
Malaysia,MYS,1967,2.5
Malaysia,MYS,1968,2.43
Malaysia,MYS,1969,2.4
Malaysia,MYS,1970,2.4
Malaysia,MYS,1971,2.31
Malaysia,MYS,1972,2.35
Malaysia,MYS,1973,2.42
Malaysia,MYS,1974,2.44
Malaysia,MYS,1975,2.48
Malaysia,MYS,1976,2.48
Malaysia,MYS,1977,2.64
Malaysia,MYS,1978,2.61
Malaysia,MYS,1979,2.6
Malaysia,MYS,1980,2.63
Malaysia,MYS,1981,2.59
Malaysia,MYS,1982,2.6
Malaysia,MYS,1983,2.67
Malaysia,MYS,1984,2.76
Malaysia,MYS,1985,2.9
Malaysia,MYS,1986,2.98
Malaysia,MYS,1987,3.03
Malaysia,MYS,1988,3.01
Malaysia,MYS,1989,2.9
Malaysia,MYS,1990,2.86
Malaysia,MYS,1991,2.78
Malaysia,MYS,1992,2.8
Malaysia,MYS,1993,2.77
Malaysia,MYS,1994,2.8
Malaysia,MYS,1995,2.72
Malaysia,MYS,1996,2.69
Malaysia,MYS,1997,2.65
Malaysia,MYS,1998,2.56
Malaysia,MYS,1999,2.49
Malaysia,MYS,2000,2.6
Malaysia,MYS,2001,2.54
Malaysia,MYS,2002,2.49
Malaysia,MYS,2003,2.4
Malaysia,MYS,2004,2.35
Malaysia,MYS,2005,2.26
Malaysia,MYS,2006,2.21
Malaysia,MYS,2007,2.14
Malaysia,MYS,2008,2.04
Malaysia,MYS,2009,1.92
Malaysia,MYS,2010,1.6
Malaysia,MYS,2011,1.63
Malaysia,MYS,2012,1.61
Malaysia,MYS,2013,1.56
Malaysia,MYS,2014,1.54
Malaysia,MYS,2015,1.46
Malaysia,MYS,2016,1.47
Malaysia,MYS,2017,1.37
Malaysia,MYS,2018,1.27
Malaysia,MYS,2019,1.22
Malaysia,MYS,2020,1.18
Malaysia,MYS,2021,1.06
Malaysia,MYS,2022,
Malaysia,MYS,2023,
Malaysia,MYS,2024,
Malaysia,MYS,2025,
Malaysia,MYS,2026,
Malaysia,MYS,2027,
Malaysia,MYS,2028,
Malaysia,MYS,2029,
Malaysia,MYS,2030,
Malaysia,MYS,2031,
Malaysia,MYS,2032,
Malaysia,MYS,2033,
Malaysia,MYS,2034,
Malaysia,MYS,2035,
Malaysia,MYS,2036,
Malaysia,MYS,2037,
Malaysia,MYS,2038,
Malaysia,MYS,2039,
Malaysia,MYS,2040,
Malaysia,MYS,2041,
Malaysia,MYS,2042,
Malaysia,MYS,2043,
Malaysia,MYS,2044,
Malaysia,MYS,2045,
Malaysia,MYS,2046,
Malaysia,MYS,2047,
Malaysia,MYS,2048,
Malaysia,MYS,2049,
Malaysia,MYS,2050,
Malaysia,MYS,2051,
Malaysia,MYS,2052,
Malaysia,MYS,2053,
Malaysia,MYS,2054,
Malaysia,MYS,2055,
Malaysia,MYS,2056,
Malaysia,MYS,2057,
Malaysia,MYS,2058,
Malaysia,MYS,2059,
Malaysia,MYS,2060,
Malaysia,MYS,2061,
Malaysia,MYS,2062,
Malaysia,MYS,2063,
Malaysia,MYS,2064,
Malaysia,MYS,2065,
Malaysia,MYS,2066,
Malaysia,MYS,2067,
Malaysia,MYS,2068,
Malaysia,MYS,2069,
Malaysia,MYS,2070,
Malaysia,MYS,2071,
Malaysia,MYS,2072,
Malaysia,MYS,2073,
Malaysia,MYS,2074,
Malaysia,MYS,2075,
Malaysia,MYS,2076,
Malaysia,MYS,2077,
Malaysia,MYS,2078,
Malaysia,MYS,2079,
Malaysia,MYS,2080,
Malaysia,MYS,2081,
Malaysia,MYS,2082,
Malaysia,MYS,2083,
Malaysia,MYS,2084,
Malaysia,MYS,2085,
Malaysia,MYS,2086,
Malaysia,MYS,2087,
Malaysia,MYS,2088,
Malaysia,MYS,2089,
Malaysia,MYS,2090,
Malaysia,MYS,2091,
Malaysia,MYS,2092,
Malaysia,MYS,2093,
Malaysia,MYS,2094,
Malaysia,MYS,2095,
Malaysia,MYS,2096,
Malaysia,MYS,2097,
Malaysia,MYS,2098,
Malaysia,MYS,2099,
Malaysia,MYS,2100,
Maldives,MDV,1950,1.73
Maldives,MDV,1951,1.81
Maldives,MDV,1952,1.84
Maldives,MDV,1953,1.88
Maldives,MDV,1954,1.98
Maldives,MDV,1955,2.04
Maldives,MDV,1956,2.16
Maldives,MDV,1957,2.24
Maldives,MDV,1958,2.32
Maldives,MDV,1959,2.37
Maldives,MDV,1960,2.47
Maldives,MDV,1961,2.49
Maldives,MDV,1962,2.51
Maldives,MDV,1963,2.5
Maldives,MDV,1964,2.44
Maldives,MDV,1965,4
Maldives,MDV,1966,3.78
Maldives,MDV,1967,3.16
Maldives,MDV,1968,2.97
Maldives,MDV,1969,3.01
Maldives,MDV,1970,3.04
Maldives,MDV,1971,3.07
Maldives,MDV,1972,3.02
Maldives,MDV,1973,2.92
Maldives,MDV,1974,2.92
Maldives,MDV,1975,3.01
Maldives,MDV,1976,2.97
Maldives,MDV,1977,2.81
Maldives,MDV,1978,2.69
Maldives,MDV,1979,2.75
Maldives,MDV,1980,2.86
Maldives,MDV,1981,2.85
Maldives,MDV,1982,2.8
Maldives,MDV,1983,2.65
Maldives,MDV,1984,2.9
Maldives,MDV,1985,3.49
Maldives,MDV,1986,3.57
Maldives,MDV,1987,3.44
Maldives,MDV,1988,3.21
Maldives,MDV,1989,3.11
Maldives,MDV,1990,3.23
Maldives,MDV,1991,3.07
Maldives,MDV,1992,2.87
Maldives,MDV,1993,2.67
Maldives,MDV,1994,2.44
Maldives,MDV,1995,2.27
Maldives,MDV,1996,2.05
Maldives,MDV,1997,1.86
Maldives,MDV,1998,1.65
Maldives,MDV,1999,1.48
Maldives,MDV,2000,1.65
Maldives,MDV,2001,1.73
Maldives,MDV,2002,1.7
Maldives,MDV,2003,1.66
Maldives,MDV,2004,1.62
Maldives,MDV,2005,1.59
Maldives,MDV,2006,3.15
Maldives,MDV,2007,3.56
Maldives,MDV,2008,3.55
Maldives,MDV,2009,3.54
Maldives,MDV,2010,3.52
Maldives,MDV,2011,3.48
Maldives,MDV,2012,3.4
Maldives,MDV,2013,3.29
Maldives,MDV,2014,4.52
Maldives,MDV,2015,4.33
Maldives,MDV,2016,4.07
Maldives,MDV,2017,3.79
Maldives,MDV,2018,3.42
Maldives,MDV,2019,2.53
Maldives,MDV,2020,1.38
Maldives,MDV,2021,1.33
Maldives,MDV,2022,
Maldives,MDV,2023,
Maldives,MDV,2024,
Maldives,MDV,2025,
Maldives,MDV,2026,
Maldives,MDV,2027,
Maldives,MDV,2028,
Maldives,MDV,2029,
Maldives,MDV,2030,
Maldives,MDV,2031,
Maldives,MDV,2032,
Maldives,MDV,2033,
Maldives,MDV,2034,
Maldives,MDV,2035,
Maldives,MDV,2036,
Maldives,MDV,2037,
Maldives,MDV,2038,
Maldives,MDV,2039,
Maldives,MDV,2040,
Maldives,MDV,2041,
Maldives,MDV,2042,
Maldives,MDV,2043,
Maldives,MDV,2044,
Maldives,MDV,2045,
Maldives,MDV,2046,
Maldives,MDV,2047,
Maldives,MDV,2048,
Maldives,MDV,2049,
Maldives,MDV,2050,
Maldives,MDV,2051,
Maldives,MDV,2052,
Maldives,MDV,2053,
Maldives,MDV,2054,
Maldives,MDV,2055,
Maldives,MDV,2056,
Maldives,MDV,2057,
Maldives,MDV,2058,
Maldives,MDV,2059,
Maldives,MDV,2060,
Maldives,MDV,2061,
Maldives,MDV,2062,
Maldives,MDV,2063,
Maldives,MDV,2064,
Maldives,MDV,2065,
Maldives,MDV,2066,
Maldives,MDV,2067,
Maldives,MDV,2068,
Maldives,MDV,2069,
Maldives,MDV,2070,
Maldives,MDV,2071,
Maldives,MDV,2072,
Maldives,MDV,2073,
Maldives,MDV,2074,
Maldives,MDV,2075,
Maldives,MDV,2076,
Maldives,MDV,2077,
Maldives,MDV,2078,
Maldives,MDV,2079,
Maldives,MDV,2080,
Maldives,MDV,2081,
Maldives,MDV,2082,
Maldives,MDV,2083,
Maldives,MDV,2084,
Maldives,MDV,2085,
Maldives,MDV,2086,
Maldives,MDV,2087,
Maldives,MDV,2088,
Maldives,MDV,2089,
Maldives,MDV,2090,
Maldives,MDV,2091,
Maldives,MDV,2092,
Maldives,MDV,2093,
Maldives,MDV,2094,
Maldives,MDV,2095,
Maldives,MDV,2096,
Maldives,MDV,2097,
Maldives,MDV,2098,
Maldives,MDV,2099,
Maldives,MDV,2100,
Mongolia,MNG,1950,1.52
Mongolia,MNG,1951,1.48
Mongolia,MNG,1952,1.52
Mongolia,MNG,1953,1.56
Mongolia,MNG,1954,1.64
Mongolia,MNG,1955,1.77
Mongolia,MNG,1956,2.75
Mongolia,MNG,1957,2.86
Mongolia,MNG,1958,3.07
Mongolia,MNG,1959,3.32
Mongolia,MNG,1960,3.43
Mongolia,MNG,1961,3.33
Mongolia,MNG,1962,3.25
Mongolia,MNG,1963,2.52
Mongolia,MNG,1964,2.64
Mongolia,MNG,1965,2.73
Mongolia,MNG,1966,2.77
Mongolia,MNG,1967,2.72
Mongolia,MNG,1968,2.59
Mongolia,MNG,1969,2.46
Mongolia,MNG,1970,2.54
Mongolia,MNG,1971,2.63
Mongolia,MNG,1972,2.73
Mongolia,MNG,1973,2.84
Mongolia,MNG,1974,2.9
Mongolia,MNG,1975,2.91
Mongolia,MNG,1976,2.85
Mongolia,MNG,1977,2.76
Mongolia,MNG,1978,2.68
Mongolia,MNG,1979,2.4
Mongolia,MNG,1980,2.41
Mongolia,MNG,1981,2.42
Mongolia,MNG,1982,2.42
Mongolia,MNG,1983,2.45
Mongolia,MNG,1984,2.51
Mongolia,MNG,1985,2.56
Mongolia,MNG,1986,2.6
Mongolia,MNG,1987,2.58
Mongolia,MNG,1988,2.53
Mongolia,MNG,1989,1.96
Mongolia,MNG,1990,1.83
Mongolia,MNG,1991,1.71
Mongolia,MNG,1992,1.57
Mongolia,MNG,1993,1.43
Mongolia,MNG,1994,1.3
Mongolia,MNG,1995,1.19
Mongolia,MNG,1996,1.09
Mongolia,MNG,1997,1
Mongolia,MNG,1998,0.95
Mongolia,MNG,1999,0.98
Mongolia,MNG,2000,0.87
Mongolia,MNG,2001,0.89
Mongolia,MNG,2002,0.88
Mongolia,MNG,2003,0.86
Mongolia,MNG,2004,0.84
Mongolia,MNG,2005,0.83
Mongolia,MNG,2006,0.88
Mongolia,MNG,2007,1
Mongolia,MNG,2008,1.15
Mongolia,MNG,2009,1.32
Mongolia,MNG,2010,1.34
Mongolia,MNG,2011,1.69
Mongolia,MNG,2012,1.8
Mongolia,MNG,2013,1.94
Mongolia,MNG,2014,2.07
Mongolia,MNG,2015,2.15
Mongolia,MNG,2016,2.17
Mongolia,MNG,2017,2.17
Mongolia,MNG,2018,2.18
Mongolia,MNG,2019,2.11
Mongolia,MNG,2020,1.69
Mongolia,MNG,2021,1.53
Mongolia,MNG,2022,
Mongolia,MNG,2023,
Mongolia,MNG,2024,
Mongolia,MNG,2025,
Mongolia,MNG,2026,
Mongolia,MNG,2027,
Mongolia,MNG,2028,
Mongolia,MNG,2029,
Mongolia,MNG,2030,
Mongolia,MNG,2031,
Mongolia,MNG,2032,
Mongolia,MNG,2033,
Mongolia,MNG,2034,
Mongolia,MNG,2035,
Mongolia,MNG,2036,
Mongolia,MNG,2037,
Mongolia,MNG,2038,
Mongolia,MNG,2039,
Mongolia,MNG,2040,
Mongolia,MNG,2041,
Mongolia,MNG,2042,
Mongolia,MNG,2043,
Mongolia,MNG,2044,
Mongolia,MNG,2045,
Mongolia,MNG,2046,
Mongolia,MNG,2047,
Mongolia,MNG,2048,
Mongolia,MNG,2049,
Mongolia,MNG,2050,
Mongolia,MNG,2051,
Mongolia,MNG,2052,
Mongolia,MNG,2053,
Mongolia,MNG,2054,
Mongolia,MNG,2055,
Mongolia,MNG,2056,
Mongolia,MNG,2057,
Mongolia,MNG,2058,
Mongolia,MNG,2059,
Mongolia,MNG,2060,
Mongolia,MNG,2061,
Mongolia,MNG,2062,
Mongolia,MNG,2063,
Mongolia,MNG,2064,
Mongolia,MNG,2065,
Mongolia,MNG,2066,
Mongolia,MNG,2067,
Mongolia,MNG,2068,
Mongolia,MNG,2069,
Mongolia,MNG,2070,
Mongolia,MNG,2071,
Mongolia,MNG,2072,
Mongolia,MNG,2073,
Mongolia,MNG,2074,
Mongolia,MNG,2075,
Mongolia,MNG,2076,
Mongolia,MNG,2077,
Mongolia,MNG,2078,
Mongolia,MNG,2079,
Mongolia,MNG,2080,
Mongolia,MNG,2081,
Mongolia,MNG,2082,
Mongolia,MNG,2083,
Mongolia,MNG,2084,
Mongolia,MNG,2085,
Mongolia,MNG,2086,
Mongolia,MNG,2087,
Mongolia,MNG,2088,
Mongolia,MNG,2089,
Mongolia,MNG,2090,
Mongolia,MNG,2091,
Mongolia,MNG,2092,
Mongolia,MNG,2093,
Mongolia,MNG,2094,
Mongolia,MNG,2095,
Mongolia,MNG,2096,
Mongolia,MNG,2097,
Mongolia,MNG,2098,
Mongolia,MNG,2099,
Mongolia,MNG,2100,
Myanmar,MMR,1950,1.79
Myanmar,MMR,1951,1.81
Myanmar,MMR,1952,1.9
Myanmar,MMR,1953,1.95
Myanmar,MMR,1954,2.03
Myanmar,MMR,1955,2.07
Myanmar,MMR,1956,2.11
Myanmar,MMR,1957,2.14
Myanmar,MMR,1958,2.12
Myanmar,MMR,1959,2.17
Myanmar,MMR,1960,2.19
Myanmar,MMR,1961,2.2
Myanmar,MMR,1962,2.22
Myanmar,MMR,1963,2.23
Myanmar,MMR,1964,2.26
Myanmar,MMR,1965,2.31
Myanmar,MMR,1966,2.31
Myanmar,MMR,1967,2.34
Myanmar,MMR,1968,2.35
Myanmar,MMR,1969,2.32
Myanmar,MMR,1970,2.31
Myanmar,MMR,1971,2.26
Myanmar,MMR,1972,2.25
Myanmar,MMR,1973,2
Myanmar,MMR,1974,1.98
Myanmar,MMR,1975,1.96
Myanmar,MMR,1976,1.93
Myanmar,MMR,1977,1.99
Myanmar,MMR,1978,1.97
Myanmar,MMR,1979,1.94
Myanmar,MMR,1980,1.94
Myanmar,MMR,1981,1.87
Myanmar,MMR,1982,1.8
Myanmar,MMR,1983,2.08
Myanmar,MMR,1984,2.03
Myanmar,MMR,1985,1.92
Myanmar,MMR,1986,1.79
Myanmar,MMR,1987,1.69
Myanmar,MMR,1988,1.6
Myanmar,MMR,1989,1.57
Myanmar,MMR,1990,1.5
Myanmar,MMR,1991,1.38
Myanmar,MMR,1992,1.34
Myanmar,MMR,1993,1.31
Myanmar,MMR,1994,1.3
Myanmar,MMR,1995,1.25
Myanmar,MMR,1996,1.27
Myanmar,MMR,1997,1.24
Myanmar,MMR,1998,1.22
Myanmar,MMR,1999,1.13
Myanmar,MMR,2000,1.06
Myanmar,MMR,2001,1.02
Myanmar,MMR,2002,0.99
Myanmar,MMR,2003,0.91
Myanmar,MMR,2004,0.85
Myanmar,MMR,2005,0.78
Myanmar,MMR,2006,0.74
Myanmar,MMR,2007,0.74
Myanmar,MMR,2008,0.43
Myanmar,MMR,2009,0.74
Myanmar,MMR,2010,0.78
Myanmar,MMR,2011,0.84
Myanmar,MMR,2012,0.85
Myanmar,MMR,2013,0.85
Myanmar,MMR,2014,0.81
Myanmar,MMR,2015,0.79
Myanmar,MMR,2016,0.79
Myanmar,MMR,2017,0.73
Myanmar,MMR,2018,0.71
Myanmar,MMR,2019,0.71
Myanmar,MMR,2020,0.73
Myanmar,MMR,2021,0.67
Myanmar,MMR,2022,
Myanmar,MMR,2023,
Myanmar,MMR,2024,
Myanmar,MMR,2025,
Myanmar,MMR,2026,
Myanmar,MMR,2027,
Myanmar,MMR,2028,
Myanmar,MMR,2029,
Myanmar,MMR,2030,
Myanmar,MMR,2031,
Myanmar,MMR,2032,
Myanmar,MMR,2033,
Myanmar,MMR,2034,
Myanmar,MMR,2035,
Myanmar,MMR,2036,
Myanmar,MMR,2037,
Myanmar,MMR,2038,
Myanmar,MMR,2039,
Myanmar,MMR,2040,
Myanmar,MMR,2041,
Myanmar,MMR,2042,
Myanmar,MMR,2043,
Myanmar,MMR,2044,
Myanmar,MMR,2045,
Myanmar,MMR,2046,
Myanmar,MMR,2047,
Myanmar,MMR,2048,
Myanmar,MMR,2049,
Myanmar,MMR,2050,
Myanmar,MMR,2051,
Myanmar,MMR,2052,
Myanmar,MMR,2053,
Myanmar,MMR,2054,
Myanmar,MMR,2055,
Myanmar,MMR,2056,
Myanmar,MMR,2057,
Myanmar,MMR,2058,
Myanmar,MMR,2059,
Myanmar,MMR,2060,
Myanmar,MMR,2061,
Myanmar,MMR,2062,
Myanmar,MMR,2063,
Myanmar,MMR,2064,
Myanmar,MMR,2065,
Myanmar,MMR,2066,
Myanmar,MMR,2067,
Myanmar,MMR,2068,
Myanmar,MMR,2069,
Myanmar,MMR,2070,
Myanmar,MMR,2071,
Myanmar,MMR,2072,
Myanmar,MMR,2073,
Myanmar,MMR,2074,
Myanmar,MMR,2075,
Myanmar,MMR,2076,
Myanmar,MMR,2077,
Myanmar,MMR,2078,
Myanmar,MMR,2079,
Myanmar,MMR,2080,
Myanmar,MMR,2081,
Myanmar,MMR,2082,
Myanmar,MMR,2083,
Myanmar,MMR,2084,
Myanmar,MMR,2085,
Myanmar,MMR,2086,
Myanmar,MMR,2087,
Myanmar,MMR,2088,
Myanmar,MMR,2089,
Myanmar,MMR,2090,
Myanmar,MMR,2091,
Myanmar,MMR,2092,
Myanmar,MMR,2093,
Myanmar,MMR,2094,
Myanmar,MMR,2095,
Myanmar,MMR,2096,
Myanmar,MMR,2097,
Myanmar,MMR,2098,
Myanmar,MMR,2099,
Myanmar,MMR,2100,
Nepal,NPL,1950,2.15
Nepal,NPL,1951,2.11
Nepal,NPL,1952,2.04
Nepal,NPL,1953,1.95
Nepal,NPL,1954,1.92
Nepal,NPL,1955,1.87
Nepal,NPL,1956,1.84
Nepal,NPL,1957,1.81
Nepal,NPL,1958,1.72
Nepal,NPL,1959,1.82
Nepal,NPL,1960,1.89
Nepal,NPL,1961,1.95
Nepal,NPL,1962,1.98
Nepal,NPL,1963,1.99
Nepal,NPL,1964,2.05
Nepal,NPL,1965,2.09
Nepal,NPL,1966,2.09
Nepal,NPL,1967,2.14
Nepal,NPL,1968,2.16
Nepal,NPL,1969,2.16
Nepal,NPL,1970,2.19
Nepal,NPL,1971,2.14
Nepal,NPL,1972,2.16
Nepal,NPL,1973,2.14
Nepal,NPL,1974,2.16
Nepal,NPL,1975,2.18
Nepal,NPL,1976,2.16
Nepal,NPL,1977,2.29
Nepal,NPL,1978,2.31
Nepal,NPL,1979,2.33
Nepal,NPL,1980,2.36
Nepal,NPL,1981,2.32
Nepal,NPL,1982,2.35
Nepal,NPL,1983,2.41
Nepal,NPL,1984,2.33
Nepal,NPL,1985,2.27
Nepal,NPL,1986,2.2
Nepal,NPL,1987,2.1
Nepal,NPL,1988,2.16
Nepal,NPL,1989,2.32
Nepal,NPL,1990,2.54
Nepal,NPL,1991,2.63
Nepal,NPL,1992,2.96
Nepal,NPL,1993,2.43
Nepal,NPL,1994,2.46
Nepal,NPL,1995,2.17
Nepal,NPL,1996,2.07
Nepal,NPL,1997,1.97
Nepal,NPL,1998,1.9
Nepal,NPL,1999,1.78
Nepal,NPL,2000,1.64
Nepal,NPL,2001,1.57
Nepal,NPL,2002,1.43
Nepal,NPL,2003,1.32
Nepal,NPL,2004,1.16
Nepal,NPL,2005,0.99
Nepal,NPL,2006,0.78
Nepal,NPL,2007,0.68
Nepal,NPL,2008,0.57
Nepal,NPL,2009,0.51
Nepal,NPL,2010,0.49
Nepal,NPL,2011,0.28
Nepal,NPL,2012,0.19
Nepal,NPL,2013,0.18
Nepal,NPL,2014,0.4
Nepal,NPL,2015,0.67
Nepal,NPL,2016,1.13
Nepal,NPL,2017,1.16
Nepal,NPL,2018,1.12
Nepal,NPL,2019,1.16
Nepal,NPL,2020,2.38
Nepal,NPL,2021,2.24
Nepal,NPL,2022,
Nepal,NPL,2023,
Nepal,NPL,2024,
Nepal,NPL,2025,
Nepal,NPL,2026,
Nepal,NPL,2027,
Nepal,NPL,2028,
Nepal,NPL,2029,
Nepal,NPL,2030,
Nepal,NPL,2031,
Nepal,NPL,2032,
Nepal,NPL,2033,
Nepal,NPL,2034,
Nepal,NPL,2035,
Nepal,NPL,2036,
Nepal,NPL,2037,
Nepal,NPL,2038,
Nepal,NPL,2039,
Nepal,NPL,2040,
Nepal,NPL,2041,
Nepal,NPL,2042,
Nepal,NPL,2043,
Nepal,NPL,2044,
Nepal,NPL,2045,
Nepal,NPL,2046,
Nepal,NPL,2047,
Nepal,NPL,2048,
Nepal,NPL,2049,
Nepal,NPL,2050,
Nepal,NPL,2051,
Nepal,NPL,2052,
Nepal,NPL,2053,
Nepal,NPL,2054,
Nepal,NPL,2055,
Nepal,NPL,2056,
Nepal,NPL,2057,
Nepal,NPL,2058,
Nepal,NPL,2059,
Nepal,NPL,2060,
Nepal,NPL,2061,
Nepal,NPL,2062,
Nepal,NPL,2063,
Nepal,NPL,2064,
Nepal,NPL,2065,
Nepal,NPL,2066,
Nepal,NPL,2067,
Nepal,NPL,2068,
Nepal,NPL,2069,
Nepal,NPL,2070,
Nepal,NPL,2071,
Nepal,NPL,2072,
Nepal,NPL,2073,
Nepal,NPL,2074,
Nepal,NPL,2075,
Nepal,NPL,2076,
Nepal,NPL,2077,
Nepal,NPL,2078,
Nepal,NPL,2079,
Nepal,NPL,2080,
Nepal,NPL,2081,
Nepal,NPL,2082,
Nepal,NPL,2083,
Nepal,NPL,2084,
Nepal,NPL,2085,
Nepal,NPL,2086,
Nepal,NPL,2087,
Nepal,NPL,2088,
Nepal,NPL,2089,
Nepal,NPL,2090,
Nepal,NPL,2091,
Nepal,NPL,2092,
Nepal,NPL,2093,
Nepal,NPL,2094,
Nepal,NPL,2095,
Nepal,NPL,2096,
Nepal,NPL,2097,
Nepal,NPL,2098,
Nepal,NPL,2099,
Nepal,NPL,2100,
North Korea,PRK,1950,-5.25
North Korea,PRK,1951,-4.81
North Korea,PRK,1952,-1.48
North Korea,PRK,1953,-0.09
North Korea,PRK,1954,1.24
North Korea,PRK,1955,1.75
North Korea,PRK,1956,1.92
North Korea,PRK,1957,2.76
North Korea,PRK,1958,2.81
North Korea,PRK,1959,2.26
North Korea,PRK,1960,2.33
North Korea,PRK,1961,2.1
North Korea,PRK,1962,2.28
North Korea,PRK,1963,2.5
North Korea,PRK,1964,2.45
North Korea,PRK,1965,2.47
North Korea,PRK,1966,2.62
North Korea,PRK,1967,2.91
North Korea,PRK,1968,2.72
North Korea,PRK,1969,2.68
North Korea,PRK,1970,2.61
North Korea,PRK,1971,2.46
North Korea,PRK,1972,2.51
North Korea,PRK,1973,2.01
North Korea,PRK,1974,1.79
North Korea,PRK,1975,1.67
North Korea,PRK,1976,1.47
North Korea,PRK,1977,1.39
North Korea,PRK,1978,1.39
North Korea,PRK,1979,1.42
North Korea,PRK,1980,1.43
North Korea,PRK,1981,1.46
North Korea,PRK,1982,1.45
North Korea,PRK,1983,1.44
North Korea,PRK,1984,1.45
North Korea,PRK,1985,1.47
North Korea,PRK,1986,1.48
North Korea,PRK,1987,1.46
North Korea,PRK,1988,1.47
North Korea,PRK,1989,1.46
North Korea,PRK,1990,1.49
North Korea,PRK,1991,1.52
North Korea,PRK,1992,1.53
North Korea,PRK,1993,1.55
North Korea,PRK,1994,1.48
North Korea,PRK,1995,1.05
North Korea,PRK,1996,0.99
North Korea,PRK,1997,0.89
North Korea,PRK,1998,0.82
North Korea,PRK,1999,0.74
North Korea,PRK,2000,0.65
North Korea,PRK,2001,0.59
North Korea,PRK,2002,0.48
North Korea,PRK,2003,0.73
North Korea,PRK,2004,0.68
North Korea,PRK,2005,0.59
North Korea,PRK,2006,0.52
North Korea,PRK,2007,0.47
North Korea,PRK,2008,0.45
North Korea,PRK,2009,0.46
North Korea,PRK,2010,0.39
North Korea,PRK,2011,0.4
North Korea,PRK,2012,0.44
North Korea,PRK,2013,0.48
North Korea,PRK,2014,0.52
North Korea,PRK,2015,0.53
North Korea,PRK,2016,0.51
North Korea,PRK,2017,0.49
North Korea,PRK,2018,0.46
North Korea,PRK,2019,0.45
North Korea,PRK,2020,0.42
North Korea,PRK,2021,0.39
North Korea,PRK,2022,
North Korea,PRK,2023,
North Korea,PRK,2024,
North Korea,PRK,2025,
North Korea,PRK,2026,
North Korea,PRK,2027,
North Korea,PRK,2028,
North Korea,PRK,2029,
North Korea,PRK,2030,
North Korea,PRK,2031,
North Korea,PRK,2032,
North Korea,PRK,2033,
North Korea,PRK,2034,
North Korea,PRK,2035,
North Korea,PRK,2036,
North Korea,PRK,2037,
North Korea,PRK,2038,
North Korea,PRK,2039,
North Korea,PRK,2040,
North Korea,PRK,2041,
North Korea,PRK,2042,
North Korea,PRK,2043,
North Korea,PRK,2044,
North Korea,PRK,2045,
North Korea,PRK,2046,
North Korea,PRK,2047,
North Korea,PRK,2048,
North Korea,PRK,2049,
North Korea,PRK,2050,
North Korea,PRK,2051,
North Korea,PRK,2052,
North Korea,PRK,2053,
North Korea,PRK,2054,
North Korea,PRK,2055,
North Korea,PRK,2056,
North Korea,PRK,2057,
North Korea,PRK,2058,
North Korea,PRK,2059,
North Korea,PRK,2060,
North Korea,PRK,2061,
North Korea,PRK,2062,
North Korea,PRK,2063,
North Korea,PRK,2064,
North Korea,PRK,2065,
North Korea,PRK,2066,
North Korea,PRK,2067,
North Korea,PRK,2068,
North Korea,PRK,2069,
North Korea,PRK,2070,
North Korea,PRK,2071,
North Korea,PRK,2072,
North Korea,PRK,2073,
North Korea,PRK,2074,
North Korea,PRK,2075,
North Korea,PRK,2076,
North Korea,PRK,2077,
North Korea,PRK,2078,
North Korea,PRK,2079,
North Korea,PRK,2080,
North Korea,PRK,2081,
North Korea,PRK,2082,
North Korea,PRK,2083,
North Korea,PRK,2084,
North Korea,PRK,2085,
North Korea,PRK,2086,
North Korea,PRK,2087,
North Korea,PRK,2088,
North Korea,PRK,2089,
North Korea,PRK,2090,
North Korea,PRK,2091,
North Korea,PRK,2092,
North Korea,PRK,2093,
North Korea,PRK,2094,
North Korea,PRK,2095,
North Korea,PRK,2096,
North Korea,PRK,2097,
North Korea,PRK,2098,
North Korea,PRK,2099,
North Korea,PRK,2100,
Oman,OMN,1950,1.37
Oman,OMN,1951,1.41
Oman,OMN,1952,1.45
Oman,OMN,1953,1.51
Oman,OMN,1954,1.54
Oman,OMN,1955,1.6
Oman,OMN,1956,1.64
Oman,OMN,1957,1.7
Oman,OMN,1958,1.75
Oman,OMN,1959,1.82
Oman,OMN,1960,1.77
Oman,OMN,1961,1.88
Oman,OMN,1962,1.99
Oman,OMN,1963,2.08
Oman,OMN,1964,2.17
Oman,OMN,1965,2.25
Oman,OMN,1966,2.32
Oman,OMN,1967,2.4
Oman,OMN,1968,2.47
Oman,OMN,1969,2.55
Oman,OMN,1970,2.62
Oman,OMN,1971,2.71
Oman,OMN,1972,2.8
Oman,OMN,1973,2.92
Oman,OMN,1974,4.09
Oman,OMN,1975,4.34
Oman,OMN,1976,4.81
Oman,OMN,1977,5.14
Oman,OMN,1978,5.34
Oman,OMN,1979,5.44
Oman,OMN,1980,5.48
Oman,OMN,1981,5.63
Oman,OMN,1982,5.7
Oman,OMN,1983,5.63
Oman,OMN,1984,5.46
Oman,OMN,1985,6.69
Oman,OMN,1986,6.23
Oman,OMN,1987,5.87
Oman,OMN,1988,5.56
Oman,OMN,1989,5.29
Oman,OMN,1990,5.03
Oman,OMN,1991,4.78
Oman,OMN,1992,4.51
Oman,OMN,1993,4.04
Oman,OMN,1994,1.87
Oman,OMN,1995,1.75
Oman,OMN,1996,1.65
Oman,OMN,1997,1.55
Oman,OMN,1998,1.47
Oman,OMN,1999,1.4
Oman,OMN,2000,1.32
Oman,OMN,2001,1.25
Oman,OMN,2002,1.17
Oman,OMN,2003,1.14
Oman,OMN,2004,1.9
Oman,OMN,2005,1.82
Oman,OMN,2006,1.76
Oman,OMN,2007,1.73
Oman,OMN,2008,1.72
Oman,OMN,2009,1.76
Oman,OMN,2010,11.16
Oman,OMN,2011,10.25
Oman,OMN,2012,9.31
Oman,OMN,2013,6.11
Oman,OMN,2014,3.79
Oman,OMN,2015,5.09
Oman,OMN,2016,4.54
Oman,OMN,2017,1.94
Oman,OMN,2018,0.66
Oman,OMN,2019,-0.59
Oman,OMN,2020,-2.01
Oman,OMN,2021,1.01
Oman,OMN,2022,
Oman,OMN,2023,
Oman,OMN,2024,
Oman,OMN,2025,
Oman,OMN,2026,
Oman,OMN,2027,
Oman,OMN,2028,
Oman,OMN,2029,
Oman,OMN,2030,
Oman,OMN,2031,
Oman,OMN,2032,
Oman,OMN,2033,
Oman,OMN,2034,
Oman,OMN,2035,
Oman,OMN,2036,
Oman,OMN,2037,
Oman,OMN,2038,
Oman,OMN,2039,
Oman,OMN,2040,
Oman,OMN,2041,
Oman,OMN,2042,
Oman,OMN,2043,
Oman,OMN,2044,
Oman,OMN,2045,
Oman,OMN,2046,
Oman,OMN,2047,
Oman,OMN,2048,
Oman,OMN,2049,
Oman,OMN,2050,
Oman,OMN,2051,
Oman,OMN,2052,
Oman,OMN,2053,
Oman,OMN,2054,
Oman,OMN,2055,
Oman,OMN,2056,
Oman,OMN,2057,
Oman,OMN,2058,
Oman,OMN,2059,
Oman,OMN,2060,
Oman,OMN,2061,
Oman,OMN,2062,
Oman,OMN,2063,
Oman,OMN,2064,
Oman,OMN,2065,
Oman,OMN,2066,
Oman,OMN,2067,
Oman,OMN,2068,
Oman,OMN,2069,
Oman,OMN,2070,
Oman,OMN,2071,
Oman,OMN,2072,
Oman,OMN,2073,
Oman,OMN,2074,
Oman,OMN,2075,
Oman,OMN,2076,
Oman,OMN,2077,
Oman,OMN,2078,
Oman,OMN,2079,
Oman,OMN,2080,
Oman,OMN,2081,
Oman,OMN,2082,
Oman,OMN,2083,
Oman,OMN,2084,
Oman,OMN,2085,
Oman,OMN,2086,
Oman,OMN,2087,
Oman,OMN,2088,
Oman,OMN,2089,
Oman,OMN,2090,
Oman,OMN,2091,
Oman,OMN,2092,
Oman,OMN,2093,
Oman,OMN,2094,
Oman,OMN,2095,
Oman,OMN,2096,
Oman,OMN,2097,
Oman,OMN,2098,
Oman,OMN,2099,
Oman,OMN,2100,
Philippines,PHL,1950,4.42
Philippines,PHL,1951,4.39
Philippines,PHL,1952,4.4
Philippines,PHL,1953,4.39
Philippines,PHL,1954,4.44
Philippines,PHL,1955,4.46
Philippines,PHL,1956,4.47
Philippines,PHL,1957,4.44
Philippines,PHL,1958,4.32
Philippines,PHL,1959,4.3
Philippines,PHL,1960,3.07
Philippines,PHL,1961,2.85
Philippines,PHL,1962,2.82
Philippines,PHL,1963,2.79
Philippines,PHL,1964,2.76
Philippines,PHL,1965,2.74
Philippines,PHL,1966,2.67
Philippines,PHL,1967,2.67
Philippines,PHL,1968,2.62
Philippines,PHL,1969,2.55
Philippines,PHL,1970,2.63
Philippines,PHL,1971,2.57
Philippines,PHL,1972,2.52
Philippines,PHL,1973,2.46
Philippines,PHL,1974,2.35
Philippines,PHL,1975,2.46
Philippines,PHL,1976,2.57
Philippines,PHL,1977,2.74
Philippines,PHL,1978,2.75
Philippines,PHL,1979,2.68
Philippines,PHL,1980,2.62
Philippines,PHL,1981,2.52
Philippines,PHL,1982,2.48
Philippines,PHL,1983,2.48
Philippines,PHL,1984,2.42
Philippines,PHL,1985,2.38
Philippines,PHL,1986,2.3
Philippines,PHL,1987,2.3
Philippines,PHL,1988,2.32
Philippines,PHL,1989,2.29
Philippines,PHL,1990,2.41
Philippines,PHL,1991,2.34
Philippines,PHL,1992,2.37
Philippines,PHL,1993,2.35
Philippines,PHL,1994,2.34
Philippines,PHL,1995,2.34
Philippines,PHL,1996,2.5
Philippines,PHL,1997,2.44
Philippines,PHL,1998,2.38
Philippines,PHL,1999,2.29
Philippines,PHL,2000,2.15
Philippines,PHL,2001,2.09
Philippines,PHL,2002,2.04
Philippines,PHL,2003,2
Philippines,PHL,2004,1.98
Philippines,PHL,2005,1.9
Philippines,PHL,2006,1.87
Philippines,PHL,2007,1.87
Philippines,PHL,2008,1.87
Philippines,PHL,2009,1.81
Philippines,PHL,2010,1.8
Philippines,PHL,2011,1.77
Philippines,PHL,2012,1.72
Philippines,PHL,2013,1.66
Philippines,PHL,2014,1.58
Philippines,PHL,2015,1.76
Philippines,PHL,2016,1.79
Philippines,PHL,2017,1.73
Philippines,PHL,2018,1.67
Philippines,PHL,2019,1.64
Philippines,PHL,2020,1.61
Philippines,PHL,2021,1.38
Philippines,PHL,2022,
Philippines,PHL,2023,
Philippines,PHL,2024,
Philippines,PHL,2025,
Philippines,PHL,2026,
Philippines,PHL,2027,
Philippines,PHL,2028,
Philippines,PHL,2029,
Philippines,PHL,2030,
Philippines,PHL,2031,
Philippines,PHL,2032,
Philippines,PHL,2033,
Philippines,PHL,2034,
Philippines,PHL,2035,
Philippines,PHL,2036,
Philippines,PHL,2037,
Philippines,PHL,2038,
Philippines,PHL,2039,
Philippines,PHL,2040,
Philippines,PHL,2041,
Philippines,PHL,2042,
Philippines,PHL,2043,
Philippines,PHL,2044,
Philippines,PHL,2045,
Philippines,PHL,2046,
Philippines,PHL,2047,
Philippines,PHL,2048,
Philippines,PHL,2049,
Philippines,PHL,2050,
Philippines,PHL,2051,
Philippines,PHL,2052,
Philippines,PHL,2053,
Philippines,PHL,2054,
Philippines,PHL,2055,
Philippines,PHL,2056,
Philippines,PHL,2057,
Philippines,PHL,2058,
Philippines,PHL,2059,
Philippines,PHL,2060,
Philippines,PHL,2061,
Philippines,PHL,2062,
Philippines,PHL,2063,
Philippines,PHL,2064,
Philippines,PHL,2065,
Philippines,PHL,2066,
Philippines,PHL,2067,
Philippines,PHL,2068,
Philippines,PHL,2069,
Philippines,PHL,2070,
Philippines,PHL,2071,
Philippines,PHL,2072,
Philippines,PHL,2073,
Philippines,PHL,2074,
Philippines,PHL,2075,
Philippines,PHL,2076,
Philippines,PHL,2077,
Philippines,PHL,2078,
Philippines,PHL,2079,
Philippines,PHL,2080,
Philippines,PHL,2081,
Philippines,PHL,2082,
Philippines,PHL,2083,
Philippines,PHL,2084,
Philippines,PHL,2085,
Philippines,PHL,2086,
Philippines,PHL,2087,
Philippines,PHL,2088,
Philippines,PHL,2089,
Philippines,PHL,2090,
Philippines,PHL,2091,
Philippines,PHL,2092,
Philippines,PHL,2093,
Philippines,PHL,2094,
Philippines,PHL,2095,
Philippines,PHL,2096,
Philippines,PHL,2097,
Philippines,PHL,2098,
Philippines,PHL,2099,
Philippines,PHL,2100,
Singapore,SGP,1950,3.96
Singapore,SGP,1951,4.25
Singapore,SGP,1952,4.56
Singapore,SGP,1953,4.79
Singapore,SGP,1954,4.97
Singapore,SGP,1955,4.96
Singapore,SGP,1956,5.03
Singapore,SGP,1957,4.94
Singapore,SGP,1958,4.68
Singapore,SGP,1959,4.41
Singapore,SGP,1960,3.64
Singapore,SGP,1961,3.3
Singapore,SGP,1962,3.06
Singapore,SGP,1963,2.87
Singapore,SGP,1964,2.71
Singapore,SGP,1965,2.56
Singapore,SGP,1966,2.35
Singapore,SGP,1967,2.16
Singapore,SGP,1968,1.94
Singapore,SGP,1969,1.72
Singapore,SGP,1970,1.65
Singapore,SGP,1971,1.62
Singapore,SGP,1972,1.75
Singapore,SGP,1973,1.68
Singapore,SGP,1974,1.44
Singapore,SGP,1975,1.28
Singapore,SGP,1976,1.34
Singapore,SGP,1977,1.31
Singapore,SGP,1978,1.38
Singapore,SGP,1979,1.6
Singapore,SGP,1980,1.97
Singapore,SGP,1981,2.23
Singapore,SGP,1982,2.24
Singapore,SGP,1983,2.3
Singapore,SGP,1984,2.3
Singapore,SGP,1985,2.34
Singapore,SGP,1986,2.35
Singapore,SGP,1987,2.33
Singapore,SGP,1988,2.29
Singapore,SGP,1989,2.19
Singapore,SGP,1990,2.93
Singapore,SGP,1991,3.47
Singapore,SGP,1992,3.32
Singapore,SGP,1993,3.14
Singapore,SGP,1994,3.03
Singapore,SGP,1995,3
Singapore,SGP,1996,3
Singapore,SGP,1997,2.86
Singapore,SGP,1998,2.68
Singapore,SGP,1999,2.44
Singapore,SGP,2000,1.91
Singapore,SGP,2001,1.41
Singapore,SGP,2002,1.26
Singapore,SGP,2003,1.1
Singapore,SGP,2004,0.97
Singapore,SGP,2005,2.46
Singapore,SGP,2006,3.95
Singapore,SGP,2007,3.78
Singapore,SGP,2008,3.6
Singapore,SGP,2009,3.41
Singapore,SGP,2010,2.62
Singapore,SGP,2011,1.9
Singapore,SGP,2012,1.84
Singapore,SGP,2013,1.74
Singapore,SGP,2014,1.61
Singapore,SGP,2015,1.23
Singapore,SGP,2016,0.95
Singapore,SGP,2017,0.88
Singapore,SGP,2018,0.85
Singapore,SGP,2019,0.92
Singapore,SGP,2020,0.55
Singapore,SGP,2021,0.5
Singapore,SGP,2022,
Singapore,SGP,2023,
Singapore,SGP,2024,
Singapore,SGP,2025,
Singapore,SGP,2026,
Singapore,SGP,2027,
Singapore,SGP,2028,
Singapore,SGP,2029,
Singapore,SGP,2030,
Singapore,SGP,2031,
Singapore,SGP,2032,
Singapore,SGP,2033,
Singapore,SGP,2034,
Singapore,SGP,2035,
Singapore,SGP,2036,
Singapore,SGP,2037,
Singapore,SGP,2038,
Singapore,SGP,2039,
Singapore,SGP,2040,
Singapore,SGP,2041,
Singapore,SGP,2042,
Singapore,SGP,2043,
Singapore,SGP,2044,
Singapore,SGP,2045,
Singapore,SGP,2046,
Singapore,SGP,2047,
Singapore,SGP,2048,
Singapore,SGP,2049,
Singapore,SGP,2050,
Singapore,SGP,2051,
Singapore,SGP,2052,
Singapore,SGP,2053,
Singapore,SGP,2054,
Singapore,SGP,2055,
Singapore,SGP,2056,
Singapore,SGP,2057,
Singapore,SGP,2058,
Singapore,SGP,2059,
Singapore,SGP,2060,
Singapore,SGP,2061,
Singapore,SGP,2062,
Singapore,SGP,2063,
Singapore,SGP,2064,
Singapore,SGP,2065,
Singapore,SGP,2066,
Singapore,SGP,2067,
Singapore,SGP,2068,
Singapore,SGP,2069,
Singapore,SGP,2070,
Singapore,SGP,2071,
Singapore,SGP,2072,
Singapore,SGP,2073,
Singapore,SGP,2074,
Singapore,SGP,2075,
Singapore,SGP,2076,
Singapore,SGP,2077,
Singapore,SGP,2078,
Singapore,SGP,2079,
Singapore,SGP,2080,
Singapore,SGP,2081,
Singapore,SGP,2082,
Singapore,SGP,2083,
Singapore,SGP,2084,
Singapore,SGP,2085,
Singapore,SGP,2086,
Singapore,SGP,2087,
Singapore,SGP,2088,
Singapore,SGP,2089,
Singapore,SGP,2090,
Singapore,SGP,2091,
Singapore,SGP,2092,
Singapore,SGP,2093,
Singapore,SGP,2094,
Singapore,SGP,2095,
Singapore,SGP,2096,
Singapore,SGP,2097,
Singapore,SGP,2098,
Singapore,SGP,2099,
Singapore,SGP,2100,
South Korea,KOR,1950,-0.56
South Korea,KOR,1951,0.69
South Korea,KOR,1952,2.03
South Korea,KOR,1953,2.51
South Korea,KOR,1954,2.88
South Korea,KOR,1955,3.02
South Korea,KOR,1956,3.12
South Korea,KOR,1957,3.2
South Korea,KOR,1958,3.19
South Korea,KOR,1959,3.13
South Korea,KOR,1960,3.02
South Korea,KOR,1961,2.6
South Korea,KOR,1962,2.47
South Korea,KOR,1963,2.4
South Korea,KOR,1964,2.21
South Korea,KOR,1965,2.11
South Korea,KOR,1966,2.35
South Korea,KOR,1967,2.3
South Korea,KOR,1968,2.16
South Korea,KOR,1969,2.16
South Korea,KOR,1970,2.11
South Korea,KOR,1971,2.06
South Korea,KOR,1972,2.03
South Korea,KOR,1973,1.95
South Korea,KOR,1974,1.82
South Korea,KOR,1975,1.61
South Korea,KOR,1976,1.3
South Korea,KOR,1977,1.18
South Korea,KOR,1978,1.07
South Korea,KOR,1979,1.1
South Korea,KOR,1980,1.18
South Korea,KOR,1981,1.74
South Korea,KOR,1982,1.7
South Korea,KOR,1983,1.57
South Korea,KOR,1984,1.45
South Korea,KOR,1985,1.32
South Korea,KOR,1986,1.45
South Korea,KOR,1987,1.38
South Korea,KOR,1988,1.35
South Korea,KOR,1989,1.33
South Korea,KOR,1990,1.19
South Korea,KOR,1991,0.47
South Korea,KOR,1992,0.5
South Korea,KOR,1993,0.52
South Korea,KOR,1994,0.51
South Korea,KOR,1995,0.49
South Korea,KOR,1996,0.68
South Korea,KOR,1997,0.64
South Korea,KOR,1998,0.61
South Korea,KOR,1999,0.56
South Korea,KOR,2000,0.59
South Korea,KOR,2001,0.58
South Korea,KOR,2002,0.5
South Korea,KOR,2003,0.42
South Korea,KOR,2004,0.36
South Korea,KOR,2005,0.32
South Korea,KOR,2006,0.35
South Korea,KOR,2007,0.36
South Korea,KOR,2008,0.38
South Korea,KOR,2009,0.4
South Korea,KOR,2010,0.52
South Korea,KOR,2011,0.94
South Korea,KOR,2012,0.94
South Korea,KOR,2013,0.92
South Korea,KOR,2014,0.91
South Korea,KOR,2015,0.81
South Korea,KOR,2016,0.42
South Korea,KOR,2017,0.36
South Korea,KOR,2018,0.28
South Korea,KOR,2019,0.21
South Korea,KOR,2020,-0.05
South Korea,KOR,2021,0
South Korea,KOR,2022,
South Korea,KOR,2023,
South Korea,KOR,2024,
South Korea,KOR,2025,
South Korea,KOR,2026,
South Korea,KOR,2027,
South Korea,KOR,2028,
South Korea,KOR,2029,
South Korea,KOR,2030,
South Korea,KOR,2031,
South Korea,KOR,2032,
South Korea,KOR,2033,
South Korea,KOR,2034,
South Korea,KOR,2035,
South Korea,KOR,2036,
South Korea,KOR,2037,
South Korea,KOR,2038,
South Korea,KOR,2039,
South Korea,KOR,2040,
South Korea,KOR,2041,
South Korea,KOR,2042,
South Korea,KOR,2043,
South Korea,KOR,2044,
South Korea,KOR,2045,
South Korea,KOR,2046,
South Korea,KOR,2047,
South Korea,KOR,2048,
South Korea,KOR,2049,
South Korea,KOR,2050,
South Korea,KOR,2051,
South Korea,KOR,2052,
South Korea,KOR,2053,
South Korea,KOR,2054,
South Korea,KOR,2055,
South Korea,KOR,2056,
South Korea,KOR,2057,
South Korea,KOR,2058,
South Korea,KOR,2059,
South Korea,KOR,2060,
South Korea,KOR,2061,
South Korea,KOR,2062,
South Korea,KOR,2063,
South Korea,KOR,2064,
South Korea,KOR,2065,
South Korea,KOR,2066,
South Korea,KOR,2067,
South Korea,KOR,2068,
South Korea,KOR,2069,
South Korea,KOR,2070,
South Korea,KOR,2071,
South Korea,KOR,2072,
South Korea,KOR,2073,
South Korea,KOR,2074,
South Korea,KOR,2075,
South Korea,KOR,2076,
South Korea,KOR,2077,
South Korea,KOR,2078,
South Korea,KOR,2079,
South Korea,KOR,2080,
South Korea,KOR,2081,
South Korea,KOR,2082,
South Korea,KOR,2083,
South Korea,KOR,2084,
South Korea,KOR,2085,
South Korea,KOR,2086,
South Korea,KOR,2087,
South Korea,KOR,2088,
South Korea,KOR,2089,
South Korea,KOR,2090,
South Korea,KOR,2091,
South Korea,KOR,2092,
South Korea,KOR,2093,
South Korea,KOR,2094,
South Korea,KOR,2095,
South Korea,KOR,2096,
South Korea,KOR,2097,
South Korea,KOR,2098,
South Korea,KOR,2099,
South Korea,KOR,2100,
Sri Lanka,LKA,1950,1.77
Sri Lanka,LKA,1951,1.86
Sri Lanka,LKA,1952,1.92
Sri Lanka,LKA,1953,1.96
Sri Lanka,LKA,1954,2
Sri Lanka,LKA,1955,2.03
Sri Lanka,LKA,1956,2.07
Sri Lanka,LKA,1957,2.18
Sri Lanka,LKA,1958,2.3
Sri Lanka,LKA,1959,2.39
Sri Lanka,LKA,1960,2.42
Sri Lanka,LKA,1961,2.41
Sri Lanka,LKA,1962,2.41
Sri Lanka,LKA,1963,2.41
Sri Lanka,LKA,1964,2.41
Sri Lanka,LKA,1965,2.38
Sri Lanka,LKA,1966,2.35
Sri Lanka,LKA,1967,2.39
Sri Lanka,LKA,1968,2.32
Sri Lanka,LKA,1969,2.23
Sri Lanka,LKA,1970,2.17
Sri Lanka,LKA,1971,2.07
Sri Lanka,LKA,1972,1.99
Sri Lanka,LKA,1973,1.92
Sri Lanka,LKA,1974,1.82
Sri Lanka,LKA,1975,1.8
Sri Lanka,LKA,1976,1.79
Sri Lanka,LKA,1977,1.76
Sri Lanka,LKA,1978,1.82
Sri Lanka,LKA,1979,1.83
Sri Lanka,LKA,1980,1.73
Sri Lanka,LKA,1981,1.66
Sri Lanka,LKA,1982,1.47
Sri Lanka,LKA,1983,1.35
Sri Lanka,LKA,1984,1.36
Sri Lanka,LKA,1985,1.39
Sri Lanka,LKA,1986,1.4
Sri Lanka,LKA,1987,1.39
Sri Lanka,LKA,1988,1.33
Sri Lanka,LKA,1989,1.24
Sri Lanka,LKA,1990,1.26
Sri Lanka,LKA,1991,1.2
Sri Lanka,LKA,1992,1.17
Sri Lanka,LKA,1993,1.1
Sri Lanka,LKA,1994,0.98
Sri Lanka,LKA,1995,0.85
Sri Lanka,LKA,1996,0.74
Sri Lanka,LKA,1997,0.64
Sri Lanka,LKA,1998,0.57
Sri Lanka,LKA,1999,0.61
Sri Lanka,LKA,2000,0.52
Sri Lanka,LKA,2001,1
Sri Lanka,LKA,2002,1
Sri Lanka,LKA,2003,1
Sri Lanka,LKA,2004,0.93
Sri Lanka,LKA,2005,0.95
Sri Lanka,LKA,2006,1.04
Sri Lanka,LKA,2007,1.04
Sri Lanka,LKA,2008,1.01
Sri Lanka,LKA,2009,0.92
Sri Lanka,LKA,2010,0.89
Sri Lanka,LKA,2011,0.95
Sri Lanka,LKA,2012,0.55
Sri Lanka,LKA,2013,0.53
Sri Lanka,LKA,2014,0.48
Sri Lanka,LKA,2015,0.43
Sri Lanka,LKA,2016,0.4
Sri Lanka,LKA,2017,0.36
Sri Lanka,LKA,2018,0.33
Sri Lanka,LKA,2019,0.31
Sri Lanka,LKA,2020,0.29
Sri Lanka,LKA,2021,0.24
Sri Lanka,LKA,2022,
Sri Lanka,LKA,2023,
Sri Lanka,LKA,2024,
Sri Lanka,LKA,2025,
Sri Lanka,LKA,2026,
Sri Lanka,LKA,2027,
Sri Lanka,LKA,2028,
Sri Lanka,LKA,2029,
Sri Lanka,LKA,2030,
Sri Lanka,LKA,2031,
Sri Lanka,LKA,2032,
Sri Lanka,LKA,2033,
Sri Lanka,LKA,2034,
Sri Lanka,LKA,2035,
Sri Lanka,LKA,2036,
Sri Lanka,LKA,2037,
Sri Lanka,LKA,2038,
Sri Lanka,LKA,2039,
Sri Lanka,LKA,2040,
Sri Lanka,LKA,2041,
Sri Lanka,LKA,2042,
Sri Lanka,LKA,2043,
Sri Lanka,LKA,2044,
Sri Lanka,LKA,2045,
Sri Lanka,LKA,2046,
Sri Lanka,LKA,2047,
Sri Lanka,LKA,2048,
Sri Lanka,LKA,2049,
Sri Lanka,LKA,2050,
Sri Lanka,LKA,2051,
Sri Lanka,LKA,2052,
Sri Lanka,LKA,2053,
Sri Lanka,LKA,2054,
Sri Lanka,LKA,2055,
Sri Lanka,LKA,2056,
Sri Lanka,LKA,2057,
Sri Lanka,LKA,2058,
Sri Lanka,LKA,2059,
Sri Lanka,LKA,2060,
Sri Lanka,LKA,2061,
Sri Lanka,LKA,2062,
Sri Lanka,LKA,2063,
Sri Lanka,LKA,2064,
Sri Lanka,LKA,2065,
Sri Lanka,LKA,2066,
Sri Lanka,LKA,2067,
Sri Lanka,LKA,2068,
Sri Lanka,LKA,2069,
Sri Lanka,LKA,2070,
Sri Lanka,LKA,2071,
Sri Lanka,LKA,2072,
Sri Lanka,LKA,2073,
Sri Lanka,LKA,2074,
Sri Lanka,LKA,2075,
Sri Lanka,LKA,2076,
Sri Lanka,LKA,2077,
Sri Lanka,LKA,2078,
Sri Lanka,LKA,2079,
Sri Lanka,LKA,2080,
Sri Lanka,LKA,2081,
Sri Lanka,LKA,2082,
Sri Lanka,LKA,2083,
Sri Lanka,LKA,2084,
Sri Lanka,LKA,2085,
Sri Lanka,LKA,2086,
Sri Lanka,LKA,2087,
Sri Lanka,LKA,2088,
Sri Lanka,LKA,2089,
Sri Lanka,LKA,2090,
Sri Lanka,LKA,2091,
Sri Lanka,LKA,2092,
Sri Lanka,LKA,2093,
Sri Lanka,LKA,2094,
Sri Lanka,LKA,2095,
Sri Lanka,LKA,2096,
Sri Lanka,LKA,2097,
Sri Lanka,LKA,2098,
Sri Lanka,LKA,2099,
Sri Lanka,LKA,2100,
Taiwan,TWN,1950,4.06
Taiwan,TWN,1951,3.96
Taiwan,TWN,1952,3.87
Taiwan,TWN,1953,3.77
Taiwan,TWN,1954,3.69
Taiwan,TWN,1955,3.63
Taiwan,TWN,1956,3.55
Taiwan,TWN,1957,3.48
Taiwan,TWN,1958,3.41
Taiwan,TWN,1959,3.41
Taiwan,TWN,1960,3.45
Taiwan,TWN,1961,3.5
Taiwan,TWN,1962,3.53
Taiwan,TWN,1963,3.49
Taiwan,TWN,1964,3.45
Taiwan,TWN,1965,3.4
Taiwan,TWN,1966,3.3
Taiwan,TWN,1967,2.57
Taiwan,TWN,1968,2.45
Taiwan,TWN,1969,2.35
Taiwan,TWN,1970,2.26
Taiwan,TWN,1971,2.16
Taiwan,TWN,1972,2.05
Taiwan,TWN,1973,1.96
Taiwan,TWN,1974,1.9
Taiwan,TWN,1975,1.86
Taiwan,TWN,1976,1.84
Taiwan,TWN,1977,1.81
Taiwan,TWN,1978,1.78
Taiwan,TWN,1979,1.74
Taiwan,TWN,1980,1.68
Taiwan,TWN,1981,1.61
Taiwan,TWN,1982,1.54
Taiwan,TWN,1983,1.47
Taiwan,TWN,1984,1.39
Taiwan,TWN,1985,1.32
Taiwan,TWN,1986,1.23
Taiwan,TWN,1987,1.13
Taiwan,TWN,1988,1.02
Taiwan,TWN,1989,0.89
Taiwan,TWN,1990,0.89
Taiwan,TWN,1991,0.9
Taiwan,TWN,1992,0.84
Taiwan,TWN,1993,0.8
Taiwan,TWN,1994,0.78
Taiwan,TWN,1995,0.74
Taiwan,TWN,1996,0.71
Taiwan,TWN,1997,0.69
Taiwan,TWN,1998,0.67
Taiwan,TWN,1999,0.64
Taiwan,TWN,2000,0.61
Taiwan,TWN,2001,0.64
Taiwan,TWN,2002,0.58
Taiwan,TWN,2003,0.52
Taiwan,TWN,2004,0.45
Taiwan,TWN,2005,0.37
Taiwan,TWN,2006,0.32
Taiwan,TWN,2007,0.27
Taiwan,TWN,2008,0.22
Taiwan,TWN,2009,0.18
Taiwan,TWN,2010,0.16
Taiwan,TWN,2011,0.36
Taiwan,TWN,2012,0.42
Taiwan,TWN,2013,0.4
Taiwan,TWN,2014,0.38
Taiwan,TWN,2015,0.38
Taiwan,TWN,2016,0.32
Taiwan,TWN,2017,0.28
Taiwan,TWN,2018,0.24
Taiwan,TWN,2019,0.2
Taiwan,TWN,2020,0.17
Taiwan,TWN,2021,0.15
Taiwan,TWN,2022,
Taiwan,TWN,2023,
Taiwan,TWN,2024,
Taiwan,TWN,2025,
Taiwan,TWN,2026,
Taiwan,TWN,2027,
Taiwan,TWN,2028,
Taiwan,TWN,2029,
Taiwan,TWN,2030,
Taiwan,TWN,2031,
Taiwan,TWN,2032,
Taiwan,TWN,2033,
Taiwan,TWN,2034,
Taiwan,TWN,2035,
Taiwan,TWN,2036,
Taiwan,TWN,2037,
Taiwan,TWN,2038,
Taiwan,TWN,2039,
Taiwan,TWN,2040,
Taiwan,TWN,2041,
Taiwan,TWN,2042,
Taiwan,TWN,2043,
Taiwan,TWN,2044,
Taiwan,TWN,2045,
Taiwan,TWN,2046,
Taiwan,TWN,2047,
Taiwan,TWN,2048,
Taiwan,TWN,2049,
Taiwan,TWN,2050,
Taiwan,TWN,2051,
Taiwan,TWN,2052,
Taiwan,TWN,2053,
Taiwan,TWN,2054,
Taiwan,TWN,2055,
Taiwan,TWN,2056,
Taiwan,TWN,2057,
Taiwan,TWN,2058,
Taiwan,TWN,2059,
Taiwan,TWN,2060,
Taiwan,TWN,2061,
Taiwan,TWN,2062,
Taiwan,TWN,2063,
Taiwan,TWN,2064,
Taiwan,TWN,2065,
Taiwan,TWN,2066,
Taiwan,TWN,2067,
Taiwan,TWN,2068,
Taiwan,TWN,2069,
Taiwan,TWN,2070,
Taiwan,TWN,2071,
Taiwan,TWN,2072,
Taiwan,TWN,2073,
Taiwan,TWN,2074,
Taiwan,TWN,2075,
Taiwan,TWN,2076,
Taiwan,TWN,2077,
Taiwan,TWN,2078,
Taiwan,TWN,2079,
Taiwan,TWN,2080,
Taiwan,TWN,2081,
Taiwan,TWN,2082,
Taiwan,TWN,2083,
Taiwan,TWN,2084,
Taiwan,TWN,2085,
Taiwan,TWN,2086,
Taiwan,TWN,2087,
Taiwan,TWN,2088,
Taiwan,TWN,2089,
Taiwan,TWN,2090,
Taiwan,TWN,2091,
Taiwan,TWN,2092,
Taiwan,TWN,2093,
Taiwan,TWN,2094,
Taiwan,TWN,2095,
Taiwan,TWN,2096,
Taiwan,TWN,2097,
Taiwan,TWN,2098,
Taiwan,TWN,2099,
Taiwan,TWN,2100,
Thailand,THA,1950,2.39
Thailand,THA,1951,2.47
Thailand,THA,1952,2.53
Thailand,THA,1953,2.55
Thailand,THA,1954,2.62
Thailand,THA,1955,2.67
Thailand,THA,1956,2.71
Thailand,THA,1957,2.74
Thailand,THA,1958,2.69
Thailand,THA,1959,2.84
Thailand,THA,1960,2.93
Thailand,THA,1961,3.02
Thailand,THA,1962,3.04
Thailand,THA,1963,3.05
Thailand,THA,1964,3.04
Thailand,THA,1965,3.04
Thailand,THA,1966,2.97
Thailand,THA,1967,2.94
Thailand,THA,1968,2.87
Thailand,THA,1969,2.85
Thailand,THA,1970,2.84
Thailand,THA,1971,2.76
Thailand,THA,1972,2.74
Thailand,THA,1973,2.67
Thailand,THA,1974,2.55
Thailand,THA,1975,2.44
Thailand,THA,1976,2.27
Thailand,THA,1977,2.27
Thailand,THA,1978,2.17
Thailand,THA,1979,2.13
Thailand,THA,1980,2.19
Thailand,THA,1981,2.1
Thailand,THA,1982,2.03
Thailand,THA,1983,2
Thailand,THA,1984,1.93
Thailand,THA,1985,1.89
Thailand,THA,1986,1.82
Thailand,THA,1987,1.79
Thailand,THA,1988,1.74
Thailand,THA,1989,1.66
Thailand,THA,1990,1.65
Thailand,THA,1991,1.49
Thailand,THA,1992,1.48
Thailand,THA,1993,1.44
Thailand,THA,1994,1.43
Thailand,THA,1995,1.33
Thailand,THA,1996,1.3
Thailand,THA,1997,1.27
Thailand,THA,1998,1.19
Thailand,THA,1999,1.05
Thailand,THA,2000,0.94
Thailand,THA,2001,0.9
Thailand,THA,2002,0.89
Thailand,THA,2003,0.83
Thailand,THA,2004,0.81
Thailand,THA,2005,0.75
Thailand,THA,2006,0.76
Thailand,THA,2007,0.76
Thailand,THA,2008,0.73
Thailand,THA,2009,0.7
Thailand,THA,2010,0.64
Thailand,THA,2011,0.65
Thailand,THA,2012,0.64
Thailand,THA,2013,0.58
Thailand,THA,2014,0.52
Thailand,THA,2015,0.44
Thailand,THA,2016,0.45
Thailand,THA,2017,0.37
Thailand,THA,2018,0.28
Thailand,THA,2019,0.23
Thailand,THA,2020,0.24
Thailand,THA,2021,0.11
Thailand,THA,2022,
Thailand,THA,2023,
Thailand,THA,2024,
Thailand,THA,2025,
Thailand,THA,2026,
Thailand,THA,2027,
Thailand,THA,2028,
Thailand,THA,2029,
Thailand,THA,2030,
Thailand,THA,2031,
Thailand,THA,2032,
Thailand,THA,2033,
Thailand,THA,2034,
Thailand,THA,2035,
Thailand,THA,2036,
Thailand,THA,2037,
Thailand,THA,2038,
Thailand,THA,2039,
Thailand,THA,2040,
Thailand,THA,2041,
Thailand,THA,2042,
Thailand,THA,2043,
Thailand,THA,2044,
Thailand,THA,2045,
Thailand,THA,2046,
Thailand,THA,2047,
Thailand,THA,2048,
Thailand,THA,2049,
Thailand,THA,2050,
Thailand,THA,2051,
Thailand,THA,2052,
Thailand,THA,2053,
Thailand,THA,2054,
Thailand,THA,2055,
Thailand,THA,2056,
Thailand,THA,2057,
Thailand,THA,2058,
Thailand,THA,2059,
Thailand,THA,2060,
Thailand,THA,2061,
Thailand,THA,2062,
Thailand,THA,2063,
Thailand,THA,2064,
Thailand,THA,2065,
Thailand,THA,2066,
Thailand,THA,2067,
Thailand,THA,2068,
Thailand,THA,2069,
Thailand,THA,2070,
Thailand,THA,2071,
Thailand,THA,2072,
Thailand,THA,2073,
Thailand,THA,2074,
Thailand,THA,2075,
Thailand,THA,2076,
Thailand,THA,2077,
Thailand,THA,2078,
Thailand,THA,2079,
Thailand,THA,2080,
Thailand,THA,2081,
Thailand,THA,2082,
Thailand,THA,2083,
Thailand,THA,2084,
Thailand,THA,2085,
Thailand,THA,2086,
Thailand,THA,2087,
Thailand,THA,2088,
Thailand,THA,2089,
Thailand,THA,2090,
Thailand,THA,2091,
Thailand,THA,2092,
Thailand,THA,2093,
Thailand,THA,2094,
Thailand,THA,2095,
Thailand,THA,2096,
Thailand,THA,2097,
Thailand,THA,2098,
Thailand,THA,2099,
Thailand,THA,2100,
Vietnam,VNM,1950,2.22
Vietnam,VNM,1951,1.87
Vietnam,VNM,1952,2.47
Vietnam,VNM,1953,2.3
Vietnam,VNM,1954,2.75
Vietnam,VNM,1955,2.67
Vietnam,VNM,1956,2.72
Vietnam,VNM,1957,3.03
Vietnam,VNM,1958,3.03
Vietnam,VNM,1959,3.02
Vietnam,VNM,1960,2.99
Vietnam,VNM,1961,2.47
Vietnam,VNM,1962,2.88
Vietnam,VNM,1963,2.79
Vietnam,VNM,1964,2.67
Vietnam,VNM,1965,2.51
Vietnam,VNM,1966,2.35
Vietnam,VNM,1967,2.25
Vietnam,VNM,1968,2.09
Vietnam,VNM,1969,2.2
Vietnam,VNM,1970,2.21
Vietnam,VNM,1971,2.45
Vietnam,VNM,1972,2.12
Vietnam,VNM,1973,2.32
Vietnam,VNM,1974,2.12
Vietnam,VNM,1975,2.49
Vietnam,VNM,1976,2.53
Vietnam,VNM,1977,2.61
Vietnam,VNM,1978,2.52
Vietnam,VNM,1979,1.9
Vietnam,VNM,1980,2.44
Vietnam,VNM,1981,2.46
Vietnam,VNM,1982,2.46
Vietnam,VNM,1983,2.44
Vietnam,VNM,1984,2.4
Vietnam,VNM,1985,2.35
Vietnam,VNM,1986,2.31
Vietnam,VNM,1987,2.25
Vietnam,VNM,1988,2.2
Vietnam,VNM,1989,2.22
Vietnam,VNM,1990,2.15
Vietnam,VNM,1991,2.12
Vietnam,VNM,1992,2.02
Vietnam,VNM,1993,1.92
Vietnam,VNM,1994,1.77
Vietnam,VNM,1995,1.67
Vietnam,VNM,1996,1.52
Vietnam,VNM,1997,1.42
Vietnam,VNM,1998,1.37
Vietnam,VNM,1999,1.2
Vietnam,VNM,2000,1.04
Vietnam,VNM,2001,1.02
Vietnam,VNM,2002,1.04
Vietnam,VNM,2003,1.02
Vietnam,VNM,2004,1.02
Vietnam,VNM,2005,0.99
Vietnam,VNM,2006,0.95
Vietnam,VNM,2007,0.97
Vietnam,VNM,2008,0.99
Vietnam,VNM,2009,1.07
Vietnam,VNM,2010,1.07
Vietnam,VNM,2011,1.07
Vietnam,VNM,2012,1.08
Vietnam,VNM,2013,1.08
Vietnam,VNM,2014,1.06
Vietnam,VNM,2015,1.03
Vietnam,VNM,2016,0.99
Vietnam,VNM,2017,0.95
Vietnam,VNM,2018,0.92
Vietnam,VNM,2019,0.89
Vietnam,VNM,2020,0.92
Vietnam,VNM,2021,0.77
Vietnam,VNM,2022,
Vietnam,VNM,2023,
Vietnam,VNM,2024,
Vietnam,VNM,2025,
Vietnam,VNM,2026,
Vietnam,VNM,2027,
Vietnam,VNM,2028,
Vietnam,VNM,2029,
Vietnam,VNM,2030,
Vietnam,VNM,2031,
Vietnam,VNM,2032,
Vietnam,VNM,2033,
Vietnam,VNM,2034,
Vietnam,VNM,2035,
Vietnam,VNM,2036,
Vietnam,VNM,2037,
Vietnam,VNM,2038,
Vietnam,VNM,2039,
Vietnam,VNM,2040,
Vietnam,VNM,2041,
Vietnam,VNM,2042,
Vietnam,VNM,2043,
Vietnam,VNM,2044,
Vietnam,VNM,2045,
Vietnam,VNM,2046,
Vietnam,VNM,2047,
Vietnam,VNM,2048,
Vietnam,VNM,2049,
Vietnam,VNM,2050,
Vietnam,VNM,2051,
Vietnam,VNM,2052,
Vietnam,VNM,2053,
Vietnam,VNM,2054,
Vietnam,VNM,2055,
Vietnam,VNM,2056,
Vietnam,VNM,2057,
Vietnam,VNM,2058,
Vietnam,VNM,2059,
Vietnam,VNM,2060,
Vietnam,VNM,2061,
Vietnam,VNM,2062,
Vietnam,VNM,2063,
Vietnam,VNM,2064,
Vietnam,VNM,2065,
Vietnam,VNM,2066,
Vietnam,VNM,2067,
Vietnam,VNM,2068,
Vietnam,VNM,2069,
Vietnam,VNM,2070,
Vietnam,VNM,2071,
Vietnam,VNM,2072,
Vietnam,VNM,2073,
Vietnam,VNM,2074,
Vietnam,VNM,2075,
Vietnam,VNM,2076,
Vietnam,VNM,2077,
Vietnam,VNM,2078,
Vietnam,VNM,2079,
Vietnam,VNM,2080,
Vietnam,VNM,2081,
Vietnam,VNM,2082,
Vietnam,VNM,2083,
Vietnam,VNM,2084,
Vietnam,VNM,2085,
Vietnam,VNM,2086,
Vietnam,VNM,2087,
Vietnam,VNM,2088,
Vietnam,VNM,2089,
Vietnam,VNM,2090,
Vietnam,VNM,2091,
Vietnam,VNM,2092,
Vietnam,VNM,2093,
Vietnam,VNM,2094,
Vietnam,VNM,2095,
Vietnam,VNM,2096,
Vietnam,VNM,2097,
Vietnam,VNM,2098,
Vietnam,VNM,2099,
Vietnam,VNM,2100,
