Entity,Code,Year,0_0_PotashPerHa
Bahrain,BHR,1972,2
Bahrain,BHR,1973,2
Bahrain,BHR,1974,3.33
Bahrain,BHR,1978,1.67
Bahrain,BHR,1982,13.25
Bahrain,BHR,1983,29.25
Bahrain,BHR,1984,30
Bahrain,BHR,1985,35
Bahrain,BHR,1986,50
Bahrain,BHR,1987,18.75
Bahrain,BHR,1988,19.25
Bahrain,BHR,1989,33.5
Bahrain,BHR,1990,41.5
Bahrain,BHR,1991,50
Bahrain,BHR,1992,40
Bahrain,BHR,1993,40
Bahrain,BHR,1994,40
Bahrain,BHR,1995,40
Bahrain,BHR,1996,40
Bahrain,BHR,1997,40
Bahrain,BHR,1998,28.6
Bahrain,BHR,1999,23.83
Bahrain,BHR,2000,21.92
Bahrain,BHR,2001,19.23
Bahrain,BHR,2002,27.98
Bahrain,BHR,2003,29.69
Bahrain,BHR,2004,30.96
Bahrain,BHR,2005,30.96
Bahrain,BHR,2006,31.98
Bahrain,BHR,2007,38.96
Bahrain,BHR,2008,38.71
Bahrain,BHR,2009,23.36
Bahrain,BHR,2010,31.76
Bahrain,BHR,2011,31.63
Bahrain,BHR,2012,31.63
Bahrain,BHR,2013,31.63
Bahrain,BHR,2014,31.63
Bahrain,BHR,2015,31.63
Bahrain,BHR,2016,31.63
Bahrain,BHR,2017,31.63
Bahrain,BHR,2018,31.63
Bahrain,BHR,2019,31.63
Bahrain,BHR,2020,31.63
Bangladesh,BGD,1961,0.06
Bangladesh,BGD,1962,0.11
Bangladesh,BGD,1963,0.23
Bangladesh,BGD,1964,0.22
Bangladesh,BGD,1965,0.22
Bangladesh,BGD,1966,0.45
Bangladesh,BGD,1967,0.54
Bangladesh,BGD,1968,0.83
Bangladesh,BGD,1969,1
Bangladesh,BGD,1970,1.18
Bangladesh,BGD,1971,0.92
Bangladesh,BGD,1972,1.2
Bangladesh,BGD,1973,1.19
Bangladesh,BGD,1974,1.14
Bangladesh,BGD,1975,1.54
Bangladesh,BGD,1976,1.54
Bangladesh,BGD,1977,2.67
Bangladesh,BGD,1978,2.92
Bangladesh,BGD,1979,3.13
Bangladesh,BGD,1980,3.06
Bangladesh,BGD,1981,3.01
Bangladesh,BGD,1982,3.2
Bangladesh,BGD,1983,4.04
Bangladesh,BGD,1984,4.38
Bangladesh,BGD,1985,3.82
Bangladesh,BGD,1986,4.19
Bangladesh,BGD,1987,5.43
Bangladesh,BGD,1988,5.75
Bangladesh,BGD,1989,5.69
Bangladesh,BGD,1990,9.01
Bangladesh,BGD,1991,8.46
Bangladesh,BGD,1992,8.21
Bangladesh,BGD,1993,7.04
Bangladesh,BGD,1994,10.55
Bangladesh,BGD,1995,10.71
Bangladesh,BGD,1996,13.41
Bangladesh,BGD,1997,13.21
Bangladesh,BGD,1998,14.33
Bangladesh,BGD,1999,16.16
Bangladesh,BGD,2000,8.41
Bangladesh,BGD,2001,16.63
Bangladesh,BGD,2002,17.82
Bangladesh,BGD,2003,19.14
Bangladesh,BGD,2004,18.67
Bangladesh,BGD,2005,28.05
Bangladesh,BGD,2006,14.38
Bangladesh,BGD,2007,15.79
Bangladesh,BGD,2008,19
Bangladesh,BGD,2009,16.88
Bangladesh,BGD,2010,22.72
Bangladesh,BGD,2011,33.91
Bangladesh,BGD,2012,43.15
Bangladesh,BGD,2013,39.48
Bangladesh,BGD,2014,39.72
Bangladesh,BGD,2015,43.52
Bangladesh,BGD,2016,49
Bangladesh,BGD,2017,52.95
Bangladesh,BGD,2018,48.25
Bangladesh,BGD,2019,46.47
Bangladesh,BGD,2020,49.29
Bhutan,BTN,1983,0.39
Bhutan,BTN,1984,0.22
Bhutan,BTN,2002,0.7
Bhutan,BTN,2003,0.73
Bhutan,BTN,2004,0.79
Bhutan,BTN,2005,0.83
Bhutan,BTN,2006,0.78
Bhutan,BTN,2007,1.12
Bhutan,BTN,2008,1.33
Bhutan,BTN,2009,2.78
Bhutan,BTN,2010,1.17
Bhutan,BTN,2011,1.68
Bhutan,BTN,2012,1.09
Bhutan,BTN,2013,1.72
Bhutan,BTN,2014,2
Bhutan,BTN,2015,2.09
Bhutan,BTN,2016,2.09
Bhutan,BTN,2017,2.16
Bhutan,BTN,2018,2.11
Bhutan,BTN,2019,2.18
Bhutan,BTN,2020,2.18
Brunei,BRN,1980,40.75
Brunei,BRN,1981,1
Brunei,BRN,1982,28.14
Brunei,BRN,1983,11.14
Brunei,BRN,1984,72.71
Brunei,BRN,1985,96
Brunei,BRN,1986,135.57
Brunei,BRN,1988,28.57
Brunei,BRN,1989,28.57
Brunei,BRN,2002,91.71
Brunei,BRN,2003,10.14
Brunei,BRN,2004,14.71
Brunei,BRN,2005,25.71
Brunei,BRN,2006,0
Brunei,BRN,2007,43.75
Brunei,BRN,2008,14.88
Brunei,BRN,2009,12.1
Brunei,BRN,2010,57.1
Brunei,BRN,2011,13.2
Brunei,BRN,2012,8.1
Brunei,BRN,2013,7.7
Brunei,BRN,2014,23.4
Brunei,BRN,2015,23.4
Brunei,BRN,2016,23.4
Brunei,BRN,2017,23.4
Brunei,BRN,2018,23.4
Brunei,BRN,2019,23.4
Brunei,BRN,2020,23.4
Cambodia,KHM,1961,0.01
Cambodia,KHM,1962,0.01
Cambodia,KHM,1963,0.05
Cambodia,KHM,1964,0.08
Cambodia,KHM,1965,0.1
Cambodia,KHM,1966,0.11
Cambodia,KHM,1967,0.13
Cambodia,KHM,1968,0.17
Cambodia,KHM,1969,0.31
Cambodia,KHM,1970,0.2
Cambodia,KHM,1971,0.28
Cambodia,KHM,1972,0.11
Cambodia,KHM,1981,0.48
Cambodia,KHM,1982,0.1
Cambodia,KHM,1984,0.28
Cambodia,KHM,1987,0.19
Cambodia,KHM,1988,0.03
Cambodia,KHM,1989,0.08
Cambodia,KHM,1992,0.03
Cambodia,KHM,1993,0.03
Cambodia,KHM,1995,0.21
Cambodia,KHM,1996,0.21
Cambodia,KHM,2002,0.24
Cambodia,KHM,2003,0.23
Cambodia,KHM,2004,0.19
Cambodia,KHM,2005,0.4
Cambodia,KHM,2006,0.2
Cambodia,KHM,2007,0.21
Cambodia,KHM,2008,0.25
Cambodia,KHM,2009,0.26
Cambodia,KHM,2010,0.26
Cambodia,KHM,2011,0.44
Cambodia,KHM,2012,1.19
Cambodia,KHM,2013,0.7
Cambodia,KHM,2014,1.04
Cambodia,KHM,2015,0.99
Cambodia,KHM,2016,1.05
Cambodia,KHM,2017,0.67
Cambodia,KHM,2018,1
Cambodia,KHM,2019,1.99
Cambodia,KHM,2020,2.55
China,CHN,1961,0.34
China,CHN,1962,0.23
China,CHN,1963,0.29
China,CHN,1964,0.34
China,CHN,1965,0.45
China,CHN,1966,0.57
China,CHN,1967,0.74
China,CHN,1968,0.81
China,CHN,1969,0.7
China,CHN,1970,0.88
China,CHN,1971,0.72
China,CHN,1972,0.71
China,CHN,1973,2.34
China,CHN,1974,2.49
China,CHN,1975,2.08
China,CHN,1976,1.75
China,CHN,1977,1.89
China,CHN,1978,2.35
China,CHN,1979,3.94
China,CHN,1980,4.82
China,CHN,1981,6.93
China,CHN,1982,6.12
China,CHN,1983,7.74
China,CHN,1984,6.86
China,CHN,1985,3.5
China,CHN,1986,5.7
China,CHN,1987,10.97
China,CHN,1988,12.84
China,CHN,1989,10.03
China,CHN,1990,14.19
China,CHN,1991,18.16
China,CHN,1992,14.93
China,CHN,1993,11.78
China,CHN,1994,18.1
China,CHN,1995,22.21
China,CHN,1996,19.92
China,CHN,1997,26.3
China,CHN,1998,26.81
China,CHN,1999,26.07
China,CHN,2000,26.68
China,CHN,2001,30.9
China,CHN,2002,36.22
China,CHN,2003,35.36
China,CHN,2004,41.2
China,CHN,2005,53.6
China,CHN,2006,46.35
China,CHN,2007,62.04
China,CHN,2008,44.84
China,CHN,2009,35.79
China,CHN,2010,53.92
China,CHN,2011,66.28
China,CHN,2012,68.19
China,CHN,2013,65.08
China,CHN,2014,80.61
China,CHN,2015,86.87
China,CHN,2016,86.19
China,CHN,2017,83.89
China,CHN,2018,79.91
China,CHN,2019,75.96
China,CHN,2020,73.25
India,IND,1961,0.17
India,IND,1962,0.22
India,IND,1963,0.31
India,IND,1964,0.43
India,IND,1965,0.48
India,IND,1966,0.7
India,IND,1967,1.04
India,IND,1968,1.03
India,IND,1969,1.28
India,IND,1970,1.43
India,IND,1971,1.83
India,IND,1972,2.11
India,IND,1973,2.17
India,IND,1974,2.02
India,IND,1975,1.67
India,IND,1976,1.91
India,IND,1977,3.03
India,IND,1978,3.52
India,IND,1979,3.6
India,IND,1980,3.71
India,IND,1981,4.02
India,IND,1982,3.68
India,IND,1983,3.72
India,IND,1984,5
India,IND,1985,5.04
India,IND,1986,5.12
India,IND,1987,5.18
India,IND,1988,6.08
India,IND,1989,6.89
India,IND,1990,7.81
India,IND,1991,7.99
India,IND,1992,5.2
India,IND,1993,5.5
India,IND,1994,6.6
India,IND,1995,6.8
India,IND,1996,6.15
India,IND,1997,8.07
India,IND,1998,7.83
India,IND,1999,9.84
India,IND,2000,9.21
India,IND,2001,9.83
India,IND,2002,9.4
India,IND,2003,9.41
India,IND,2004,12.13
India,IND,2005,14.22
India,IND,2006,13.76
India,IND,2007,15.58
India,IND,2008,19.56
India,IND,2009,21.44
India,IND,2010,20.47
India,IND,2011,15.33
India,IND,2012,12.18
India,IND,2013,12.39
India,IND,2014,14.95
India,IND,2015,14.18
India,IND,2016,14.81
India,IND,2017,16.45
India,IND,2018,16.47
India,IND,2019,15.66
India,IND,2020,18.7
Indonesia,IDN,1961,0.15
Indonesia,IDN,1962,0.18
Indonesia,IDN,1963,0.15
Indonesia,IDN,1964,0.12
Indonesia,IDN,1965,0.09
Indonesia,IDN,1966,0.16
Indonesia,IDN,1967,0.21
Indonesia,IDN,1968,0.27
Indonesia,IDN,1969,0.32
Indonesia,IDN,1970,0.25
Indonesia,IDN,1971,0.18
Indonesia,IDN,1972,1.15
Indonesia,IDN,1973,1.55
Indonesia,IDN,1974,1.27
Indonesia,IDN,1975,0.96
Indonesia,IDN,1976,1.15
Indonesia,IDN,1977,1.48
Indonesia,IDN,1978,2.94
Indonesia,IDN,1979,3.24
Indonesia,IDN,1980,3.5
Indonesia,IDN,1981,5.24
Indonesia,IDN,1982,3.09
Indonesia,IDN,1983,4.15
Indonesia,IDN,1984,5.83
Indonesia,IDN,1985,6.26
Indonesia,IDN,1986,4.9
Indonesia,IDN,1987,7.13
Indonesia,IDN,1988,9.23
Indonesia,IDN,1989,8.81
Indonesia,IDN,1990,9.7
Indonesia,IDN,1991,9.08
Indonesia,IDN,1992,9.92
Indonesia,IDN,1993,7.26
Indonesia,IDN,1994,9.94
Indonesia,IDN,1995,9.62
Indonesia,IDN,1996,9.44
Indonesia,IDN,1997,7.45
Indonesia,IDN,1998,7.49
Indonesia,IDN,1999,7.93
Indonesia,IDN,2000,7.39
Indonesia,IDN,2001,10.93
Indonesia,IDN,2002,7.01
Indonesia,IDN,2003,7.29
Indonesia,IDN,2004,14.38
Indonesia,IDN,2005,13.81
Indonesia,IDN,2006,15.01
Indonesia,IDN,2007,26.92
Indonesia,IDN,2008,26.3
Indonesia,IDN,2009,18.92
Indonesia,IDN,2010,22.42
Indonesia,IDN,2011,25.27
Indonesia,IDN,2012,32.75
Indonesia,IDN,2013,35.22
Indonesia,IDN,2014,38.77
Indonesia,IDN,2015,39.68
Indonesia,IDN,2016,33.38
Indonesia,IDN,2017,40.7
Indonesia,IDN,2018,42.2
Indonesia,IDN,2019,33.77
Indonesia,IDN,2020,34.61
Japan,JPN,1961,82.66
Japan,JPN,1962,90.01
Japan,JPN,1963,100.03
Japan,JPN,1964,96.93
Japan,JPN,1965,102.1
Japan,JPN,1966,103.2
Japan,JPN,1967,110.95
Japan,JPN,1968,113.65
Japan,JPN,1969,116.19
Japan,JPN,1970,105.33
Japan,JPN,1971,100.61
Japan,JPN,1972,105.49
Japan,JPN,1973,111.72
Japan,JPN,1974,118.86
Japan,JPN,1975,94.2
Japan,JPN,1976,116.87
Japan,JPN,1977,119.85
Japan,JPN,1978,131.6
Japan,JPN,1979,134.45
Japan,JPN,1980,93.76
Japan,JPN,1981,98.31
Japan,JPN,1982,106.98
Japan,JPN,1983,116.87
Japan,JPN,1984,116.88
Japan,JPN,1985,113.96
Japan,JPN,1986,113.21
Japan,JPN,1987,112.66
Japan,JPN,1988,108.52
Japan,JPN,1989,107.79
Japan,JPN,1990,102.23
Japan,JPN,1991,92.24
Japan,JPN,1992,99.32
Japan,JPN,1993,95.45
Japan,JPN,1994,94.33
Japan,JPN,1995,95.71
Japan,JPN,1996,88.35
Japan,JPN,1997,85.27
Japan,JPN,1998,77.74
Japan,JPN,1999,79.9
Japan,JPN,2000,79.07
Japan,JPN,2001,74.9
Japan,JPN,2002,71.17
Japan,JPN,2003,73.48
Japan,JPN,2004,73.65
Japan,JPN,2005,76.64
Japan,JPN,2006,76.43
Japan,JPN,2007,93.05
Japan,JPN,2008,68.73
Japan,JPN,2009,51.07
Japan,JPN,2010,62.01
Japan,JPN,2011,65.36
Japan,JPN,2012,71.11
Japan,JPN,2013,70.47
Japan,JPN,2014,69.65
Japan,JPN,2015,54.09
Japan,JPN,2016,60.77
Japan,JPN,2017,61.21
Japan,JPN,2018,61.09
Japan,JPN,2019,61.41
Japan,JPN,2020,61.76
Malaysia,MYS,1961,3.74
Malaysia,MYS,1962,4.24
Malaysia,MYS,1963,4.74
Malaysia,MYS,1964,4.84
Malaysia,MYS,1965,4.77
Malaysia,MYS,1966,8.88
Malaysia,MYS,1967,9.73
Malaysia,MYS,1968,8.54
Malaysia,MYS,1969,15.94
Malaysia,MYS,1970,20.84
Malaysia,MYS,1971,15.9
Malaysia,MYS,1972,21.06
Malaysia,MYS,1973,22.81
Malaysia,MYS,1974,25.89
Malaysia,MYS,1975,27.7
Malaysia,MYS,1976,33.69
Malaysia,MYS,1977,34.07
Malaysia,MYS,1978,37.68
Malaysia,MYS,1979,42.73
Malaysia,MYS,1980,41.84
Malaysia,MYS,1981,36.29
Malaysia,MYS,1982,40.02
Malaysia,MYS,1983,42.1
Malaysia,MYS,1984,60.59
Malaysia,MYS,1985,56.34
Malaysia,MYS,1986,55.89
Malaysia,MYS,1987,67.23
Malaysia,MYS,1988,81.81
Malaysia,MYS,1989,71.58
Malaysia,MYS,1990,76.18
Malaysia,MYS,1991,79.81
Malaysia,MYS,1992,78.14
Malaysia,MYS,1993,84.71
Malaysia,MYS,1994,104.32
Malaysia,MYS,1995,89.75
Malaysia,MYS,1996,96.76
Malaysia,MYS,1997,100.39
Malaysia,MYS,1998,113.52
Malaysia,MYS,1999,109.67
Malaysia,MYS,2000,96.19
Malaysia,MYS,2001,96.07
Malaysia,MYS,2002,81.53
Malaysia,MYS,2003,66.93
Malaysia,MYS,2004,133.3
Malaysia,MYS,2005,103.69
Malaysia,MYS,2006,134.18
Malaysia,MYS,2007,143.77
Malaysia,MYS,2008,135.92
Malaysia,MYS,2009,55.21
Malaysia,MYS,2010,135.18
Malaysia,MYS,2011,141.74
Malaysia,MYS,2012,103.2
Malaysia,MYS,2013,108.79
Malaysia,MYS,2014,135.11
Malaysia,MYS,2015,104.85
Malaysia,MYS,2016,114.77
Malaysia,MYS,2017,119.74
Malaysia,MYS,2018,127.03
Malaysia,MYS,2019,127.03
Malaysia,MYS,2020,127.03
Maldives,MDV,2002,0.36
Maldives,MDV,2003,0.55
Maldives,MDV,2004,0.4
Maldives,MDV,2005,3.75
Maldives,MDV,2006,19.33
Maldives,MDV,2009,21.33
Maldives,MDV,2010,20.51
Maldives,MDV,2011,5.25
Maldives,MDV,2012,20.79
Maldives,MDV,2013,46.01
Maldives,MDV,2014,0.76
Maldives,MDV,2015,1.73
Maldives,MDV,2016,2.86
Maldives,MDV,2017,6.06
Maldives,MDV,2018,3.75
Maldives,MDV,2019,3.75
Maldives,MDV,2020,4.32
Mongolia,MNG,1973,0.13
Mongolia,MNG,1974,0.25
Mongolia,MNG,1975,0.36
Mongolia,MNG,1977,0.09
Mongolia,MNG,1983,0.61
Mongolia,MNG,1984,1.35
Mongolia,MNG,1985,1.77
Mongolia,MNG,1986,2.6
Mongolia,MNG,1987,5.09
Mongolia,MNG,1988,3.88
Mongolia,MNG,1989,2.62
Mongolia,MNG,1990,1.31
Mongolia,MNG,1991,1.46
Mongolia,MNG,1992,0.44
Mongolia,MNG,2002,0
Mongolia,MNG,2003,0.03
Mongolia,MNG,2006,0
Mongolia,MNG,2007,0.03
Mongolia,MNG,2008,0
Mongolia,MNG,2009,0.03
Mongolia,MNG,2010,0.02
Mongolia,MNG,2011,0.01
Mongolia,MNG,2012,0
Mongolia,MNG,2013,0
Mongolia,MNG,2014,0
Mongolia,MNG,2015,0.55
Mongolia,MNG,2016,0.96
Mongolia,MNG,2017,0.32
Mongolia,MNG,2018,0.6
Mongolia,MNG,2019,0.18
Mongolia,MNG,2020,0.5
Myanmar,MMR,1961,0.05
Myanmar,MMR,1962,0.05
Myanmar,MMR,1963,0.1
Myanmar,MMR,1964,0.19
Myanmar,MMR,1965,0.29
Myanmar,MMR,1966,0.29
Myanmar,MMR,1967,0.34
Myanmar,MMR,1968,0.07
Myanmar,MMR,1969,0.28
Myanmar,MMR,1970,0.14
Myanmar,MMR,1971,0.13
Myanmar,MMR,1972,0.15
Myanmar,MMR,1973,0.07
Myanmar,MMR,1974,0.24
Myanmar,MMR,1975,0.15
Myanmar,MMR,1976,0.15
Myanmar,MMR,1977,0.19
Myanmar,MMR,1978,0.32
Myanmar,MMR,1979,0.22
Myanmar,MMR,1980,0.31
Myanmar,MMR,1981,0.28
Myanmar,MMR,1982,1.05
Myanmar,MMR,1983,1.19
Myanmar,MMR,1984,1.38
Myanmar,MMR,1985,1.39
Myanmar,MMR,1986,1.44
Myanmar,MMR,1987,0.88
Myanmar,MMR,1988,0.18
Myanmar,MMR,1989,0.17
Myanmar,MMR,1990,0.29
Myanmar,MMR,1991,0.55
Myanmar,MMR,1992,0.12
Myanmar,MMR,1993,0.26
Myanmar,MMR,1994,0.22
Myanmar,MMR,1995,0.75
Myanmar,MMR,1996,0.99
Myanmar,MMR,1997,0.71
Myanmar,MMR,1998,0.23
Myanmar,MMR,1999,0.88
Myanmar,MMR,2000,0.57
Myanmar,MMR,2001,0.56
Myanmar,MMR,2002,0.15
Myanmar,MMR,2003,0.85
Myanmar,MMR,2004,3.59
Myanmar,MMR,2005,0.34
Myanmar,MMR,2006,0.73
Myanmar,MMR,2007,1.49
Myanmar,MMR,2008,0.48
Myanmar,MMR,2009,0.39
Myanmar,MMR,2010,0.82
Myanmar,MMR,2011,1.06
Myanmar,MMR,2012,1.31
Myanmar,MMR,2013,1
Myanmar,MMR,2014,1.05
Myanmar,MMR,2015,1.12
Myanmar,MMR,2016,1.98
Myanmar,MMR,2017,6.25
Myanmar,MMR,2018,10.17
Myanmar,MMR,2019,13.15
Myanmar,MMR,2020,10.37
Nepal,NPL,1961,0.01
Nepal,NPL,1962,0.01
Nepal,NPL,1963,0.01
Nepal,NPL,1964,0.02
Nepal,NPL,1965,0.01
Nepal,NPL,1966,0.06
Nepal,NPL,1967,0.09
Nepal,NPL,1968,0.09
Nepal,NPL,1969,0.09
Nepal,NPL,1970,0.11
Nepal,NPL,1971,0.23
Nepal,NPL,1972,0.51
Nepal,NPL,1973,0.42
Nepal,NPL,1974,0.4
Nepal,NPL,1975,0.61
Nepal,NPL,1976,0.64
Nepal,NPL,1977,0.48
Nepal,NPL,1978,0.64
Nepal,NPL,1979,0.52
Nepal,NPL,1980,0.25
Nepal,NPL,1981,0.33
Nepal,NPL,1982,0.4
Nepal,NPL,1983,0.34
Nepal,NPL,1984,0.52
Nepal,NPL,1985,0.28
Nepal,NPL,1986,0.09
Nepal,NPL,1987,0.37
Nepal,NPL,1988,0.52
Nepal,NPL,1989,0.57
Nepal,NPL,1990,0.67
Nepal,NPL,1991,0.59
Nepal,NPL,1992,0.51
Nepal,NPL,1993,0.54
Nepal,NPL,1994,0.71
Nepal,NPL,1995,1
Nepal,NPL,1996,1.24
Nepal,NPL,1997,0.66
Nepal,NPL,1998,0.74
Nepal,NPL,1999,0.82
Nepal,NPL,2000,1.25
Nepal,NPL,2001,0.33
Nepal,NPL,2002,0.73
Nepal,NPL,2003,0.42
Nepal,NPL,2004,0.58
Nepal,NPL,2005,0.12
Nepal,NPL,2007,0.14
Nepal,NPL,2008,0
Nepal,NPL,2009,0.05
Nepal,NPL,2010,0.61
Nepal,NPL,2011,0.53
Nepal,NPL,2012,0.58
Nepal,NPL,2013,1.05
Nepal,NPL,2014,1.61
Nepal,NPL,2015,1.73
Nepal,NPL,2016,2.28
Nepal,NPL,2017,2.83
Nepal,NPL,2018,3.36
Nepal,NPL,2019,3.17
Nepal,NPL,2020,4.13
North Korea,PRK,1961,0
North Korea,PRK,1962,0
North Korea,PRK,1963,0
North Korea,PRK,1964,0
North Korea,PRK,1965,0
North Korea,PRK,1966,0
North Korea,PRK,1967,0
North Korea,PRK,1968,0
North Korea,PRK,1969,0
North Korea,PRK,1970,0
North Korea,PRK,1971,0
North Korea,PRK,1972,0
North Korea,PRK,1973,0
North Korea,PRK,1974,0
North Korea,PRK,1975,0
North Korea,PRK,1976,0
North Korea,PRK,1977,0
North Korea,PRK,1978,0
North Korea,PRK,1979,0
North Korea,PRK,1980,0
North Korea,PRK,1981,0
North Korea,PRK,1982,0
North Korea,PRK,1983,0
North Korea,PRK,1984,0
North Korea,PRK,1985,0
North Korea,PRK,1986,0
North Korea,PRK,1987,0
North Korea,PRK,1988,0
North Korea,PRK,1989,0
North Korea,PRK,1990,0
North Korea,PRK,1991,0
North Korea,PRK,1992,0
North Korea,PRK,1993,0
North Korea,PRK,1994,0
North Korea,PRK,1995,0
North Korea,PRK,1996,0
North Korea,PRK,1997,0
North Korea,PRK,1998,0
North Korea,PRK,1999,0
North Korea,PRK,2000,0
North Korea,PRK,2001,0
North Korea,PRK,2002,0.39
North Korea,PRK,2003,0.31
North Korea,PRK,2004,0.17
North Korea,PRK,2005,0.18
North Korea,PRK,2006,0.11
North Korea,PRK,2007,0.09
North Korea,PRK,2008,0.15
North Korea,PRK,2009,0.16
North Korea,PRK,2010,0.16
North Korea,PRK,2011,0.17
North Korea,PRK,2012,0.17
North Korea,PRK,2013,0.17
North Korea,PRK,2014,0.17
North Korea,PRK,2015,0.17
North Korea,PRK,2016,0.17
North Korea,PRK,2017,0.17
North Korea,PRK,2018,0.17
North Korea,PRK,2019,0.17
North Korea,PRK,2020,0.17
Oman,OMN,1975,1.83
Oman,OMN,1976,4.17
Oman,OMN,1977,4.08
Oman,OMN,1978,0.29
Oman,OMN,1979,5.04
Oman,OMN,1980,3.86
Oman,OMN,1981,4.8
Oman,OMN,1982,8.29
Oman,OMN,1983,6.69
Oman,OMN,1984,4.24
Oman,OMN,1985,15.31
Oman,OMN,1986,8.4
Oman,OMN,1987,8.69
Oman,OMN,1988,20.62
Oman,OMN,1989,23.43
Oman,OMN,1990,38.7
Oman,OMN,1991,22.56
Oman,OMN,1992,18.07
Oman,OMN,1993,27.78
Oman,OMN,1994,11.11
Oman,OMN,1995,12.68
Oman,OMN,1996,12.68
Oman,OMN,1997,13.83
Oman,OMN,1998,9.86
Oman,OMN,1999,11.27
Oman,OMN,2000,10.96
Oman,OMN,2001,41.02
Oman,OMN,2002,88.83
Oman,OMN,2003,43.63
Oman,OMN,2004,96.62
Oman,OMN,2005,112.56
Oman,OMN,2006,173.57
Oman,OMN,2007,123
Oman,OMN,2008,165.57
Oman,OMN,2009,79.89
Oman,OMN,2010,96.77
Oman,OMN,2011,70.29
Oman,OMN,2012,84.84
Oman,OMN,2013,83.64
Oman,OMN,2014,113.08
Oman,OMN,2015,108.77
Oman,OMN,2016,155.42
Oman,OMN,2017,107.14
Oman,OMN,2018,100.82
Oman,OMN,2019,100.82
Oman,OMN,2020,103.13
Philippines,PHL,1961,2.81
Philippines,PHL,1962,2.19
Philippines,PHL,1963,2.69
Philippines,PHL,1964,1.72
Philippines,PHL,1965,4.13
Philippines,PHL,1966,1.71
Philippines,PHL,1967,4.02
Philippines,PHL,1968,5.38
Philippines,PHL,1969,5.1
Philippines,PHL,1970,5.09
Philippines,PHL,1971,4.96
Philippines,PHL,1972,5.11
Philippines,PHL,1973,7.18
Philippines,PHL,1974,7.51
Philippines,PHL,1975,5.84
Philippines,PHL,1976,5.92
Philippines,PHL,1977,5.05
Philippines,PHL,1978,6.18
Philippines,PHL,1979,6.78
Philippines,PHL,1980,5.8
Philippines,PHL,1981,6.36
Philippines,PHL,1982,5.91
Philippines,PHL,1983,6.68
Philippines,PHL,1984,3.99
Philippines,PHL,1985,3.59
Philippines,PHL,1986,4.72
Philippines,PHL,1987,4.94
Philippines,PHL,1988,5.58
Philippines,PHL,1989,7.69
Philippines,PHL,1990,8.25
Philippines,PHL,1991,6.83
Philippines,PHL,1992,7.09
Philippines,PHL,1993,6.93
Philippines,PHL,1994,9.51
Philippines,PHL,1995,7.37
Philippines,PHL,1996,11.15
Philippines,PHL,1997,11.36
Philippines,PHL,1998,10.22
Philippines,PHL,1999,12.34
Philippines,PHL,2000,12.56
Philippines,PHL,2001,12.95
Philippines,PHL,2002,11.73
Philippines,PHL,2003,13.14
Philippines,PHL,2004,12.06
Philippines,PHL,2005,10.35
Philippines,PHL,2006,11.61
Philippines,PHL,2007,11.43
Philippines,PHL,2008,8.71
Philippines,PHL,2009,16.48
Philippines,PHL,2010,11.03
Philippines,PHL,2011,11.16
Philippines,PHL,2012,10.06
Philippines,PHL,2013,12.99
Philippines,PHL,2014,13.45
Philippines,PHL,2015,11
Philippines,PHL,2016,14.7
Philippines,PHL,2017,19.72
Philippines,PHL,2018,14.58
Philippines,PHL,2019,18.53
Philippines,PHL,2020,19.02
South Korea,KOR,1961,8.17
South Korea,KOR,1962,12.12
South Korea,KOR,1963,14
South Korea,KOR,1964,18.89
South Korea,KOR,1965,17.79
South Korea,KOR,1966,25.64
South Korea,KOR,1967,32.96
South Korea,KOR,1968,30.69
South Korea,KOR,1969,36.23
South Korea,KOR,1970,36.12
South Korea,KOR,1971,40.86
South Korea,KOR,1972,46.46
South Korea,KOR,1973,66.84
South Korea,KOR,1974,69.46
South Korea,KOR,1975,72.05
South Korea,KOR,1976,62.48
South Korea,KOR,1977,61.85
South Korea,KOR,1978,78.16
South Korea,KOR,1979,86.78
South Korea,KOR,1980,83.48
South Korea,KOR,1981,91.02
South Korea,KOR,1982,71.79
South Korea,KOR,1983,82.69
South Korea,KOR,1984,90.62
South Korea,KOR,1985,99.63
South Korea,KOR,1986,106.45
South Korea,KOR,1987,113.02
South Korea,KOR,1988,115.01
South Korea,KOR,1989,108.65
South Korea,KOR,1990,105.6
South Korea,KOR,1991,106.46
South Korea,KOR,1992,124.64
South Korea,KOR,1993,131.34
South Korea,KOR,1994,129.37
South Korea,KOR,1995,138.04
South Korea,KOR,1996,125.45
South Korea,KOR,1997,136.17
South Korea,KOR,1998,119.37
South Korea,KOR,1999,112.83
South Korea,KOR,2000,109.54
South Korea,KOR,2001,99.89
South Korea,KOR,2002,94.9
South Korea,KOR,2003,99.78
South Korea,KOR,2004,106.75
South Korea,KOR,2005,113.1
South Korea,KOR,2006,72.83
South Korea,KOR,2007,96.63
South Korea,KOR,2008,56.85
South Korea,KOR,2009,87.86
South Korea,KOR,2010,83.95
South Korea,KOR,2011,85.33
South Korea,KOR,2012,91.03
South Korea,KOR,2013,87.02
South Korea,KOR,2014,87.52
South Korea,KOR,2015,86.1
South Korea,KOR,2016,87.23
South Korea,KOR,2017,88.56
South Korea,KOR,2018,90.82
South Korea,KOR,2019,91.02
South Korea,KOR,2020,90.35
Sri Lanka,LKA,1961,17.98
Sri Lanka,LKA,1962,17.75
Sri Lanka,LKA,1963,17.81
Sri Lanka,LKA,1964,14.07
Sri Lanka,LKA,1965,18.35
Sri Lanka,LKA,1966,20.5
Sri Lanka,LKA,1967,17.81
Sri Lanka,LKA,1968,23.14
Sri Lanka,LKA,1969,13.23
Sri Lanka,LKA,1970,17.63
Sri Lanka,LKA,1971,18
Sri Lanka,LKA,1972,16.37
Sri Lanka,LKA,1973,16.53
Sri Lanka,LKA,1974,16.32
Sri Lanka,LKA,1975,11.2
Sri Lanka,LKA,1976,14.56
Sri Lanka,LKA,1977,11.94
Sri Lanka,LKA,1978,14.94
Sri Lanka,LKA,1979,17.86
Sri Lanka,LKA,1980,24.08
Sri Lanka,LKA,1981,21.62
Sri Lanka,LKA,1982,24.23
Sri Lanka,LKA,1983,26.64
Sri Lanka,LKA,1984,28.36
Sri Lanka,LKA,1985,29.4
Sri Lanka,LKA,1986,28.78
Sri Lanka,LKA,1987,31.56
Sri Lanka,LKA,1988,32.67
Sri Lanka,LKA,1989,32.39
Sri Lanka,LKA,1990,26.1
Sri Lanka,LKA,1991,26.53
Sri Lanka,LKA,1992,26.82
Sri Lanka,LKA,1993,30.37
Sri Lanka,LKA,1994,31.24
Sri Lanka,LKA,1995,29.56
Sri Lanka,LKA,1996,31.06
Sri Lanka,LKA,1997,29.71
Sri Lanka,LKA,1998,32.62
Sri Lanka,LKA,1999,32.35
Sri Lanka,LKA,2000,30.94
Sri Lanka,LKA,2001,28.39
Sri Lanka,LKA,2002,32.14
Sri Lanka,LKA,2003,30.11
Sri Lanka,LKA,2004,32.53
Sri Lanka,LKA,2005,30.13
Sri Lanka,LKA,2006,39.86
Sri Lanka,LKA,2007,39.81
Sri Lanka,LKA,2008,44.37
Sri Lanka,LKA,2009,34.68
Sri Lanka,LKA,2010,26.64
Sri Lanka,LKA,2011,27.38
Sri Lanka,LKA,2012,17.7
Sri Lanka,LKA,2013,23.72
Sri Lanka,LKA,2014,21.43
Sri Lanka,LKA,2015,25.08
Sri Lanka,LKA,2016,8.15
Sri Lanka,LKA,2017,11.12
Sri Lanka,LKA,2018,33.68
Sri Lanka,LKA,2019,32.54
Sri Lanka,LKA,2020,50.47
Taiwan,TWN,2002,136.19
Taiwan,TWN,2003,138.49
Taiwan,TWN,2004,146.92
Taiwan,TWN,2005,136.02
Taiwan,TWN,2006,145.43
Taiwan,TWN,2007,142.2
Taiwan,TWN,2008,134.61
Taiwan,TWN,2009,136.06
Taiwan,TWN,2010,144.27
Taiwan,TWN,2011,144.25
Taiwan,TWN,2012,147.45
Taiwan,TWN,2013,153.85
Taiwan,TWN,2014,147.26
Taiwan,TWN,2015,145.79
Taiwan,TWN,2016,152.82
Taiwan,TWN,2017,141.54
Taiwan,TWN,2018,141.36
Taiwan,TWN,2019,133.01
Taiwan,TWN,2020,142.65
Thailand,THA,1961,0.19
Thailand,THA,1962,0.25
Thailand,THA,1963,0.35
Thailand,THA,1964,0.38
Thailand,THA,1965,0.36
Thailand,THA,1966,0.61
Thailand,THA,1967,0.97
Thailand,THA,1968,0.77
Thailand,THA,1969,0.8
Thailand,THA,1970,1.09
Thailand,THA,1971,1.64
Thailand,THA,1972,2.85
Thailand,THA,1973,2.46
Thailand,THA,1974,3.11
Thailand,THA,1975,2.34
Thailand,THA,1976,1.21
Thailand,THA,1977,1.27
Thailand,THA,1978,1.69
Thailand,THA,1979,2.35
Thailand,THA,1980,2.2
Thailand,THA,1981,2.45
Thailand,THA,1982,2.44
Thailand,THA,1983,4.67
Thailand,THA,1984,3.82
Thailand,THA,1985,2.94
Thailand,THA,1986,3.94
Thailand,THA,1987,5.17
Thailand,THA,1988,6.32
Thailand,THA,1989,6.42
Thailand,THA,1990,7.23
Thailand,THA,1991,7.91
Thailand,THA,1992,9.33
Thailand,THA,1993,12.52
Thailand,THA,1994,12.11
Thailand,THA,1995,15.97
Thailand,THA,1996,13.61
Thailand,THA,1997,13.95
Thailand,THA,1998,14.39
Thailand,THA,1999,14.47
Thailand,THA,2000,13.3
Thailand,THA,2001,14.97
Thailand,THA,2002,14.5
Thailand,THA,2003,24.1
Thailand,THA,2004,20.61
Thailand,THA,2005,19.08
Thailand,THA,2006,16.89
Thailand,THA,2007,20.61
Thailand,THA,2008,22.13
Thailand,THA,2009,8.5
Thailand,THA,2010,23.12
Thailand,THA,2011,27.77
Thailand,THA,2012,21.09
Thailand,THA,2013,27.37
Thailand,THA,2014,27.51
Thailand,THA,2015,26.22
Thailand,THA,2016,26.08
Thailand,THA,2017,29.56
Thailand,THA,2018,28.17
Thailand,THA,2019,17.59
Thailand,THA,2020,25.57
Vietnam,VNM,1967,3.15
Vietnam,VNM,1968,2.16
Vietnam,VNM,1969,5.29
Vietnam,VNM,1970,6.33
Vietnam,VNM,1971,4.28
Vietnam,VNM,1972,4
Vietnam,VNM,1973,6.51
Vietnam,VNM,1974,5.47
Vietnam,VNM,1975,5.74
Vietnam,VNM,1976,3.41
Vietnam,VNM,1977,3.76
Vietnam,VNM,1978,4.16
Vietnam,VNM,1979,5.66
Vietnam,VNM,1980,5.98
Vietnam,VNM,1981,3.36
Vietnam,VNM,1982,3.34
Vietnam,VNM,1983,2.49
Vietnam,VNM,1984,4.29
Vietnam,VNM,1985,5.59
Vietnam,VNM,1986,11.09
Vietnam,VNM,1987,6.95
Vietnam,VNM,1988,6.01
Vietnam,VNM,1989,6.47
Vietnam,VNM,1990,4.57
Vietnam,VNM,1991,2.49
Vietnam,VNM,1992,6.21
Vietnam,VNM,1993,3.52
Vietnam,VNM,1994,10.04
Vietnam,VNM,1995,13.04
Vietnam,VNM,1996,15.56
Vietnam,VNM,1997,22.49
Vietnam,VNM,1998,36.56
Vietnam,VNM,1999,48.51
Vietnam,VNM,2000,53.21
Vietnam,VNM,2001,38.15
Vietnam,VNM,2002,34.36
Vietnam,VNM,2003,38.54
Vietnam,VNM,2004,47.56
Vietnam,VNM,2005,32.35
Vietnam,VNM,2006,36.61
Vietnam,VNM,2007,51.3
Vietnam,VNM,2008,45.97
Vietnam,VNM,2009,31.93
Vietnam,VNM,2010,40.93
Vietnam,VNM,2011,58.65
Vietnam,VNM,2012,49.22
Vietnam,VNM,2013,61.34
Vietnam,VNM,2014,55.08
Vietnam,VNM,2015,50.03
Vietnam,VNM,2016,51.95
Vietnam,VNM,2017,66.31
Vietnam,VNM,2018,50.35
Vietnam,VNM,2019,43.55
Vietnam,VNM,2020,52.85
