Entity,Code,Year,0_0_ShareOfGlobalCO2
Afghanistan,AFG,1949,0.000279383
Afghanistan,AFG,1950,0.001403768
Afghanistan,AFG,1951,0.001435783
Afghanistan,AFG,1952,0.001416701
Afghanistan,AFG,1953,0.001598372
Afghanistan,AFG,1954,0.001564897
Afghanistan,AFG,1955,0.002067486
Afghanistan,AFG,1956,0.00231189
Afghanistan,AFG,1957,0.003580946
Afghanistan,AFG,1958,0.003917495
Afghanistan,AFG,1959,0.004342383
Afghanistan,AFG,1960,0.004408816
Afghanistan,AFG,1961,0.005211022
Afghanistan,AFG,1962,0.007061735
Afghanistan,AFG,1963,0.006880449
Afghanistan,AFG,1964,0.007743131
Afghanistan,AFG,1965,0.008896915
Afghanistan,AFG,1966,0.009194954
Afghanistan,AFG,1967,0.010469306
Afghanistan,AFG,1968,0.009475651
Afghanistan,AFG,1969,0.006836673
Afghanistan,AFG,1970,0.011211684
Afghanistan,AFG,1971,0.012212147
Afghanistan,AFG,1972,0.009429864
Afghanistan,AFG,1973,0.009571787
Afghanistan,AFG,1974,0.011242278
Afghanistan,AFG,1975,0.012438754
Afghanistan,AFG,1976,0.011009735
Afghanistan,AFG,1977,0.01288545
Afghanistan,AFG,1978,0.0112873
Afghanistan,AFG,1979,0.01138088
Afghanistan,AFG,1980,0.009006094
Afghanistan,AFG,1981,0.010393207
Afghanistan,AFG,1982,0.011091542
Afghanistan,AFG,1983,0.013258352
Afghanistan,AFG,1984,0.014348208
Afghanistan,AFG,1985,0.017226756
Afghanistan,AFG,1986,0.015191693
Afghanistan,AFG,1987,0.014636833
Afghanistan,AFG,1988,0.012922573
Afghanistan,AFG,1989,0.012337374
Afghanistan,AFG,1990,0.008895212
Afghanistan,AFG,1991,0.008235392
Afghanistan,AFG,1992,0.006563563
Afghanistan,AFG,1993,0.006517992
Afghanistan,AFG,1994,0.006329389
Afghanistan,AFG,1995,0.006041794
Afghanistan,AFG,1996,0.005671105
Afghanistan,AFG,1997,0.00536631
Afghanistan,AFG,1998,0.005280181
Afghanistan,AFG,1999,0.004413807
Afghanistan,AFG,2000,0.004113866
Afghanistan,AFG,2001,0.004165093
Afghanistan,AFG,2002,0.005102519
Afghanistan,AFG,2003,0.005640188
Afghanistan,AFG,2004,0.004320495
Afghanistan,AFG,2005,0.006380322
Afghanistan,AFG,2006,0.007058182
Afghanistan,AFG,2007,0.008886686
Afghanistan,AFG,2008,0.013259674
Afghanistan,AFG,2009,0.020250544
Afghanistan,AFG,2010,0.025071083
Afghanistan,AFG,2011,0.03432688
Afghanistan,AFG,2012,0.02866719
Afghanistan,AFG,2013,0.026191164
Afghanistan,AFG,2014,0.02577556
Afghanistan,AFG,2015,0.027535116
Afghanistan,AFG,2016,0.025525136
Afghanistan,AFG,2017,0.027337566
Afghanistan,AFG,2018,0.029375708
Afghanistan,AFG,2019,0.029883645
Afghanistan,AFG,2020,0.033126526
Afghanistan,AFG,2021,0.031985395
Armenia,ARM,1830,4.48817E-05
Armenia,ARM,1831,5.79686E-05
Armenia,ARM,1832,3.75979E-05
Armenia,ARM,1833,4.6079E-05
Armenia,ARM,1850,0.000127478
Armenia,ARM,1855,0.000292506
Armenia,ARM,1858,0.000376182
Armenia,ARM,1859,0.000376355
Armenia,ARM,1860,0.000453059
Armenia,ARM,1861,0.000547257
Armenia,ARM,1862,0.000484951
Armenia,ARM,1863,0.000475839
Armenia,ARM,1864,0.000495222
Armenia,ARM,1865,0.000445748
Armenia,ARM,1866,0.001365339
Armenia,ARM,1867,0.001462491
Armenia,ARM,1868,0.001184711
Armenia,ARM,1869,0.00151344
Armenia,ARM,1870,0.001607213
Armenia,ARM,1871,0.002041004
Armenia,ARM,1872,0.001893764
Armenia,ARM,1873,0.001673231
Armenia,ARM,1874,0.002169191
Armenia,ARM,1875,0.00230172
Armenia,ARM,1876,0.002816997
Armenia,ARM,1877,0.002819202
Armenia,ARM,1878,0.003656695
Armenia,ARM,1879,0.003501146
Armenia,ARM,1880,0.003631701
Armenia,ARM,1881,0.003700795
Armenia,ARM,1882,0.003690975
Armenia,ARM,1883,0.003950426
Armenia,ARM,1884,0.003966276
Armenia,ARM,1885,0.004288128
Armenia,ARM,1886,0.004330187
Armenia,ARM,1887,0.004363841
Armenia,ARM,1888,0.004110891
Armenia,ARM,1889,0.004441351
Armenia,ARM,1890,0.004616552
Armenia,ARM,1891,0.004857037
Armenia,ARM,1892,0.00509916
Armenia,ARM,1893,0.006049264
Armenia,ARM,1894,0.005953638
Armenia,ARM,1895,0.006452082
Armenia,ARM,1896,0.006360756
Armenia,ARM,1897,0.007021973
Armenia,ARM,1898,0.007466539
Armenia,ARM,1899,0.007929228
Armenia,ARM,1900,0.008515684
Armenia,ARM,1901,0.008462847
Armenia,ARM,1902,0.007972349
Armenia,ARM,1903,0.007153559
Armenia,ARM,1904,0.007869376
Armenia,ARM,1905,0.006597377
Armenia,ARM,1906,0.00720616
Armenia,ARM,1907,0.00708349
Armenia,ARM,1908,0.007414194
Armenia,ARM,1909,0.00751771
Armenia,ARM,1910,0.007024247
Armenia,ARM,1911,0.007175238
Armenia,ARM,1912,0.007735251
Armenia,ARM,1913,0.007755033
Armenia,ARM,1914,0.007716533
Armenia,ARM,1915,0.007185636
Armenia,ARM,1916,0.007091029
Armenia,ARM,1917,0.006241079
Armenia,ARM,1918,0.002522475
Armenia,ARM,1919,0.002484877
Armenia,ARM,1920,0.001948957
Armenia,ARM,1921,0.002408897
Armenia,ARM,1922,0.002801525
Armenia,ARM,1923,0.002727868
Armenia,ARM,1924,0.003240553
Armenia,ARM,1925,0.003164453
Armenia,ARM,1926,0.004668083
Armenia,ARM,1927,0.005317654
Armenia,ARM,1928,0.005863803
Armenia,ARM,1929,0.005884634
Armenia,ARM,1930,0.008716201
Armenia,ARM,1931,0.011725418
Armenia,ARM,1932,0.014631162
Armenia,ARM,1933,0.015553677
Armenia,ARM,1934,0.01728115
Armenia,ARM,1935,0.018606959
Armenia,ARM,1936,0.019414468
Armenia,ARM,1937,0.018592736
Armenia,ARM,1938,0.02087859
Armenia,ARM,1939,0.019974792
Armenia,ARM,1940,0.021930898
Armenia,ARM,1941,0.018835424
Armenia,ARM,1942,0.010359991
Armenia,ARM,1943,0.010637375
Armenia,ARM,1944,0.015198031
Armenia,ARM,1945,0.019262332
Armenia,ARM,1946,0.01978096
Armenia,ARM,1947,0.021476524
Armenia,ARM,1948,0.021641264
Armenia,ARM,1949,0.025385385
Armenia,ARM,1950,0.02468442
Armenia,ARM,1951,0.025146304
Armenia,ARM,1952,0.026564995
Armenia,ARM,1953,0.02732626
Armenia,ARM,1954,0.029192504
Armenia,ARM,1955,0.030193072
Armenia,ARM,1956,0.031126492
Armenia,ARM,1957,0.03298497
Armenia,ARM,1958,0.034255948
Armenia,ARM,1959,0.034231905
Armenia,ARM,1960,0.03363031
Armenia,ARM,1961,0.034608312
Armenia,ARM,1962,0.035137516
Armenia,ARM,1963,0.03582039
Armenia,ARM,1964,0.036171526
Armenia,ARM,1965,0.036733896
Armenia,ARM,1966,0.037012067
Armenia,ARM,1967,0.03755234
Armenia,ARM,1968,0.03665497
Armenia,ARM,1969,0.035828583
Armenia,ARM,1970,0.0348137
Armenia,ARM,1971,0.035563312
Armenia,ARM,1972,0.03579342
Armenia,ARM,1973,0.03548318
Armenia,ARM,1974,0.037037656
Armenia,ARM,1975,0.038891006
Armenia,ARM,1976,0.0382948
Armenia,ARM,1977,0.03851947
Armenia,ARM,1978,0.038669094
Armenia,ARM,1979,0.037912466
Armenia,ARM,1980,0.039633352
Armenia,ARM,1981,0.039896235
Armenia,ARM,1982,0.040982135
Armenia,ARM,1983,0.041328557
Armenia,ARM,1984,0.040323235
Armenia,ARM,1985,0.042038914
Armenia,ARM,1986,0.039452914
Armenia,ARM,1987,0.038389295
Armenia,ARM,1988,0.04205006
Armenia,ARM,1989,0.04201506
Armenia,ARM,1990,0.039305408
Armenia,ARM,1991,0.031284254
Armenia,ARM,1992,0.025965158
Armenia,ARM,1993,0.011287644
Armenia,ARM,1994,0.011812805
Armenia,ARM,1995,0.014634989
Armenia,ARM,1996,0.010742989
Armenia,ARM,1997,0.013452224
Armenia,ARM,1998,0.014030379
Armenia,ARM,1999,0.012330127
Armenia,ARM,2000,0.013716739
Armenia,ARM,2001,0.013763029
Armenia,ARM,2002,0.011707273
Armenia,ARM,2003,0.012496783
Armenia,ARM,2004,0.012889746
Armenia,ARM,2005,0.014777064
Armenia,ARM,2006,0.014387517
Armenia,ARM,2007,0.016187655
Armenia,ARM,2008,0.017374612
Armenia,ARM,2009,0.013823747
Armenia,ARM,2010,0.012746391
Armenia,ARM,2011,0.014407969
Armenia,ARM,2012,0.016420634
Armenia,ARM,2013,0.015671374
Armenia,ARM,2014,0.015751831
Armenia,ARM,2015,0.015381168
Armenia,ARM,2016,0.014646395
Armenia,ARM,2017,0.015348071
Armenia,ARM,2018,0.015819546
Armenia,ARM,2019,0.01694627
Armenia,ARM,2020,0.018235723
Armenia,ARM,2021,0.018333348
Azerbaijan,AZE,1830,0.000273779
Azerbaijan,AZE,1831,0.000346629
Azerbaijan,AZE,1832,0.000229112
Azerbaijan,AZE,1833,0.000281082
Azerbaijan,AZE,1850,0.000767918
Azerbaijan,AZE,1855,0.001762337
Azerbaijan,AZE,1858,0.002265887
Azerbaijan,AZE,1859,0.002266424
Azerbaijan,AZE,1860,0.002729242
Azerbaijan,AZE,1861,0.00329648
Azerbaijan,AZE,1862,0.002920719
Azerbaijan,AZE,1863,0.002865883
Azerbaijan,AZE,1864,0.002983368
Azerbaijan,AZE,1865,0.00268536
Azerbaijan,AZE,1866,0.008224774
Azerbaijan,AZE,1867,0.008809897
Azerbaijan,AZE,1868,0.007136387
Azerbaijan,AZE,1869,0.009116522
Azerbaijan,AZE,1870,0.009681398
Azerbaijan,AZE,1871,0.012294598
Azerbaijan,AZE,1872,0.011408241
Azerbaijan,AZE,1873,0.010079213
Azerbaijan,AZE,1874,0.013067313
Azerbaijan,AZE,1875,0.013865215
Azerbaijan,AZE,1876,0.016969228
Azerbaijan,AZE,1877,0.0169823
Azerbaijan,AZE,1878,0.022027908
Azerbaijan,AZE,1879,0.021090861
Azerbaijan,AZE,1880,0.021877356
Azerbaijan,AZE,1881,0.02229339
Azerbaijan,AZE,1882,0.022234159
Azerbaijan,AZE,1883,0.023797104
Azerbaijan,AZE,1884,0.023892751
Azerbaijan,AZE,1885,0.025831277
Azerbaijan,AZE,1886,0.026084876
Azerbaijan,AZE,1887,0.02628762
Azerbaijan,AZE,1888,0.02476348
Azerbaijan,AZE,1889,0.026754163
Azerbaijan,AZE,1890,0.027809674
Azerbaijan,AZE,1891,0.029258197
Azerbaijan,AZE,1892,0.030716924
Azerbaijan,AZE,1893,0.03644045
Azerbaijan,AZE,1894,0.035864025
Azerbaijan,AZE,1895,0.03886674
Azerbaijan,AZE,1896,0.038316913
Azerbaijan,AZE,1897,0.04229999
Azerbaijan,AZE,1898,0.04497789
Azerbaijan,AZE,1899,0.047765125
Azerbaijan,AZE,1900,0.05129793
Azerbaijan,AZE,1901,0.05097939
Azerbaijan,AZE,1902,0.048024938
Azerbaijan,AZE,1903,0.043092553
Azerbaijan,AZE,1904,0.047404606
Azerbaijan,AZE,1905,0.03974209
Azerbaijan,AZE,1906,0.04340944
Azerbaijan,AZE,1907,0.042670347
Azerbaijan,AZE,1908,0.044662517
Azerbaijan,AZE,1909,0.04528616
Azerbaijan,AZE,1910,0.04231352
Azerbaijan,AZE,1911,0.043223098
Azerbaijan,AZE,1912,0.046596635
Azerbaijan,AZE,1913,0.046715684
Azerbaijan,AZE,1914,0.0464837
Azerbaijan,AZE,1915,0.04328562
Azerbaijan,AZE,1916,0.042715732
Azerbaijan,AZE,1917,0.037595775
Azerbaijan,AZE,1918,0.015195199
Azerbaijan,AZE,1919,0.014968633
Azerbaijan,AZE,1920,0.011740377
Azerbaijan,AZE,1921,0.01451093
Azerbaijan,AZE,1922,0.01687616
Azerbaijan,AZE,1923,0.016432453
Azerbaijan,AZE,1924,0.019520907
Azerbaijan,AZE,1925,0.019062381
Azerbaijan,AZE,1926,0.028120209
Azerbaijan,AZE,1927,0.03203317
Azerbaijan,AZE,1928,0.035435405
Azerbaijan,AZE,1929,0.035572305
Azerbaijan,AZE,1930,0.05263942
Azerbaijan,AZE,1931,0.07079394
Azerbaijan,AZE,1932,0.088367745
Azerbaijan,AZE,1933,0.09388499
Azerbaijan,AZE,1934,0.1043353
Azerbaijan,AZE,1935,0.11237442
Azerbaijan,AZE,1936,0.117292695
Azerbaijan,AZE,1937,0.11230218
Azerbaijan,AZE,1938,0.12610488
Azerbaijan,AZE,1939,0.120642714
Azerbaijan,AZE,1940,0.13241291
Azerbaijan,AZE,1941,0.113735974
Azerbaijan,AZE,1942,0.06240773
Azerbaijan,AZE,1943,0.06407866
Azerbaijan,AZE,1944,0.09155175
Azerbaijan,AZE,1945,0.11613956
Azerbaijan,AZE,1946,0.119337544
Azerbaijan,AZE,1947,0.12959906
Azerbaijan,AZE,1948,0.13066192
Azerbaijan,AZE,1949,0.15328535
Azerbaijan,AZE,1950,0.14911811
Azerbaijan,AZE,1951,0.15193813
Azerbaijan,AZE,1952,0.1605392
Azerbaijan,AZE,1953,0.16517489
Azerbaijan,AZE,1954,0.17649892
Azerbaijan,AZE,1955,0.18257517
Azerbaijan,AZE,1956,0.1882316
Azerbaijan,AZE,1957,0.1995243
Azerbaijan,AZE,1958,0.20725983
Azerbaijan,AZE,1959,0.20716292
Azerbaijan,AZE,1960,0.20355587
Azerbaijan,AZE,1961,0.20944509
Azerbaijan,AZE,1962,0.21255821
Azerbaijan,AZE,1963,0.21660496
Azerbaijan,AZE,1964,0.21866013
Azerbaijan,AZE,1965,0.22202909
Azerbaijan,AZE,1966,0.22367407
Azerbaijan,AZE,1967,0.22682343
Azerbaijan,AZE,1968,0.22129041
Azerbaijan,AZE,1969,0.21621796
Azerbaijan,AZE,1970,0.21008332
Azerbaijan,AZE,1971,0.21434712
Azerbaijan,AZE,1972,0.21557017
Azerbaijan,AZE,1973,0.21350674
Azerbaijan,AZE,1974,0.2226506
Azerbaijan,AZE,1975,0.23361832
Azerbaijan,AZE,1976,0.22999384
Azerbaijan,AZE,1977,0.23127559
Azerbaijan,AZE,1978,0.23207599
Azerbaijan,AZE,1979,0.2275614
Azerbaijan,AZE,1980,0.23790374
Azerbaijan,AZE,1981,0.23922992
Azerbaijan,AZE,1982,0.24571697
Azerbaijan,AZE,1983,0.24766257
Azerbaijan,AZE,1984,0.24154612
Azerbaijan,AZE,1985,0.2519564
Azerbaijan,AZE,1986,0.25856146
Azerbaijan,AZE,1987,0.23764718
Azerbaijan,AZE,1988,0.23325306
Azerbaijan,AZE,1989,0.2300701
Azerbaijan,AZE,1990,0.22553393
Azerbaijan,AZE,1991,0.21491703
Azerbaijan,AZE,1992,0.24877918
Azerbaijan,AZE,1993,0.21218738
Azerbaijan,AZE,1994,0.18260698
Azerbaijan,AZE,1995,0.14199138
Azerbaijan,AZE,1996,0.12931749
Azerbaijan,AZE,1997,0.12262983
Azerbaijan,AZE,1998,0.13077857
Azerbaijan,AZE,1999,0.11551584
Azerbaijan,AZE,2000,0.115921885
Azerbaijan,AZE,2001,0.11216792
Azerbaijan,AZE,2002,0.11278379
Azerbaijan,AZE,2003,0.11074791
Azerbaijan,AZE,2004,0.11201384
Azerbaijan,AZE,2005,0.115775384
Azerbaijan,AZE,2006,0.12783456
Azerbaijan,AZE,2007,0.09667465
Azerbaijan,AZE,2008,0.110484116
Azerbaijan,AZE,2009,0.100926265
Azerbaijan,AZE,2010,0.091813244
Azerbaijan,AZE,2011,0.09561772
Azerbaijan,AZE,2012,0.09362134
Azerbaijan,AZE,2013,0.09500559
Azerbaijan,AZE,2014,0.09654527
Azerbaijan,AZE,2015,0.09753752
Azerbaijan,AZE,2016,0.097756855
Azerbaijan,AZE,2017,0.09587304
Azerbaijan,AZE,2018,0.09388839
Azerbaijan,AZE,2019,0.10176723
Azerbaijan,AZE,2020,0.106363215
Azerbaijan,AZE,2021,0.10368753
Georgia,GEO,1830,8.41532E-05
Georgia,GEO,1831,0.000106473
Georgia,GEO,1832,7.04961E-05
Georgia,GEO,1833,8.63981E-05
Georgia,GEO,1850,0.000236673
Georgia,GEO,1855,0.000543499
Georgia,GEO,1858,0.000698874
Georgia,GEO,1859,0.000698944
Georgia,GEO,1860,0.000841698
Georgia,GEO,1861,0.00101658
Georgia,GEO,1862,0.000900703
Georgia,GEO,1863,0.000883663
Georgia,GEO,1864,0.000920189
Georgia,GEO,1865,0.000828115
Georgia,GEO,1866,0.002536495
Georgia,GEO,1867,0.002716952
Georgia,GEO,1868,0.002200702
Georgia,GEO,1869,0.002811387
Georgia,GEO,1870,0.00298571
Georgia,GEO,1871,0.003791622
Georgia,GEO,1872,0.003518198
Georgia,GEO,1873,0.003108267
Georgia,GEO,1874,0.004029873
Georgia,GEO,1875,0.004275827
Georgia,GEO,1876,0.00523315
Georgia,GEO,1877,0.005237173
Georgia,GEO,1878,0.006793216
Georgia,GEO,1879,0.006504191
Georgia,GEO,1880,0.006746713
Georgia,GEO,1881,0.006875074
Georgia,GEO,1882,0.006856798
Georgia,GEO,1883,0.007338812
Georgia,GEO,1884,0.007368279
Georgia,GEO,1885,0.007966156
Georgia,GEO,1886,0.008044366
Georgia,GEO,1887,0.008106837
Georgia,GEO,1888,0.007636849
Georgia,GEO,1889,0.008250716
Georgia,GEO,1890,0.008576248
Georgia,GEO,1891,0.009022987
Georgia,GEO,1892,0.00947282
Georgia,GEO,1893,0.011237904
Georgia,GEO,1894,0.011060152
Georgia,GEO,1895,0.01198615
Georgia,GEO,1896,0.011816577
Georgia,GEO,1897,0.013044944
Georgia,GEO,1898,0.013870788
Georgia,GEO,1899,0.014730348
Georgia,GEO,1900,0.015819818
Georgia,GEO,1901,0.015721576
Georgia,GEO,1902,0.014810483
Georgia,GEO,1903,0.01328937
Georgia,GEO,1904,0.014619154
Georgia,GEO,1905,0.012256103
Georgia,GEO,1906,0.013387083
Georgia,GEO,1907,0.013159158
Georgia,GEO,1908,0.013773499
Georgia,GEO,1909,0.013965835
Georgia,GEO,1910,0.013049094
Georgia,GEO,1911,0.013329599
Georgia,GEO,1912,0.014369973
Georgia,GEO,1913,0.014406685
Georgia,GEO,1914,0.014335174
Georgia,GEO,1915,0.0133489
Georgia,GEO,1916,0.013173159
Georgia,GEO,1917,0.011594184
Georgia,GEO,1918,0.004686072
Georgia,GEO,1919,0.004616187
Georgia,GEO,1920,0.00362064
Georgia,GEO,1921,0.004475048
Georgia,GEO,1922,0.005204437
Georgia,GEO,1923,0.005067614
Georgia,GEO,1924,0.006020077
Georgia,GEO,1925,0.005878673
Georgia,GEO,1926,0.00867202
Georgia,GEO,1927,0.009878751
Georgia,GEO,1928,0.010900182
Georgia,GEO,1929,0.010937289
Georgia,GEO,1930,0.016191099
Georgia,GEO,1931,0.021781716
Georgia,GEO,1932,0.027187519
Georgia,GEO,1933,0.028903745
Georgia,GEO,1934,0.032117058
Georgia,GEO,1935,0.03458552
Georgia,GEO,1936,0.03609137
Georgia,GEO,1937,0.034561455
Georgia,GEO,1938,0.038809888
Georgia,GEO,1939,0.037129886
Georgia,GEO,1940,0.040770784
Georgia,GEO,1941,0.03500636
Georgia,GEO,1942,0.019245991
Georgia,GEO,1943,0.019761287
Georgia,GEO,1944,0.028233733
Georgia,GEO,1945,0.035799094
Georgia,GEO,1946,0.03677202
Georgia,GEO,1947,0.03992782
Georgia,GEO,1948,0.04024012
Georgia,GEO,1949,0.0472017
Georgia,GEO,1950,0.045906346
Georgia,GEO,1951,0.046768796
Georgia,GEO,1952,0.04940495
Georgia,GEO,1953,0.050819892
Georgia,GEO,1954,0.05429227
Georgia,GEO,1955,0.056152586
Georgia,GEO,1956,0.0578862
Georgia,GEO,1957,0.06135016
Georgia,GEO,1958,0.063721426
Georgia,GEO,1959,0.0636817
Georgia,GEO,1960,0.06256576
Georgia,GEO,1961,0.06438595
Georgia,GEO,1962,0.06536048
Georgia,GEO,1963,0.06662824
Georgia,GEO,1964,0.0672827
Georgia,GEO,1965,0.06833044
Georgia,GEO,1966,0.06884488
Georgia,GEO,1967,0.06983314
Georgia,GEO,1968,0.06814977
Georgia,GEO,1969,0.06660166
Georgia,GEO,1970,0.06469779
Georgia,GEO,1971,0.06604485
Georgia,GEO,1972,0.066436715
Georgia,GEO,1973,0.06582048
Georgia,GEO,1974,0.06866118
Georgia,GEO,1975,0.07206272
Georgia,GEO,1976,0.0709296
Georgia,GEO,1977,0.07131054
Georgia,GEO,1978,0.07154791
Georgia,GEO,1979,0.07013939
Georgia,GEO,1980,0.07330407
Georgia,GEO,1981,0.07372321
Georgia,GEO,1982,0.07571386
Georgia,GEO,1983,0.076306835
Georgia,GEO,1984,0.07441656
Georgia,GEO,1985,0.07760359
Georgia,GEO,1986,0.07550366
Georgia,GEO,1987,0.073928356
Georgia,GEO,1988,0.073812
Georgia,GEO,1989,0.07226743
Georgia,GEO,1990,0.07007727
Georgia,GEO,1991,0.06828061
Georgia,GEO,1992,0.06765677
Georgia,GEO,1993,0.043465316
Georgia,GEO,1994,0.026416963
Georgia,GEO,1995,0.009763051
Georgia,GEO,1996,0.01677945
Georgia,GEO,1997,0.018213138
Georgia,GEO,1998,0.020398624
Georgia,GEO,1999,0.017430509
Georgia,GEO,2000,0.017680736
Georgia,GEO,2001,0.01454072
Georgia,GEO,2002,0.012754272
Georgia,GEO,2003,0.013508084
Georgia,GEO,2004,0.014930165
Georgia,GEO,2005,0.016942952
Georgia,GEO,2006,0.019928375
Georgia,GEO,2007,0.02020311
Georgia,GEO,2008,0.01654564
Georgia,GEO,2009,0.019438663
Georgia,GEO,2010,0.018606817
Georgia,GEO,2011,0.022630334
Georgia,GEO,2012,0.023580005
Georgia,GEO,2013,0.022686107
Georgia,GEO,2014,0.025124516
Georgia,GEO,2015,0.02743693
Georgia,GEO,2016,0.02834035
Georgia,GEO,2017,0.02818129
Georgia,GEO,2018,0.027324159
Georgia,GEO,2019,0.029448273
Georgia,GEO,2020,0.030315792
Georgia,GEO,2021,0.029656934
Iran,IRN,1906,0.000144552
Iran,IRN,1911,0.004402681
Iran,IRN,1912,0.007813722
Iran,IRN,1913,0.024350965
Iran,IRN,1914,0.036871456
Iran,IRN,1915,0.044771623
Iran,IRN,1916,0.059311893
Iran,IRN,1917,0.07907945
Iran,IRN,1918,0.09871119
Iran,IRN,1919,0.1426373
Iran,IRN,1920,0.1544243
Iran,IRN,1921,0.23482129
Iran,IRN,1922,0.28477484
Iran,IRN,1923,0.31502005
Iran,IRN,1924,0.36639014
Iran,IRN,1925,0.3811876
Iran,IRN,1926,0.41152823
Iran,IRN,1927,0.41816577
Iran,IRN,1928,0.44462985
Iran,IRN,1929,0.39888266
Iran,IRN,1930,0.47053272
Iran,IRN,1931,0.5096557
Iran,IRN,1932,0.63358486
Iran,IRN,1933,0.6616022
Iran,IRN,1934,0.64706933
Iran,IRN,1935,0.61241126
Iran,IRN,1936,0.6111504
Iran,IRN,1937,0.70904714
Iran,IRN,1938,0.7563855
Iran,IRN,1939,0.676021
Iran,IRN,1940,0.5588033
Iran,IRN,1941,0.41932696
Iran,IRN,1942,0.59616226
Iran,IRN,1943,0.604857
Iran,IRN,1944,0.8151504
Iran,IRN,1945,1.2445599
Iran,IRN,1946,1.2985752
Iran,IRN,1947,1.2351416
Iran,IRN,1948,1.4393559
Iran,IRN,1949,1.6019065
Iran,IRN,1950,1.4011998
Iran,IRN,1951,0.10836868
Iran,IRN,1952,0.06329498
Iran,IRN,1953,0.057592485
Iran,IRN,1954,0.015375225
Iran,IRN,1955,0.21245158
Iran,IRN,1956,0.28781903
Iran,IRN,1957,0.26631722
Iran,IRN,1958,0.29971215
Iran,IRN,1959,0.28870904
Iran,IRN,1960,0.397954
Iran,IRN,1961,0.3876298
Iran,IRN,1962,0.38383955
Iran,IRN,1963,0.40212545
Iran,IRN,1964,0.43878838
Iran,IRN,1965,0.47464487
Iran,IRN,1966,0.54018474
Iran,IRN,1967,0.5544004
Iran,IRN,1968,0.6376752
Iran,IRN,1969,0.60315496
Iran,IRN,1970,0.6160763
Iran,IRN,1971,0.65543103
Iran,IRN,1972,0.65325624
Iran,IRN,1973,0.75777733
Iran,IRN,1974,0.84486914
Iran,IRN,1975,0.8162827
Iran,IRN,1976,0.8696092
Iran,IRN,1977,0.8849014
Iran,IRN,1978,0.8497263
Iran,IRN,1979,0.83076066
Iran,IRN,1980,0.6178775
Iran,IRN,1981,0.59358656
Iran,IRN,1982,0.7295458
Iran,IRN,1983,0.78701806
Iran,IRN,1984,0.7620924
Iran,IRN,1985,0.7864838
Iran,IRN,1986,0.715571
Iran,IRN,1987,0.74533856
Iran,IRN,1988,0.7922216
Iran,IRN,1989,0.8487032
Iran,IRN,1990,0.9225263
Iran,IRN,1991,0.95433754
Iran,IRN,1992,1.005025
Iran,IRN,1993,1.0327792
Iran,IRN,1994,1.1485682
Iran,IRN,1995,1.157702
Iran,IRN,1996,1.1436129
Iran,IRN,1997,1.0988365
Iran,IRN,1998,1.2617197
Iran,IRN,1999,1.5344309
Iran,IRN,2000,1.450283
Iran,IRN,2001,1.5379121
Iran,IRN,2002,1.5129863
Iran,IRN,2003,1.4959882
Iran,IRN,2004,1.543889
Iran,IRN,2005,1.5639664
Iran,IRN,2006,1.646264
Iran,IRN,2007,1.6271399
Iran,IRN,2008,1.666293
Iran,IRN,2009,1.7710818
Iran,IRN,2010,1.707727
Iran,IRN,2011,1.6740688
Iran,IRN,2012,1.6807411
Iran,IRN,2013,1.692995
Iran,IRN,2014,1.7782942
Iran,IRN,2015,1.7761716
Iran,IRN,2016,1.784212
Iran,IRN,2017,1.8987901
Iran,IRN,2018,1.9033504
Iran,IRN,2019,1.8956571
Iran,IRN,2020,2.0700321
Iran,IRN,2021,2.0172443
Israel,ISR,1930,0.001016004
Israel,ISR,1931,0.001136698
Israel,ISR,1932,0.001604642
Israel,ISR,1933,0.001959561
Israel,ISR,1934,0.00190183
Israel,ISR,1935,0.002384002
Israel,ISR,1936,0.001825362
Israel,ISR,1937,0.001788933
Israel,ISR,1938,0.001124562
Israel,ISR,1939,0.001226289
Israel,ISR,1940,0.001497243
Israel,ISR,1941,0.001171025
Israel,ISR,1942,0.002200995
Israel,ISR,1943,0.001660134
Israel,ISR,1944,0.001706689
Israel,ISR,1945,0.001710153
Israel,ISR,1946,0.002820708
Israel,ISR,1947,0.003182706
Israel,ISR,1948,0.001476335
Israel,ISR,1949,0.002286208
Israel,ISR,1950,0.027805487
Israel,ISR,1951,0.045744795
Israel,ISR,1952,0.05658332
Israel,ISR,1953,0.0607651
Israel,ISR,1954,0.06369537
Israel,ISR,1955,0.064696066
Israel,ISR,1956,0.060494155
Israel,ISR,1957,0.06316812
Israel,ISR,1958,0.06577968
Israel,ISR,1959,0.06326367
Israel,ISR,1960,0.068813965
Israel,ISR,1961,0.07496741
Israel,ISR,1962,0.08134871
Israel,ISR,1963,0.07982712
Israel,ISR,1964,0.08437286
Israel,ISR,1965,0.114236616
Israel,ISR,1966,0.11444731
Israel,ISR,1967,0.11048579
Israel,ISR,1968,0.106841326
Israel,ISR,1969,0.10750713
Israel,ISR,1970,0.111146204
Israel,ISR,1971,0.10460127
Israel,ISR,1972,0.10408015
Israel,ISR,1973,0.11272944
Israel,ISR,1974,0.11381806
Israel,ISR,1975,0.11457584
Israel,ISR,1976,0.10836408
Israel,ISR,1977,0.10682635
Israel,ISR,1978,0.110245064
Israel,ISR,1979,0.10635071
Israel,ISR,1980,0.107606456
Israel,ISR,1981,0.1104091
Israel,ISR,1982,0.12631987
Israel,ISR,1983,0.124741405
Israel,ISR,1984,0.119495414
Israel,ISR,1985,0.12109433
Israel,ISR,1986,0.12773451
Israel,ISR,1987,0.12723999
Israel,ISR,1988,0.13435352
Israel,ISR,1989,0.14008786
Israel,ISR,1990,0.15741795
Israel,ISR,1991,0.15551198
Israel,ISR,1992,0.18637048
Israel,ISR,1993,0.19390127
Israel,ISR,1994,0.20668535
Israel,ISR,1995,0.2125672
Israel,ISR,1996,0.21497135
Israel,ISR,1997,0.22576079
Israel,ISR,1998,0.23131858
Israel,ISR,1999,0.22139409
Israel,ISR,2000,0.23383461
Israel,ISR,2001,0.24553315
Israel,ISR,2002,0.22564313
Israel,ISR,2003,0.22571816
Israel,ISR,2004,0.20490925
Israel,ISR,2005,0.19086577
Israel,ISR,2006,0.20314689
Israel,ISR,2007,0.19932184
Israel,ISR,2008,0.21186973
Israel,ISR,2009,0.20232189
Israel,ISR,2010,0.20467028
Israel,ISR,2011,0.1989002
Israel,ISR,2012,0.21363269
Israel,ISR,2013,0.17864308
Israel,ISR,2014,0.1694393
Israel,ISR,2015,0.17700136
Israel,ISR,2016,0.17216623
Israel,ISR,2017,0.16301094
Israel,ISR,2018,0.16362375
Israel,ISR,2019,0.15814766
Israel,ISR,2020,0.15598902
Israel,ISR,2021,0.14688276
Jordan,JOR,1950,0.002868569
Jordan,JOR,1951,0.002526977
Jordan,JOR,1952,0.003003405
Jordan,JOR,1953,0.003196745
Jordan,JOR,1954,0.003719443
Jordan,JOR,1955,0.005114692
Jordan,JOR,1956,0.005683122
Jordan,JOR,1957,0.006037398
Jordan,JOR,1958,0.006219166
Jordan,JOR,1959,0.007400561
Jordan,JOR,1960,0.007916109
Jordan,JOR,1961,0.01037746
Jordan,JOR,1962,0.010736813
Jordan,JOR,1963,0.011867153
Jordan,JOR,1964,0.011457917
Jordan,JOR,1965,0.012550493
Jordan,JOR,1966,0.013325532
Jordan,JOR,1967,0.011540294
Jordan,JOR,1968,0.011648862
Jordan,JOR,1969,0.012760494
Jordan,JOR,1970,0.010441733
Jordan,JOR,1971,0.010669984
Jordan,JOR,1972,0.011791422
Jordan,JOR,1973,0.012873365
Jordan,JOR,1974,0.013076587
Jordan,JOR,1975,0.014595464
Jordan,JOR,1976,0.016366243
Jordan,JOR,1977,0.017045664
Jordan,JOR,1978,0.01901405
Jordan,JOR,1979,0.01925168
Jordan,JOR,1980,0.024079543
Jordan,JOR,1981,0.030600687
Jordan,JOR,1982,0.033126064
Jordan,JOR,1983,0.03840755
Jordan,JOR,1984,0.041937325
Jordan,JOR,1985,0.041433267
Jordan,JOR,1986,0.044431534
Jordan,JOR,1987,0.04468394
Jordan,JOR,1988,0.0415103
Jordan,JOR,1989,0.040515803
Jordan,JOR,1990,0.046035074
Jordan,JOR,1991,0.042606983
Jordan,JOR,1992,0.05307434
Jordan,JOR,1993,0.0516124
Jordan,JOR,1994,0.05768331
Jordan,JOR,1995,0.05630344
Jordan,JOR,1996,0.05722587
Jordan,JOR,1997,0.057911772
Jordan,JOR,1998,0.05886472
Jordan,JOR,1999,0.057684135
Jordan,JOR,2000,0.05971725
Jordan,JOR,2001,0.060813025
Jordan,JOR,2002,0.062480167
Jordan,JOR,2003,0.06141481
Jordan,JOR,2004,0.065198496
Jordan,JOR,2005,0.06900918
Jordan,JOR,2006,0.067094795
Jordan,JOR,2007,0.06803771
Jordan,JOR,2008,0.06457053
Jordan,JOR,2009,0.06759812
Jordan,JOR,2010,0.06178849
Jordan,JOR,2011,0.061599307
Jordan,JOR,2012,0.06802944
Jordan,JOR,2013,0.067437
Jordan,JOR,2014,0.07279548
Jordan,JOR,2015,0.071873635
Jordan,JOR,2016,0.06827668
Jordan,JOR,2017,0.07044558
Jordan,JOR,2018,0.067776084
Jordan,JOR,2019,0.07099843
Jordan,JOR,2020,0.070729636
Jordan,JOR,2021,0.068941444
Kazakhstan,KAZ,1830,0.001363282
Kazakhstan,KAZ,1831,0.001724863
Kazakhstan,KAZ,1832,0.001142037
Kazakhstan,KAZ,1833,0.001399649
Kazakhstan,KAZ,1850,0.003826893
Kazakhstan,KAZ,1855,0.008781701
Kazakhstan,KAZ,1858,0.011290022
Kazakhstan,KAZ,1859,0.01129329
Kazakhstan,KAZ,1860,0.013599331
Kazakhstan,KAZ,1861,0.01642575
Kazakhstan,KAZ,1862,0.01455332
Kazakhstan,KAZ,1863,0.014279927
Kazakhstan,KAZ,1864,0.014866481
Kazakhstan,KAZ,1865,0.013381001
Kazakhstan,KAZ,1866,0.040984176
Kazakhstan,KAZ,1867,0.043899007
Kazakhstan,KAZ,1868,0.035560288
Kazakhstan,KAZ,1869,0.04542718
Kazakhstan,KAZ,1870,0.048242304
Kazakhstan,KAZ,1871,0.061263323
Kazakhstan,KAZ,1872,0.05684707
Kazakhstan,KAZ,1873,0.05022384
Kazakhstan,KAZ,1874,0.06511377
Kazakhstan,KAZ,1875,0.069089614
Kazakhstan,KAZ,1876,0.084557176
Kazakhstan,KAZ,1877,0.084622264
Kazakhstan,KAZ,1878,0.10976404
Kazakhstan,KAZ,1879,0.105095044
Kazakhstan,KAZ,1880,0.10901358
Kazakhstan,KAZ,1881,0.111086965
Kazakhstan,KAZ,1882,0.11079179
Kazakhstan,KAZ,1883,0.118579976
Kazakhstan,KAZ,1884,0.11905634
Kazakhstan,KAZ,1885,0.12871614
Kazakhstan,KAZ,1886,0.1299795
Kazakhstan,KAZ,1887,0.13098972
Kazakhstan,KAZ,1888,0.12339518
Kazakhstan,KAZ,1889,0.1333147
Kazakhstan,KAZ,1890,0.13857426
Kazakhstan,KAZ,1891,0.14579226
Kazakhstan,KAZ,1892,0.15306094
Kazakhstan,KAZ,1893,0.18158098
Kazakhstan,KAZ,1894,0.17870879
Kazakhstan,KAZ,1895,0.19367112
Kazakhstan,KAZ,1896,0.19093117
Kazakhstan,KAZ,1897,0.21077886
Kazakhstan,KAZ,1898,0.22412257
Kazakhstan,KAZ,1899,0.23801138
Kazakhstan,KAZ,1900,0.25561503
Kazakhstan,KAZ,1901,0.2540278
Kazakhstan,KAZ,1902,0.23930605
Kazakhstan,KAZ,1903,0.21472819
Kazakhstan,KAZ,1904,0.23621479
Kazakhstan,KAZ,1905,0.19803287
Kazakhstan,KAZ,1906,0.21630712
Kazakhstan,KAZ,1907,0.21262431
Kazakhstan,KAZ,1908,0.22255109
Kazakhstan,KAZ,1909,0.2256588
Kazakhstan,KAZ,1910,0.21084619
Kazakhstan,KAZ,1911,0.21537864
Kazakhstan,KAZ,1912,0.2321887
Kazakhstan,KAZ,1913,0.23278199
Kazakhstan,KAZ,1914,0.2316261
Kazakhstan,KAZ,1915,0.21569018
Kazakhstan,KAZ,1916,0.21285045
Kazakhstan,KAZ,1917,0.18733786
Kazakhstan,KAZ,1918,0.0757169
Kazakhstan,KAZ,1919,0.07458806
Kazakhstan,KAZ,1920,0.058501717
Kazakhstan,KAZ,1921,0.072307326
Kazakhstan,KAZ,1922,0.08409303
Kazakhstan,KAZ,1923,0.08188213
Kazakhstan,KAZ,1924,0.097271726
Kazakhstan,KAZ,1925,0.09498688
Kazakhstan,KAZ,1926,0.14012161
Kazakhstan,KAZ,1927,0.15961973
Kazakhstan,KAZ,1928,0.17858832
Kazakhstan,KAZ,1929,0.17922723
Kazakhstan,KAZ,1930,0.26409972
Kazakhstan,KAZ,1931,0.35487646
Kazakhstan,KAZ,1932,0.44354764
Kazakhstan,KAZ,1933,0.4705703
Kazakhstan,KAZ,1934,0.5234582
Kazakhstan,KAZ,1935,0.5646365
Kazakhstan,KAZ,1936,0.59036213
Kazakhstan,KAZ,1937,0.5646069
Kazakhstan,KAZ,1938,0.6339263
Kazakhstan,KAZ,1939,0.6064437
Kazakhstan,KAZ,1940,0.6656098
Kazakhstan,KAZ,1941,0.5718157
Kazakhstan,KAZ,1942,0.31097472
Kazakhstan,KAZ,1943,0.31930092
Kazakhstan,KAZ,1944,0.45619795
Kazakhstan,KAZ,1945,0.5812208
Kazakhstan,KAZ,1946,0.59886926
Kazakhstan,KAZ,1947,0.65110135
Kazakhstan,KAZ,1948,0.6576725
Kazakhstan,KAZ,1949,0.7719265
Kazakhstan,KAZ,1950,0.7521739
Kazakhstan,KAZ,1951,0.7672679
Kazakhstan,KAZ,1952,0.8108412
Kazakhstan,KAZ,1953,0.8344996
Kazakhstan,KAZ,1954,0.8925755
Kazakhstan,KAZ,1955,0.92339796
Kazakhstan,KAZ,1956,0.95092994
Kazakhstan,KAZ,1957,1.0075293
Kazakhstan,KAZ,1958,1.045923
Kazakhstan,KAZ,1959,1.0454834
Kazakhstan,KAZ,1960,1.0272024
Kazakhstan,KAZ,1961,1.0559232
Kazakhstan,KAZ,1962,1.0704019
Kazakhstan,KAZ,1963,1.0894691
Kazakhstan,KAZ,1964,1.0986984
Kazakhstan,KAZ,1965,1.1152626
Kazakhstan,KAZ,1966,1.1232905
Kazakhstan,KAZ,1967,1.1381583
Kazakhstan,KAZ,1968,1.1094056
Kazakhstan,KAZ,1969,1.083251
Kazakhstan,KAZ,1970,1.0531421
Kazakhstan,KAZ,1971,1.0729985
Kazakhstan,KAZ,1972,1.0779415
Kazakhstan,KAZ,1973,1.0663676
Kazakhstan,KAZ,1974,1.1106397
Kazakhstan,KAZ,1975,1.164109
Kazakhstan,KAZ,1976,1.1448976
Kazakhstan,KAZ,1977,1.1501018
Kazakhstan,KAZ,1978,1.1527239
Kazakhstan,KAZ,1979,1.1294044
Kazakhstan,KAZ,1980,1.1803094
Kazakhstan,KAZ,1981,1.1845461
Kazakhstan,KAZ,1982,1.2161001
Kazakhstan,KAZ,1983,1.224328
Kazakhstan,KAZ,1984,1.1928602
Kazakhstan,KAZ,1985,1.2449998
Kazakhstan,KAZ,1986,1.2510048
Kazakhstan,KAZ,1987,1.2062366
Kazakhstan,KAZ,1988,1.2378721
Kazakhstan,KAZ,1989,1.1804365
Kazakhstan,KAZ,1990,1.2250116
Kazakhstan,KAZ,1991,1.1593548
Kazakhstan,KAZ,1992,1.0859857
Kazakhstan,KAZ,1993,0.955441
Kazakhstan,KAZ,1994,0.8025108
Kazakhstan,KAZ,1995,0.7548677
Kazakhstan,KAZ,1996,0.67369473
Kazakhstan,KAZ,1997,0.6343613
Kazakhstan,KAZ,1998,0.61461437
Kazakhstan,KAZ,1999,0.50024164
Kazakhstan,KAZ,2000,0.579382
Kazakhstan,KAZ,2001,0.5543666
Kazakhstan,KAZ,2002,0.60869473
Kazakhstan,KAZ,2003,0.6430874
Kazakhstan,KAZ,2004,0.6540707
Kazakhstan,KAZ,2005,0.67682123
Kazakhstan,KAZ,2006,0.71927315
Kazakhstan,KAZ,2007,0.7177147
Kazakhstan,KAZ,2008,0.70785576
Kazakhstan,KAZ,2009,0.70034516
Kazakhstan,KAZ,2010,0.7402595
Kazakhstan,KAZ,2011,0.6873137
Kazakhstan,KAZ,2012,0.69679487
Kazakhstan,KAZ,2013,0.7119434
Kazakhstan,KAZ,2014,0.8366051
Kazakhstan,KAZ,2015,0.8472589
Kazakhstan,KAZ,2016,0.85811824
Kazakhstan,KAZ,2017,0.8886993
Kazakhstan,KAZ,2018,0.90103763
Kazakhstan,KAZ,2019,0.80245125
Kazakhstan,KAZ,2020,0.7894848
Kazakhstan,KAZ,2021,0.7452984
Kuwait,KWT,1946,0.05292584
Kuwait,KWT,1947,0.1313438
Kuwait,KWT,1948,0.006224263
Kuwait,KWT,1949,0.020255253
Kuwait,KWT,1950,0.006408505
Kuwait,KWT,1951,0.001837802
Kuwait,KWT,1952,0
Kuwait,KWT,1953,0
Kuwait,KWT,1954,0.020667428
Kuwait,KWT,1955,0.024809828
Kuwait,KWT,1956,0.013131534
Kuwait,KWT,1957,0.026857095
Kuwait,KWT,1958,0.043832418
Kuwait,KWT,1959,0.042902816
Kuwait,KWT,1960,0.08305568
Kuwait,KWT,1961,0.10589213
Kuwait,KWT,1962,0.14643134
Kuwait,KWT,1963,0.16562037
Kuwait,KWT,1964,0.2337533
Kuwait,KWT,1965,0.312704
Kuwait,KWT,1966,0.29597455
Kuwait,KWT,1967,0.20761818
Kuwait,KWT,1968,0.17930032
Kuwait,KWT,1969,0.19473168
Kuwait,KWT,1970,0.1679437
Kuwait,KWT,1971,0.17488807
Kuwait,KWT,1972,0.17014211
Kuwait,KWT,1973,0.14176771
Kuwait,KWT,1974,0.11348348
Kuwait,KWT,1975,0.09858284
Kuwait,KWT,1976,0.10258066
Kuwait,KWT,1977,0.0929663
Kuwait,KWT,1978,0.10993011
Kuwait,KWT,1979,0.089852534
Kuwait,KWT,1980,0.12622866
Kuwait,KWT,1981,0.13206276
Kuwait,KWT,1982,0.11168044
Kuwait,KWT,1983,0.11333582
Kuwait,KWT,1984,0.14383726
Kuwait,KWT,1985,0.14302328
Kuwait,KWT,1986,0.17079388
Kuwait,KWT,1987,0.14749458
Kuwait,KWT,1988,0.14847754
Kuwait,KWT,1989,0.15962072
Kuwait,KWT,1990,0.16613014
Kuwait,KWT,1991,2.1202211
Kuwait,KWT,1992,0.13130365
Kuwait,KWT,1993,0.2153581
Kuwait,KWT,1994,0.24043092
Kuwait,KWT,1995,0.23270506
Kuwait,KWT,1996,0.20660147
Kuwait,KWT,1997,0.22495835
Kuwait,KWT,1998,0.2129426
Kuwait,KWT,1999,0.21762013
Kuwait,KWT,2000,0.20973581
Kuwait,KWT,2001,0.22395697
Kuwait,KWT,2002,0.22061928
Kuwait,KWT,2003,0.21562625
Kuwait,KWT,2004,0.22037783
Kuwait,KWT,2005,0.2403063
Kuwait,KWT,2006,0.23988941
Kuwait,KWT,2007,0.23764819
Kuwait,KWT,2008,0.25649092
Kuwait,KWT,2009,0.27548748
Kuwait,KWT,2010,0.26756787
Kuwait,KWT,2011,0.25013098
Kuwait,KWT,2012,0.29070807
Kuwait,KWT,2013,0.23704748
Kuwait,KWT,2014,0.21255976
Kuwait,KWT,2015,0.2599873
Kuwait,KWT,2016,0.28683874
Kuwait,KWT,2017,0.26577976
Kuwait,KWT,2018,0.2635206
Kuwait,KWT,2019,0.28142774
Kuwait,KWT,2020,0.28294727
Kuwait,KWT,2021,0.2858924
Kyrgyzstan,KGZ,1830,0.000116692
Kyrgyzstan,KGZ,1831,0.000147879
Kyrgyzstan,KGZ,1832,9.75196E-05
Kyrgyzstan,KGZ,1833,0.000119805
Kyrgyzstan,KGZ,1850,0.0003286
Kyrgyzstan,KGZ,1855,0.00075375
Kyrgyzstan,KGZ,1858,0.000968782
Kyrgyzstan,KGZ,1859,0.000969096
Kyrgyzstan,KGZ,1860,0.001167126
Kyrgyzstan,KGZ,1861,0.001409696
Kyrgyzstan,KGZ,1862,0.001248953
Kyrgyzstan,KGZ,1863,0.001225589
Kyrgyzstan,KGZ,1864,0.001275884
Kyrgyzstan,KGZ,1865,0.001148258
Kyrgyzstan,KGZ,1866,0.003517055
Kyrgyzstan,KGZ,1867,0.003767358
Kyrgyzstan,KGZ,1868,0.00305164
Kyrgyzstan,KGZ,1869,0.003898446
Kyrgyzstan,KGZ,1870,0.004139996
Kyrgyzstan,KGZ,1871,0.005257506
Kyrgyzstan,KGZ,1872,0.004878413
Kyrgyzstan,KGZ,1873,0.004310066
Kyrgyzstan,KGZ,1874,0.005587826
Kyrgyzstan,KGZ,1875,0.005929129
Kyrgyzstan,KGZ,1876,0.007256481
Kyrgyzstan,KGZ,1877,0.007262067
Kyrgyzstan,KGZ,1878,0.009419642
Kyrgyzstan,KGZ,1879,0.009018937
Kyrgyzstan,KGZ,1880,0.009355227
Kyrgyzstan,KGZ,1881,0.00953315
Kyrgyzstan,KGZ,1882,0.009507878
Kyrgyzstan,KGZ,1883,0.010176256
Kyrgyzstan,KGZ,1884,0.010217086
Kyrgyzstan,KGZ,1885,0.01104607
Kyrgyzstan,KGZ,1886,0.011154533
Kyrgyzstan,KGZ,1887,0.011241247
Kyrgyzstan,KGZ,1888,0.010589448
Kyrgyzstan,KGZ,1889,0.011440766
Kyrgyzstan,KGZ,1890,0.011892104
Kyrgyzstan,KGZ,1891,0.012511537
Kyrgyzstan,KGZ,1892,0.013135284
Kyrgyzstan,KGZ,1893,0.015582837
Kyrgyzstan,KGZ,1894,0.015336318
Kyrgyzstan,KGZ,1895,0.016620385
Kyrgyzstan,KGZ,1896,0.016385261
Kyrgyzstan,KGZ,1897,0.01808852
Kyrgyzstan,KGZ,1898,0.019233642
Kyrgyzstan,KGZ,1899,0.020425567
Kyrgyzstan,KGZ,1900,0.021936221
Kyrgyzstan,KGZ,1901,0.021800036
Kyrgyzstan,KGZ,1902,0.020536648
Kyrgyzstan,KGZ,1903,0.01842744
Kyrgyzstan,KGZ,1904,0.020271355
Kyrgyzstan,KGZ,1905,0.016994676
Kyrgyzstan,KGZ,1906,0.018562932
Kyrgyzstan,KGZ,1907,0.018246876
Kyrgyzstan,KGZ,1908,0.019098768
Kyrgyzstan,KGZ,1909,0.01936548
Kyrgyzstan,KGZ,1910,0.018094284
Kyrgyzstan,KGZ,1911,0.018483251
Kyrgyzstan,KGZ,1912,0.019925864
Kyrgyzstan,KGZ,1913,0.019976782
Kyrgyzstan,KGZ,1914,0.01987756
Kyrgyzstan,KGZ,1915,0.018509988
Kyrgyzstan,KGZ,1916,0.018266302
Kyrgyzstan,KGZ,1917,0.016076855
Kyrgyzstan,KGZ,1918,0.006497836
Kyrgyzstan,KGZ,1919,0.006400963
Kyrgyzstan,KGZ,1920,0.005020473
Kyrgyzstan,KGZ,1921,0.006205218
Kyrgyzstan,KGZ,1922,0.007216638
Kyrgyzstan,KGZ,1923,0.007026912
Kyrgyzstan,KGZ,1924,0.008347605
Kyrgyzstan,KGZ,1925,0.008151546
Kyrgyzstan,KGZ,1926,0.012024878
Kyrgyzstan,KGZ,1927,0.013698165
Kyrgyzstan,KGZ,1928,0.015317231
Kyrgyzstan,KGZ,1929,0.015372861
Kyrgyzstan,KGZ,1930,0.022661353
Kyrgyzstan,KGZ,1931,0.030450786
Kyrgyzstan,KGZ,1932,0.038052157
Kyrgyzstan,KGZ,1933,0.04037085
Kyrgyzstan,KGZ,1934,0.04490538
Kyrgyzstan,KGZ,1935,0.048433788
Kyrgyzstan,KGZ,1936,0.050635885
Kyrgyzstan,KGZ,1937,0.048429474
Kyrgyzstan,KGZ,1938,0.054375812
Kyrgyzstan,KGZ,1939,0.05201855
Kyrgyzstan,KGZ,1940,0.05709175
Kyrgyzstan,KGZ,1941,0.04905101
Kyrgyzstan,KGZ,1942,0.026687069
Kyrgyzstan,KGZ,1943,0.027401606
Kyrgyzstan,KGZ,1944,0.03914977
Kyrgyzstan,KGZ,1945,0.049866382
Kyrgyzstan,KGZ,1946,0.05137287
Kyrgyzstan,KGZ,1947,0.055850375
Kyrgyzstan,KGZ,1948,0.056408837
Kyrgyzstan,KGZ,1949,0.066208065
Kyrgyzstan,KGZ,1950,0.06450847
Kyrgyzstan,KGZ,1951,0.06580028
Kyrgyzstan,KGZ,1952,0.06953849
Kyrgyzstan,KGZ,1953,0.07156832
Kyrgyzstan,KGZ,1954,0.07654782
Kyrgyzstan,KGZ,1955,0.07919269
Kyrgyzstan,KGZ,1956,0.081559055
Kyrgyzstan,KGZ,1957,0.086413555
Kyrgyzstan,KGZ,1958,0.0897079
Kyrgyzstan,KGZ,1959,0.089672156
Kyrgyzstan,KGZ,1960,0.08810904
Kyrgyzstan,KGZ,1961,0.09057996
Kyrgyzstan,KGZ,1962,0.09183801
Kyrgyzstan,KGZ,1963,0.093478546
Kyrgyzstan,KGZ,1964,0.09427123
Kyrgyzstan,KGZ,1965,0.09569594
Kyrgyzstan,KGZ,1966,0.09639299
Kyrgyzstan,KGZ,1967,0.09768904
Kyrgyzstan,KGZ,1968,0.095239446
Kyrgyzstan,KGZ,1969,0.0930079
Kyrgyzstan,KGZ,1970,0.090444595
Kyrgyzstan,KGZ,1971,0.092255235
Kyrgyzstan,KGZ,1972,0.09276791
Kyrgyzstan,KGZ,1973,0.09187168
Kyrgyzstan,KGZ,1974,0.09579515
Kyrgyzstan,KGZ,1975,0.10050665
Kyrgyzstan,KGZ,1976,0.09887151
Kyrgyzstan,KGZ,1977,0.099357605
Kyrgyzstan,KGZ,1978,0.0996233
Kyrgyzstan,KGZ,1979,0.09759582
Kyrgyzstan,KGZ,1980,0.10200242
Kyrgyzstan,KGZ,1981,0.102479406
Kyrgyzstan,KGZ,1982,0.10521345
Kyrgyzstan,KGZ,1983,0.1059946
Kyrgyzstan,KGZ,1984,0.103314385
Kyrgyzstan,KGZ,1985,0.107766025
Kyrgyzstan,KGZ,1986,0.10618109
Kyrgyzstan,KGZ,1987,0.10014905
Kyrgyzstan,KGZ,1988,0.09700606
Kyrgyzstan,KGZ,1989,0.09293909
Kyrgyzstan,KGZ,1990,0.084904954
Kyrgyzstan,KGZ,1991,0.0686463
Kyrgyzstan,KGZ,1992,0.04907327
Kyrgyzstan,KGZ,1993,0.037269592
Kyrgyzstan,KGZ,1994,0.026761938
Kyrgyzstan,KGZ,1995,0.019232035
Kyrgyzstan,KGZ,1996,0.023444964
Kyrgyzstan,KGZ,1997,0.022938585
Kyrgyzstan,KGZ,1998,0.024426874
Kyrgyzstan,KGZ,1999,0.018795071
Kyrgyzstan,KGZ,2000,0.018081885
Kyrgyzstan,KGZ,2001,0.015043703
Kyrgyzstan,KGZ,2002,0.018723952
Kyrgyzstan,KGZ,2003,0.019462213
Kyrgyzstan,KGZ,2004,0.020281268
Kyrgyzstan,KGZ,2005,0.018621134
Kyrgyzstan,KGZ,2006,0.017713595
Kyrgyzstan,KGZ,2007,0.020690598
Kyrgyzstan,KGZ,2008,0.02352123
Kyrgyzstan,KGZ,2009,0.021342676
Kyrgyzstan,KGZ,2010,0.01892428
Kyrgyzstan,KGZ,2011,0.021902459
Kyrgyzstan,KGZ,2012,0.028561734
Kyrgyzstan,KGZ,2013,0.027345764
Kyrgyzstan,KGZ,2014,0.028375821
Kyrgyzstan,KGZ,2015,0.028906904
Kyrgyzstan,KGZ,2016,0.027153969
Kyrgyzstan,KGZ,2017,0.025897283
Kyrgyzstan,KGZ,2018,0.030153636
Kyrgyzstan,KGZ,2019,0.024351824
Kyrgyzstan,KGZ,2020,0.024071805
Kyrgyzstan,KGZ,2021,0.025073104
Lebanon,LBN,1931,0.000103328
Lebanon,LBN,1932,0.000343856
Lebanon,LBN,1933,0.000435455
Lebanon,LBN,1935,0.001335044
Lebanon,LBN,1936,0.001390762
Lebanon,LBN,1937,0.001382365
Lebanon,LBN,1938,0.001470576
Lebanon,LBN,1939,0.001308059
Lebanon,LBN,1940,0.000449177
Lebanon,LBN,1941,0.000439137
Lebanon,LBN,1942,0.007043148
Lebanon,LBN,1943,0.000721796
Lebanon,LBN,1944,0.001280012
Lebanon,LBN,1945,0.001710153
Lebanon,LBN,1946,0.00156707
Lebanon,LBN,1947,0.001626723
Lebanon,LBN,1948,0.001878978
Lebanon,LBN,1949,0.002216934
Lebanon,LBN,1950,0.025189012
Lebanon,LBN,1951,0.022838611
Lebanon,LBN,1952,0.018172512
Lebanon,LBN,1953,0.018776331
Lebanon,LBN,1954,0.019244285
Lebanon,LBN,1955,0.021782305
Lebanon,LBN,1956,0.023787718
Lebanon,LBN,1957,0.025218084
Lebanon,LBN,1958,0.023524145
Lebanon,LBN,1959,0.027644016
Lebanon,LBN,1960,0.027440296
Lebanon,LBN,1961,0.02843896
Lebanon,LBN,1962,0.029235581
Lebanon,LBN,1963,0.029428938
Lebanon,LBN,1964,0.030112417
Lebanon,LBN,1965,0.029264148
Lebanon,LBN,1966,0.030529639
Lebanon,LBN,1967,0.02911325
Lebanon,LBN,1968,0.028606212
Lebanon,LBN,1969,0.031553645
Lebanon,LBN,1970,0.0264501
Lebanon,LBN,1971,0.03418555
Lebanon,LBN,1972,0.03483549
Lebanon,LBN,1973,0.041359317
Lebanon,LBN,1974,0.041650485
Lebanon,LBN,1975,0.03673548
Lebanon,LBN,1976,0.03292608
Lebanon,LBN,1977,0.029106382
Lebanon,LBN,1978,0.028808638
Lebanon,LBN,1979,0.029488584
Lebanon,LBN,1980,0.030201932
Lebanon,LBN,1981,0.030700829
Lebanon,LBN,1982,0.030286351
Lebanon,LBN,1983,0.036525324
Lebanon,LBN,1984,0.034138147
Lebanon,LBN,1985,0.03820294
Lebanon,LBN,1986,0.036254995
Lebanon,LBN,1987,0.03605527
Lebanon,LBN,1988,0.03322654
Lebanon,LBN,1989,0.03445173
Lebanon,LBN,1990,0.034574106
Lebanon,LBN,1991,0.03491168
Lebanon,LBN,1992,0.043077517
Lebanon,LBN,1993,0.045390565
Lebanon,LBN,1994,0.048372086
Lebanon,LBN,1995,0.05223961
Lebanon,LBN,1996,0.05278603
Lebanon,LBN,1997,0.062127933
Lebanon,LBN,1998,0.06726271
Lebanon,LBN,1999,0.06642978
Lebanon,LBN,2000,0.060762525
Lebanon,LBN,2001,0.063918404
Lebanon,LBN,2002,0.06180785
Lebanon,LBN,2003,0.06700889
Lebanon,LBN,2004,0.060092177
Lebanon,LBN,2005,0.05622291
Lebanon,LBN,2006,0.048351973
Lebanon,LBN,2007,0.04362897
Lebanon,LBN,2008,0.05428493
Lebanon,LBN,2009,0.06639696
Lebanon,LBN,2010,0.059934027
Lebanon,LBN,2011,0.05875872
Lebanon,LBN,2012,0.063794374
Lebanon,LBN,2013,0.06275166
Lebanon,LBN,2014,0.06743589
Lebanon,LBN,2015,0.072372295
Lebanon,LBN,2016,0.07447661
Lebanon,LBN,2017,0.07714351
Lebanon,LBN,2018,0.07115215
Lebanon,LBN,2019,0.07119327
Lebanon,LBN,2020,0.06940531
Lebanon,LBN,2021,0.06723144
Oman,OMN,1964,0.000101499
Oman,OMN,1965,0.000226621
Oman,OMN,1966,0.000247006
Oman,OMN,1967,0.001107217
Oman,OMN,1968,0.001248682
Oman,OMN,1969,0.00170327
Oman,OMN,1970,0.001573934
Oman,OMN,1971,0.013492919
Oman,OMN,1972,0.012869029
Oman,OMN,1973,0.012351868
Oman,OMN,1974,0.013715125
Oman,OMN,1975,0.04251665
Oman,OMN,1976,0.046248313
Oman,OMN,1977,0.045941472
Oman,OMN,1978,0.040832337
Oman,OMN,1979,0.039332256
Oman,OMN,1980,0.03098228
Oman,OMN,1981,0.03158535
Oman,OMN,1982,0.030344991
Oman,OMN,1983,0.03959614
Oman,OMN,1984,0.040953837
Oman,OMN,1985,0.042402655
Oman,OMN,1986,0.047630332
Oman,OMN,1987,0.044194028
Oman,OMN,1988,0.047569536
Oman,OMN,1989,0.044558313
Oman,OMN,1990,0.049313195
Oman,OMN,1991,0.049881365
Oman,OMN,1992,0.052668937
Oman,OMN,1993,0.057970505
Oman,OMN,1994,0.06553941
Oman,OMN,1995,0.06700751
Oman,OMN,1996,0.061606552
Oman,OMN,1997,0.06274177
Oman,OMN,1998,0.06732178
Oman,OMN,1999,0.083115995
Oman,OMN,2000,0.0846071
Oman,OMN,2001,0.07833386
Oman,OMN,2002,0.096019305
Oman,OMN,2003,0.11582526
Oman,OMN,2004,0.096353486
Oman,OMN,2005,0.09950296
Oman,OMN,2006,0.12763228
Oman,OMN,2007,0.13955595
Oman,OMN,2008,0.14365515
Oman,OMN,2009,0.13773648
Oman,OMN,2010,0.15080577
Oman,OMN,2011,0.15977763
Oman,OMN,2012,0.17914939
Oman,OMN,2013,0.18474765
Oman,OMN,2014,0.18521975
Oman,OMN,2015,0.18947951
Oman,OMN,2016,0.18485822
Oman,OMN,2017,0.19009943
Oman,OMN,2018,0.19702047
Oman,OMN,2019,0.19463913
Oman,OMN,2020,0.20560914
Oman,OMN,2021,0.21816483
Pakistan,PAK,1946,0.013661054
Pakistan,PAK,1947,0.012752444
Pakistan,PAK,1948,0.013331807
Pakistan,PAK,1949,0.019530414
Pakistan,PAK,1950,0.08920072
Pakistan,PAK,1951,0.10364964
Pakistan,PAK,1952,0.108006895
Pakistan,PAK,1953,0.10690508
Pakistan,PAK,1954,0.10629998
Pakistan,PAK,1955,0.099918224
Pakistan,PAK,1956,0.11120623
Pakistan,PAK,1957,0.11122855
Pakistan,PAK,1958,0.121454865
Pakistan,PAK,1959,0.112023324
Pakistan,PAK,1960,0.12704365
Pakistan,PAK,1961,0.13112092
Pakistan,PAK,1962,0.13916315
Pakistan,PAK,1963,0.15187636
Pakistan,PAK,1964,0.14810282
Pakistan,PAK,1965,0.14870286
Pakistan,PAK,1966,0.14431484
Pakistan,PAK,1967,0.14844708
Pakistan,PAK,1968,0.16142796
Pakistan,PAK,1969,0.14682086
Pakistan,PAK,1970,0.13762534
Pakistan,PAK,1971,0.12537944
Pakistan,PAK,1972,0.11647893
Pakistan,PAK,1973,0.11710319
Pakistan,PAK,1974,0.12567903
Pakistan,PAK,1975,0.13596222
Pakistan,PAK,1976,0.12666
Pakistan,PAK,1977,0.13143855
Pakistan,PAK,1978,0.13655339
Pakistan,PAK,1979,0.14340803
Pakistan,PAK,1980,0.16374093
Pakistan,PAK,1981,0.17983095
Pakistan,PAK,1982,0.1969321
Pakistan,PAK,1983,0.21057065
Pakistan,PAK,1984,0.21641423
Pakistan,PAK,1985,0.23031941
Pakistan,PAK,1986,0.23783277
Pakistan,PAK,1987,0.24907747
Pakistan,PAK,1988,0.26057497
Pakistan,PAK,1989,0.26914564
Pakistan,PAK,1990,0.2980443
Pakistan,PAK,1991,0.29028895
Pakistan,PAK,1992,0.318932
Pakistan,PAK,1993,0.3382986
Pakistan,PAK,1994,0.36578202
Pakistan,PAK,1995,0.356432
Pakistan,PAK,1996,0.38717446
Pakistan,PAK,1997,0.38591847
Pakistan,PAK,1998,0.3995362
Pakistan,PAK,1999,0.401859
Pakistan,PAK,2000,0.4141641
Pakistan,PAK,2001,0.4173532
Pakistan,PAK,2002,0.4296021
Pakistan,PAK,2003,0.4248977
Pakistan,PAK,2004,0.45264837
Pakistan,PAK,2005,0.45481718
Pakistan,PAK,2006,0.46922553
Pakistan,PAK,2007,0.4932341
Pakistan,PAK,2008,0.47971854
Pakistan,PAK,2009,0.4923923
Pakistan,PAK,2010,0.46129677
Pakistan,PAK,2011,0.44843227
Pakistan,PAK,2012,0.44245094
Pakistan,PAK,2013,0.42901474
Pakistan,PAK,2014,0.4399668
Pakistan,PAK,2015,0.46799064
Pakistan,PAK,2016,0.5511497
Pakistan,PAK,2017,0.5988309
Pakistan,PAK,2018,0.5568297
Pakistan,PAK,2019,0.55568236
Pakistan,PAK,2020,0.5965954
Pakistan,PAK,2021,0.6182343
Palestine,PSE,1990,0.003783547
Palestine,PSE,1991,0.003798801
Palestine,PSE,1992,0.004056683
Palestine,PSE,1993,0.004095577
Palestine,PSE,1994,0.00421122
Palestine,PSE,1995,0.004029684
Palestine,PSE,1996,0.004291963
Palestine,PSE,1997,0.003558074
Palestine,PSE,1998,0.006037749
Palestine,PSE,1999,0.005525839
Palestine,PSE,2000,0.006520848
Palestine,PSE,2001,0.005253037
Palestine,PSE,2002,0.004391607
Palestine,PSE,2003,0.004624456
Palestine,PSE,2004,0.007664069
Palestine,PSE,2005,0.009254462
Palestine,PSE,2006,0.007401508
Palestine,PSE,2007,0.007372938
Palestine,PSE,2008,0.006394847
Palestine,PSE,2009,0.006616645
Palestine,PSE,2010,0.006094889
Palestine,PSE,2011,0.006512689
Palestine,PSE,2012,0.006289416
Palestine,PSE,2013,0.006900759
Palestine,PSE,2014,0.007973098
Palestine,PSE,2015,0.008452928
Palestine,PSE,2016,0.009102434
Palestine,PSE,2017,0.009054247
Palestine,PSE,2018,0.008035359
Palestine,PSE,2019,0.008805743
Palestine,PSE,2020,0.008556021
Palestine,PSE,2021,0.0083295
Qatar,QAT,1949,0.004959045
Qatar,QAT,1950,0.005859205
Qatar,QAT,1951,0.006087718
Qatar,QAT,1952,0.003003405
Qatar,QAT,1953,0.005511629
Qatar,QAT,1954,0.008957685
Qatar,QAT,1955,0.005611747
Qatar,QAT,1956,0.006380816
Qatar,QAT,1957,0.003804755
Qatar,QAT,1958,0.002002275
Qatar,QAT,1959,0.002068603
Qatar,QAT,1960,0.001873436
Qatar,QAT,1961,0.001711702
Qatar,QAT,1962,0.001953921
Qatar,QAT,1963,0.059713222
Qatar,QAT,1964,0.057888538
Qatar,QAT,1965,0.055554412
Qatar,QAT,1966,0.052859217
Qatar,QAT,1967,0.054582816
Qatar,QAT,1968,0.05480012
Qatar,QAT,1969,0.052054685
Qatar,QAT,1970,0.0507524
Qatar,QAT,1971,0.058974598
Qatar,QAT,1972,0.066397116
Qatar,QAT,1973,0.072907895
Qatar,QAT,1974,0.06157514
Qatar,QAT,1975,0.064190075
Qatar,QAT,1976,0.0576643
Qatar,QAT,1977,0.05359191
Qatar,QAT,1978,0.05513916
Qatar,QAT,1979,0.073106855
Qatar,QAT,1980,0.06708125
Qatar,QAT,1981,0.06745432
Qatar,QAT,1982,0.06531768
Qatar,QAT,1983,0.059151016
Qatar,QAT,1984,0.06253845
Qatar,QAT,1985,0.060897965
Qatar,QAT,1986,0.064317405
Qatar,QAT,1987,0.053918287
Qatar,QAT,1988,0.05381659
Qatar,QAT,1989,0.06377561
Qatar,QAT,1990,0.050142616
Qatar,QAT,1991,0.07477144
Qatar,QAT,1992,0.11860191
Qatar,QAT,1993,0.134505
Qatar,QAT,1994,0.13193297
Qatar,QAT,1995,0.13341846
Qatar,QAT,1996,0.13108101
Qatar,QAT,1997,0.15138023
Qatar,QAT,1998,0.13100979
Qatar,QAT,1999,0.1243536
Qatar,QAT,2000,0.1336223
Qatar,QAT,2001,0.16056347
Qatar,QAT,2002,0.15487446
Qatar,QAT,2003,0.1493601
Qatar,QAT,2004,0.14914921
Qatar,QAT,2005,0.17116591
Qatar,QAT,2006,0.20657209
Qatar,QAT,2007,0.19964139
Qatar,QAT,2008,0.2002648
Qatar,QAT,2009,0.21732569
Qatar,QAT,2010,0.21556003
Qatar,QAT,2011,0.23094973
Qatar,QAT,2012,0.26801696
Qatar,QAT,2013,0.23780139
Qatar,QAT,2014,0.2573218
Qatar,QAT,2015,0.25683653
Qatar,QAT,2016,0.2464368
Qatar,QAT,2017,0.27753207
Qatar,QAT,2018,0.25859606
Qatar,QAT,2019,0.27277592
Qatar,QAT,2020,0.26332945
Qatar,QAT,2021,0.25769734
Saudi Arabia,SAU,1936,0.000175265
Saudi Arabia,SAU,1937,0.000573862
Saudi Arabia,SAU,1938,0.004883845
Saudi Arabia,SAU,1939,0.037172087
Saudi Arabia,SAU,1940,0.04422771
Saudi Arabia,SAU,1941,0.036450744
Saudi Arabia,SAU,1942,0.038388383
Saudi Arabia,SAU,1943,0.039586604
Saudi Arabia,SAU,1944,0.06380707
Saudi Arabia,SAU,1945,0.20732641
Saudi Arabia,SAU,1946,0.54229236
Saudi Arabia,SAU,1947,0.7342988
Saudi Arabia,SAU,1948,0.33130667
Saudi Arabia,SAU,1949,0.3504857
Saudi Arabia,SAU,1950,0.085629836
Saudi Arabia,SAU,1951,0
Saudi Arabia,SAU,1952,0
Saudi Arabia,SAU,1953,0.007165117
Saudi Arabia,SAU,1954,0.01823914
Saudi Arabia,SAU,1955,0.028403314
Saudi Arabia,SAU,1956,0.02057582
Saudi Arabia,SAU,1957,0.025648525
Saudi Arabia,SAU,1958,0.023722608
Saudi Arabia,SAU,1959,0.020930903
Saudi Arabia,SAU,1960,0.028488044
Saudi Arabia,SAU,1961,0.03788645
Saudi Arabia,SAU,1962,0.06409602
Saudi Arabia,SAU,1963,0.06755303
Saudi Arabia,SAU,1964,0.06501773
Saudi Arabia,SAU,1965,0.037253972
Saudi Arabia,SAU,1966,0.05399311
Saudi Arabia,SAU,1967,0.20814617
Saudi Arabia,SAU,1968,0.22522934
Saudi Arabia,SAU,1969,0.25619185
Saudi Arabia,SAU,1970,0.3037264
Saudi Arabia,SAU,1971,0.38539016
Saudi Arabia,SAU,1972,0.4330697
Saudi Arabia,SAU,1973,0.55631804
Saudi Arabia,SAU,1974,0.58000314
Saudi Arabia,SAU,1975,0.48820117
Saudi Arabia,SAU,1976,0.56391853
Saudi Arabia,SAU,1977,0.6381206
Saudi Arabia,SAU,1978,0.60294294
Saudi Arabia,SAU,1979,0.7034431
Saudi Arabia,SAU,1980,0.86784333
Saudi Arabia,SAU,1981,0.9209048
Saudi Arabia,SAU,1982,0.83610046
Saudi Arabia,SAU,1983,0.846219
Saudi Arabia,SAU,1984,0.7908178
Saudi Arabia,SAU,1985,0.8483004
Saudi Arabia,SAU,1986,0.991905
Saudi Arabia,SAU,1987,0.89521354
Saudi Arabia,SAU,1988,0.91484433
Saudi Arabia,SAU,1989,0.90772086
Saudi Arabia,SAU,1990,0.91616905
Saudi Arabia,SAU,1991,1.2413332
Saudi Arabia,SAU,1992,1.4002408
Saudi Arabia,SAU,1993,1.4932008
Saudi Arabia,SAU,1994,1.4285859
Saudi Arabia,SAU,1995,1.1186509
Saudi Arabia,SAU,1996,1.0690454
Saudi Arabia,SAU,1997,0.8880022
Saudi Arabia,SAU,1998,0.85589486
Saudi Arabia,SAU,1999,0.91372305
Saudi Arabia,SAU,2000,1.1643285
Saudi Arabia,SAU,2001,1.1554756
Saudi Arabia,SAU,2002,1.2392887
Saudi Arabia,SAU,2003,1.1808256
Saudi Arabia,SAU,2004,1.3778995
Saudi Arabia,SAU,2005,1.3366878
Saudi Arabia,SAU,2006,1.4097679
Saudi Arabia,SAU,2007,1.2267424
Saudi Arabia,SAU,2008,1.3474369
Saudi Arabia,SAU,2009,1.4758707
Saudi Arabia,SAU,2010,1.551704
Saudi Arabia,SAU,2011,1.4430331
Saudi Arabia,SAU,2012,1.6192112
Saudi Arabia,SAU,2013,1.5418342
Saudi Arabia,SAU,2014,1.722553
Saudi Arabia,SAU,2015,1.9091018
Saudi Arabia,SAU,2016,1.8096396
Saudi Arabia,SAU,2017,1.7830933
Saudi Arabia,SAU,2018,1.7003815
Saudi Arabia,SAU,2019,1.7703241
Saudi Arabia,SAU,2020,1.8749754
Saudi Arabia,SAU,2021,1.8111804
Syria,SYR,1931,0.000103328
Syria,SYR,1932,0.000343856
Syria,SYR,1933,0.000435455
Syria,SYR,1934,0.000300295
Syria,SYR,1935,0.000381437
Syria,SYR,1936,0.000695369
Syria,SYR,1937,0.001382365
Syria,SYR,1938,0.001470576
Syria,SYR,1939,0.001308059
Syria,SYR,1940,0.000449177
Syria,SYR,1941,0.000439137
Syria,SYR,1942,0.001100487
Syria,SYR,1943,0.000721796
Syria,SYR,1944,0.000355551
Syria,SYR,1945,0.000427526
Syria,SYR,1946,0.000470125
Syria,SYR,1947,0.000495087
Syria,SYR,1948,0.000469745
Syria,SYR,1949,0.000554229
Syria,SYR,1950,0.006892275
Syria,SYR,1951,0.00596867
Syria,SYR,1952,0.007357193
Syria,SYR,1953,0.007702877
Syria,SYR,1954,0.008511011
Syria,SYR,1955,0.022088028
Syria,SYR,1956,0.025275582
Syria,SYR,1957,0.024200533
Syria,SYR,1958,0.0257497
Syria,SYR,1959,0.025133701
Syria,SYR,1960,0.034286417
Syria,SYR,1961,0.032499313
Syria,SYR,1962,0.032815635
Syria,SYR,1963,0.035109006
Syria,SYR,1964,0.040271692
Syria,SYR,1965,0.03244733
Syria,SYR,1966,0.041383296
Syria,SYR,1967,0.037595555
Syria,SYR,1968,0.046115715
Syria,SYR,1969,0.052534442
Syria,SYR,1970,0.04463424
Syria,SYR,1971,0.057232525
Syria,SYR,1972,0.047793508
Syria,SYR,1973,0.046149403
Syria,SYR,1974,0.05673233
Syria,SYR,1975,0.06550239
Syria,SYR,1976,0.07635189
Syria,SYR,1977,0.07908165
Syria,SYR,1978,0.07957876
Syria,SYR,1979,0.11460937
Syria,SYR,1980,0.10628382
Syria,SYR,1981,0.1393909
Syria,SYR,1982,0.12901829
Syria,SYR,1983,0.14613129
Syria,SYR,1984,0.16704512
Syria,SYR,1985,0.14459373
Syria,SYR,1986,0.15064095
Syria,SYR,1987,0.16895285
Syria,SYR,1988,0.16591033
Syria,SYR,1989,0.15292579
Syria,SYR,1990,0.1627831
Syria,SYR,1991,0.18154943
Syria,SYR,1992,0.1884929
Syria,SYR,1993,0.19822833
Syria,SYR,1994,0.20109308
Syria,SYR,1995,0.17562833
Syria,SYR,1996,0.17517914
Syria,SYR,1997,0.18672074
Syria,SYR,1998,0.20549202
Syria,SYR,1999,0.20932943
Syria,SYR,2000,0.19832624
Syria,SYR,2001,0.18754795
Syria,SYR,2002,0.14626296
Syria,SYR,2003,0.19377461
Syria,SYR,2004,0.17594466
Syria,SYR,2005,0.16843571
Syria,SYR,2006,0.17272347
Syria,SYR,2007,0.20858668
Syria,SYR,2008,0.20843057
Syria,SYR,2009,0.19503927
Syria,SYR,2010,0.18198024
Syria,SYR,2011,0.16755494
Syria,SYR,2012,0.13655585
Syria,SYR,2013,0.09630343
Syria,SYR,2014,0.08691176
Syria,SYR,2015,0.08038884
Syria,SYR,2016,0.08164164
Syria,SYR,2017,0.09034969
Syria,SYR,2018,0.082087316
Syria,SYR,2019,0.07410214
Syria,SYR,2020,0.07418263
Syria,SYR,2021,0.0727316
Turkey,TUR,1865,0.03474938
Turkey,TUR,1866,0.046830088
Turkey,TUR,1867,0.047543097
Turkey,TUR,1868,0.035837207
Turkey,TUR,1869,0.051325314
Turkey,TUR,1870,0.029585188
Turkey,TUR,1871,0.034948062
Turkey,TUR,1872,0.03919206
Turkey,TUR,1873,0.03579098
Turkey,TUR,1874,0.041168723
Turkey,TUR,1875,0.052048605
Turkey,TUR,1876,0.040084444
Turkey,TUR,1877,0.06394063
Turkey,TUR,1878,0.04629552
Turkey,TUR,1879,0.016503036
Turkey,TUR,1880,0.016309153
Turkey,TUR,1881,0.02076144
Turkey,TUR,1882,0.016512971
Turkey,TUR,1883,0.01626748
Turkey,TUR,1884,0.017549044
Turkey,TUR,1885,0.01923319
Turkey,TUR,1886,0.013220014
Turkey,TUR,1887,0.022798814
Turkey,TUR,1888,0.02243381
Turkey,TUR,1889,0.033817768
Turkey,TUR,1890,0.028218081
Turkey,TUR,1891,0.029659854
Turkey,TUR,1892,0.029951937
Turkey,TUR,1893,0.03139793
Turkey,TUR,1894,0.027986282
Turkey,TUR,1895,0.02516225
Turkey,TUR,1896,0.0289068
Turkey,TUR,1897,0.019616753
Turkey,TUR,1898,0.030925019
Turkey,TUR,1899,0.036228262
Turkey,TUR,1900,0.053114787
Turkey,TUR,1901,0.047054846
Turkey,TUR,1902,0.050680082
Turkey,TUR,1903,0.053478494
Turkey,TUR,1904,0.05994836
Turkey,TUR,1905,0.0630966
Turkey,TUR,1906,0.062301755
Turkey,TUR,1907,0.06507727
Turkey,TUR,1908,0.06202555
Turkey,TUR,1909,0.067690626
Turkey,TUR,1910,0.062076725
Turkey,TUR,1911,0.072346754
Turkey,TUR,1912,0.061717086
Turkey,TUR,1913,0.058107883
Turkey,TUR,1914,0.052311376
Turkey,TUR,1915,0.0330819
Turkey,TUR,1916,0.015152673
Turkey,TUR,1917,0.011075264
Turkey,TUR,1918,0.013112539
Turkey,TUR,1919,0.030971289
Turkey,TUR,1920,0.03985479
Turkey,TUR,1921,0.02727722
Turkey,TUR,1922,0.031214396
Turkey,TUR,1923,0.040075336
Turkey,TUR,1924,0.06649891
Turkey,TUR,1925,0.063531265
Turkey,TUR,1926,0.08220552
Turkey,TUR,1927,0.08211022
Turkey,TUR,1928,0.07859904
Turkey,TUR,1929,0.083187304
Turkey,TUR,1930,0.10093546
Turkey,TUR,1931,0.11198324
Turkey,TUR,1932,0.12617138
Turkey,TUR,1933,0.13970369
Turkey,TUR,1934,0.15952837
Turkey,TUR,1935,0.15573263
Turkey,TUR,1936,0.14028642
Turkey,TUR,1937,0.09499582
Turkey,TUR,1938,0.110297084
Turkey,TUR,1939,0.11033629
Turkey,TUR,1940,0.11266051
Turkey,TUR,1941,0.113166995
Turkey,TUR,1942,0.099836774
Turkey,TUR,1943,0.12151149
Turkey,TUR,1944,0.13741346
Turkey,TUR,1945,0.16678213
Turkey,TUR,1946,0.15140292
Turkey,TUR,1947,0.14550574
Turkey,TUR,1948,0.14218508
Turkey,TUR,1949,0.1518855
Turkey,TUR,1950,0.15804972
Turkey,TUR,1951,0.15963387
Turkey,TUR,1952,0.16198541
Turkey,TUR,1953,0.19502436
Turkey,TUR,1954,0.19783646
Turkey,TUR,1955,0.18297698
Turkey,TUR,1956,0.18120266
Turkey,TUR,1957,0.19509912
Turkey,TUR,1958,0.19049162
Turkey,TUR,1959,0.19412123
Turkey,TUR,1960,0.17894258
Turkey,TUR,1961,0.18411542
Turkey,TUR,1962,0.22156101
Turkey,TUR,1963,0.22041182
Turkey,TUR,1964,0.24288002
Turkey,TUR,1965,0.2416852
Turkey,TUR,1966,0.26549202
Turkey,TUR,1967,0.27343217
Turkey,TUR,1968,0.28089064
Turkey,TUR,1969,0.28148162
Turkey,TUR,1970,0.28579128
Turkey,TUR,1971,0.307234
Turkey,TUR,1972,0.33102924
Turkey,TUR,1973,0.34712237
Turkey,TUR,1974,0.35803574
Turkey,TUR,1975,0.38358697
Turkey,TUR,1976,0.407736
Turkey,TUR,1977,0.43842292
Turkey,TUR,1978,0.40212345
Turkey,TUR,1979,0.3824858
Turkey,TUR,1980,0.38567898
Turkey,TUR,1981,0.41597766
Turkey,TUR,1982,0.45651242
Turkey,TUR,1983,0.47253305
Turkey,TUR,1984,0.48261994
Turkey,TUR,1985,0.5198515
Turkey,TUR,1986,0.56050736
Turkey,TUR,1987,0.60375464
Turkey,TUR,1988,0.5641789
Turkey,TUR,1989,0.6138665
Turkey,TUR,1990,0.6664381
Turkey,TUR,1991,0.6803272
Turkey,TUR,1992,0.7265777
Turkey,TUR,1993,0.75016207
Turkey,TUR,1994,0.7294931
Turkey,TUR,1995,0.7736222
Turkey,TUR,1996,0.8261087
Turkey,TUR,1997,0.87248915
Turkey,TUR,1998,0.8758421
Turkey,TUR,1999,0.84042734
Turkey,TUR,2000,0.9030471
Turkey,TUR,2001,0.831709
Turkey,TUR,2002,0.8414745
Turkey,TUR,2003,0.8559481
Turkey,TUR,2004,0.8544587
Turkey,TUR,2005,0.8940475
Turkey,TUR,2006,0.92264766
Turkey,TUR,2007,0.9952717
Turkey,TUR,2008,0.9678175
Turkey,TUR,2009,1.0021513
Turkey,TUR,2010,0.94722813
Turkey,TUR,2011,0.99127847
Turkey,TUR,2012,1.0166254
Turkey,TUR,2013,0.9829007
Turkey,TUR,2014,1.0227418
Turkey,TUR,2015,1.0808378
Turkey,TUR,2016,1.1409254
Turkey,TUR,2017,1.1918539
Turkey,TUR,2018,1.1474584
Turkey,TUR,2019,1.0833118
Turkey,TUR,2020,1.1723913
Turkey,TUR,2021,1.201934
Turkmenistan,TKM,1830,0.000173917
Turkmenistan,TKM,1831,0.000220044
Turkmenistan,TKM,1832,0.000145692
Turkmenistan,TKM,1833,0.000178556
Turkmenistan,TKM,1850,0.000488583
Turkmenistan,TKM,1855,0.001121592
Turkmenistan,TKM,1858,0.001441736
Turkmenistan,TKM,1859,0.001442029
Turkmenistan,TKM,1860,0.001736625
Turkmenistan,TKM,1861,0.002097577
Turkmenistan,TKM,1862,0.00185846
Turkmenistan,TKM,1863,0.001823696
Turkmenistan,TKM,1864,0.001898596
Turkmenistan,TKM,1865,0.001708739
Turkmenistan,TKM,1866,0.005233764
Turkmenistan,TKM,1867,0.005605937
Turkmenistan,TKM,1868,0.004541189
Turkmenistan,TKM,1869,0.005801231
Turkmenistan,TKM,1870,0.006160702
Turkmenistan,TKM,1871,0.007823465
Turkmenistan,TKM,1872,0.007259427
Turkmenistan,TKM,1873,0.006413702
Turkmenistan,TKM,1874,0.008315125
Turkmenistan,TKM,1875,0.008822888
Turkmenistan,TKM,1876,0.010798149
Turkmenistan,TKM,1877,0.010806489
Turkmenistan,TKM,1878,0.014017166
Turkmenistan,TKM,1879,0.013420904
Turkmenistan,TKM,1880,0.013921325
Turkmenistan,TKM,1881,0.014186001
Turkmenistan,TKM,1882,0.014148396
Turkmenistan,TKM,1883,0.015142895
Turkmenistan,TKM,1884,0.015203743
Turkmenistan,TKM,1885,0.01643733
Turkmenistan,TKM,1886,0.016598642
Turkmenistan,TKM,1887,0.016727718
Turkmenistan,TKM,1888,0.015757816
Turkmenistan,TKM,1889,0.017024592
Turkmenistan,TKM,1890,0.017696219
Turkmenistan,TKM,1891,0.018617991
Turkmenistan,TKM,1892,0.019546185
Turkmenistan,TKM,1893,0.023188317
Turkmenistan,TKM,1894,0.022821518
Turkmenistan,TKM,1895,0.024732228
Turkmenistan,TKM,1896,0.024382321
Turkmenistan,TKM,1897,0.026916943
Turkmenistan,TKM,1898,0.028620953
Turkmenistan,TKM,1899,0.030394563
Turkmenistan,TKM,1900,0.032642603
Turkmenistan,TKM,1901,0.032439906
Turkmenistan,TKM,1902,0.03055989
Turkmenistan,TKM,1903,0.027421251
Turkmenistan,TKM,1904,0.030165164
Turkmenistan,TKM,1905,0.025289237
Turkmenistan,TKM,1906,0.027622897
Turkmenistan,TKM,1907,0.027152576
Turkmenistan,TKM,1908,0.028420247
Turkmenistan,TKM,1909,0.028817132
Turkmenistan,TKM,1910,0.026925527
Turkmenistan,TKM,1911,0.027504316
Turkmenistan,TKM,1912,0.029651016
Turkmenistan,TKM,1913,0.029726783
Turkmenistan,TKM,1914,0.02957915
Turkmenistan,TKM,1915,0.027544122
Turkmenistan,TKM,1916,0.027181465
Turkmenistan,TKM,1917,0.023923455
Turkmenistan,TKM,1918,0.009669209
Turkmenistan,TKM,1919,0.009525055
Turkmenistan,TKM,1920,0.007470785
Turkmenistan,TKM,1921,0.009233802
Turkmenistan,TKM,1922,0.010738869
Turkmenistan,TKM,1923,0.010456528
Turkmenistan,TKM,1924,0.012421804
Turkmenistan,TKM,1925,0.012130034
Turkmenistan,TKM,1926,0.017893847
Turkmenistan,TKM,1927,0.02038378
Turkmenistan,TKM,1928,0.022402594
Turkmenistan,TKM,1929,0.02248782
Turkmenistan,TKM,1930,0.03335004
Turkmenistan,TKM,1931,0.044875823
Turkmenistan,TKM,1932,0.05597848
Turkmenistan,TKM,1933,0.059528913
Turkmenistan,TKM,1934,0.06612102
Turkmenistan,TKM,1935,0.07116033
Turkmenistan,TKM,1936,0.074209265
Turkmenistan,TKM,1937,0.07109378
Turkmenistan,TKM,1938,0.07983648
Turkmenistan,TKM,1939,0.076380774
Turkmenistan,TKM,1940,0.08385138
Turkmenistan,TKM,1941,0.07200423
Turkmenistan,TKM,1942,0.03971216
Turkmenistan,TKM,1943,0.040775422
Turkmenistan,TKM,1944,0.058257468
Turkmenistan,TKM,1945,0.07373898
Turkmenistan,TKM,1946,0.07566174
Turkmenistan,TKM,1947,0.08211969
Turkmenistan,TKM,1948,0.08270779
Turkmenistan,TKM,1949,0.097000845
Turkmenistan,TKM,1950,0.09428411
Turkmenistan,TKM,1951,0.09601463
Turkmenistan,TKM,1952,0.10143053
Turkmenistan,TKM,1953,0.10433519
Turkmenistan,TKM,1954,0.111431055
Turkmenistan,TKM,1955,0.1152555
Turkmenistan,TKM,1956,0.118883304
Turkmenistan,TKM,1957,0.12604064
Turkmenistan,TKM,1958,0.13097139
Turkmenistan,TKM,1959,0.13091338
Turkmenistan,TKM,1960,0.12865293
Turkmenistan,TKM,1961,0.13246278
Turkmenistan,TKM,1962,0.13453749
Turkmenistan,TKM,1963,0.1372
Turkmenistan,TKM,1964,0.13859001
Turkmenistan,TKM,1965,0.14076711
Turkmenistan,TKM,1966,0.14184083
Turkmenistan,TKM,1967,0.14391245
Turkmenistan,TKM,1968,0.14047663
Turkmenistan,TKM,1969,0.13730772
Turkmenistan,TKM,1970,0.13336948
Turkmenistan,TKM,1971,0.1361767
Turkmenistan,TKM,1972,0.13699982
Turkmenistan,TKM,1973,0.13574734
Turkmenistan,TKM,1974,0.14162543
Turkmenistan,TKM,1975,0.14865352
Turkmenistan,TKM,1976,0.146318
Turkmenistan,TKM,1977,0.14710777
Turkmenistan,TKM,1978,0.14761016
Turkmenistan,TKM,1979,0.14470352
Turkmenistan,TKM,1980,0.15122364
Turkmenistan,TKM,1981,0.15211253
Turkmenistan,TKM,1982,0.15621917
Turkmenistan,TKM,1983,0.15744634
Turkmenistan,TKM,1984,0.1535478
Turkmenistan,TKM,1985,0.16010569
Turkmenistan,TKM,1986,0.17358163
Turkmenistan,TKM,1987,0.17098929
Turkmenistan,TKM,1988,0.16821009
Turkmenistan,TKM,1989,0.16794331
Turkmenistan,TKM,1990,0.13757427
Turkmenistan,TKM,1991,0.14041199
Turkmenistan,TKM,1992,0.14169241
Turkmenistan,TKM,1993,0.120617695
Turkmenistan,TKM,1994,0.14559796
Turkmenistan,TKM,1995,0.14465208
Turkmenistan,TKM,1996,0.12667844
Turkmenistan,TKM,1997,0.12573344
Turkmenistan,TKM,1998,0.13226454
Turkmenistan,TKM,1999,0.15205005
Turkmenistan,TKM,2000,0.14719397
Turkmenistan,TKM,2001,0.12530601
Turkmenistan,TKM,2002,0.1058735
Turkmenistan,TKM,2003,0.13585638
Turkmenistan,TKM,2004,0.1621923
Turkmenistan,TKM,2005,0.153428
Turkmenistan,TKM,2006,0.15321712
Turkmenistan,TKM,2007,0.14841044
Turkmenistan,TKM,2008,0.17661025
Turkmenistan,TKM,2009,0.15894562
Turkmenistan,TKM,2010,0.17117085
Turkmenistan,TKM,2011,0.18030804
Turkmenistan,TKM,2012,0.19749917
Turkmenistan,TKM,2013,0.19991606
Turkmenistan,TKM,2014,0.20174567
Turkmenistan,TKM,2015,0.20725046
Turkmenistan,TKM,2016,0.20679908
Turkmenistan,TKM,2017,0.20322819
Turkmenistan,TKM,2018,0.19891116
Turkmenistan,TKM,2019,0.20160864
Turkmenistan,TKM,2020,0.20427565
Turkmenistan,TKM,2021,0.22359428
United Arab Emirates,ARE,1959,0.000124116
United Arab Emirates,ARE,1960,0.00011709
United Arab Emirates,ARE,1961,0.000116707
United Arab Emirates,ARE,1962,0.000187877
United Arab Emirates,ARE,1963,0.000214026
United Arab Emirates,ARE,1964,0.000169166
United Arab Emirates,ARE,1965,0.000194246
United Arab Emirates,ARE,1966,0.00021613
United Arab Emirates,ARE,1967,0.007481197
United Arab Emirates,ARE,1968,0.009620528
United Arab Emirates,ARE,1969,0.1489563
United Arab Emirates,ARE,1970,0.102256544
United Arab Emirates,ARE,1971,0.13651241
United Arab Emirates,ARE,1972,0.14440405
United Arab Emirates,ARE,1973,0.17912352
United Arab Emirates,ARE,1974,0.1839377
United Arab Emirates,ARE,1975,0.18203314
United Arab Emirates,ARE,1976,0.22019376
United Arab Emirates,ARE,1977,0.2094342
United Arab Emirates,ARE,1978,0.2345921
United Arab Emirates,ARE,1979,0.18628602
United Arab Emirates,ARE,1980,0.18882573
United Arab Emirates,ARE,1981,0.19314304
United Arab Emirates,ARE,1982,0.19461885
United Arab Emirates,ARE,1983,0.18530701
United Arab Emirates,ARE,1984,0.23471253
United Arab Emirates,ARE,1985,0.24428707
United Arab Emirates,ARE,1986,0.22799858
United Arab Emirates,ARE,1987,0.22304486
United Arab Emirates,ARE,1988,0.2175504
United Arab Emirates,ARE,1989,0.24179012
United Arab Emirates,ARE,1990,0.22719462
United Arab Emirates,ARE,1991,0.24381113
United Arab Emirates,ARE,1992,0.2557883
United Arab Emirates,ARE,1993,0.2874056
United Arab Emirates,ARE,1994,0.31609216
United Arab Emirates,ARE,1995,0.29844892
United Arab Emirates,ARE,1996,0.30122846
United Arab Emirates,ARE,1997,0.30079454
United Arab Emirates,ARE,1998,0.33321628
United Arab Emirates,ARE,1999,0.31353122
United Arab Emirates,ARE,2000,0.43917936
United Arab Emirates,ARE,2001,0.39189172
United Arab Emirates,ARE,2002,0.3184738
United Arab Emirates,ARE,2003,0.38196254
United Arab Emirates,ARE,2004,0.39041445
United Arab Emirates,ARE,2005,0.38655823
United Arab Emirates,ARE,2006,0.39792436
United Arab Emirates,ARE,2007,0.4229692
United Arab Emirates,ARE,2008,0.47986817
United Arab Emirates,ARE,2009,0.52432996
United Arab Emirates,ARE,2010,0.5413613
United Arab Emirates,ARE,2011,0.55960584
United Arab Emirates,ARE,2012,0.5752467
United Arab Emirates,ARE,2013,0.5825669
United Arab Emirates,ARE,2014,0.5669684
United Arab Emirates,ARE,2015,0.60850906
United Arab Emirates,ARE,2016,0.5977457
United Arab Emirates,ARE,2017,0.59328353
United Arab Emirates,ARE,2018,0.5708344
United Arab Emirates,ARE,2019,0.5622474
United Arab Emirates,ARE,2020,0.56455296
United Arab Emirates,ARE,2021,0.5497454
Uzbekistan,UZB,1830,0.000536337
Uzbekistan,UZB,1831,0.000677878
Uzbekistan,UZB,1832,0.000448825
Uzbekistan,UZB,1833,0.000550644
Uzbekistan,UZB,1850,0.001504855
Uzbekistan,UZB,1855,0.00345318
Uzbekistan,UZB,1858,0.004439576
Uzbekistan,UZB,1859,0.004440585
Uzbekistan,UZB,1860,0.005347487
Uzbekistan,UZB,1861,0.00645895
Uzbekistan,UZB,1862,0.00572253
Uzbekistan,UZB,1863,0.005615057
Uzbekistan,UZB,1864,0.005845877
Uzbekistan,UZB,1865,0.005261539
Uzbekistan,UZB,1866,0.01611567
Uzbekistan,UZB,1867,0.017261915
Uzbekistan,UZB,1868,0.013982812
Uzbekistan,UZB,1869,0.017862696
Uzbekistan,UZB,1870,0.01896977
Uzbekistan,UZB,1871,0.02408985
Uzbekistan,UZB,1872,0.022353178
Uzbekistan,UZB,1873,0.019748908
Uzbekistan,UZB,1874,0.025603805
Uzbekistan,UZB,1875,0.027167246
Uzbekistan,UZB,1876,0.03324938
Uzbekistan,UZB,1877,0.033274997
Uzbekistan,UZB,1878,0.043161128
Uzbekistan,UZB,1879,0.04132515
Uzbekistan,UZB,1880,0.042865995
Uzbekistan,UZB,1881,0.0436813
Uzbekistan,UZB,1882,0.043565236
Uzbekistan,UZB,1883,0.046627637
Uzbekistan,UZB,1884,0.04681501
Uzbekistan,UZB,1885,0.0506134
Uzbekistan,UZB,1886,0.051110145
Uzbekistan,UZB,1887,0.051507406
Uzbekistan,UZB,1888,0.048521064
Uzbekistan,UZB,1889,0.05242165
Uzbekistan,UZB,1890,0.05448978
Uzbekistan,UZB,1891,0.05732806
Uzbekistan,UZB,1892,0.060186192
Uzbekistan,UZB,1893,0.07140078
Uzbekistan,UZB,1894,0.07027137
Uzbekistan,UZB,1895,0.076154776
Uzbekistan,UZB,1896,0.07507746
Uzbekistan,UZB,1897,0.082881875
Uzbekistan,UZB,1898,0.08812885
Uzbekistan,UZB,1899,0.09359016
Uzbekistan,UZB,1900,0.100512214
Uzbekistan,UZB,1901,0.099888116
Uzbekistan,UZB,1902,0.09409924
Uzbekistan,UZB,1903,0.08443482
Uzbekistan,UZB,1904,0.0928837
Uzbekistan,UZB,1905,0.07786993
Uzbekistan,UZB,1906,0.0850557
Uzbekistan,UZB,1907,0.08360753
Uzbekistan,UZB,1908,0.08751092
Uzbekistan,UZB,1909,0.08873293
Uzbekistan,UZB,1910,0.08290835
Uzbekistan,UZB,1911,0.08469058
Uzbekistan,UZB,1912,0.0913006
Uzbekistan,UZB,1913,0.0915339
Uzbekistan,UZB,1914,0.091079354
Uzbekistan,UZB,1915,0.08481309
Uzbekistan,UZB,1916,0.083696455
Uzbekistan,UZB,1917,0.07366449
Uzbekistan,UZB,1918,0.029773194
Uzbekistan,UZB,1919,0.029329287
Uzbekistan,UZB,1920,0.02300388
Uzbekistan,UZB,1921,0.028432472
Uzbekistan,UZB,1922,0.03306683
Uzbekistan,UZB,1923,0.032197464
Uzbekistan,UZB,1924,0.038248915
Uzbekistan,UZB,1925,0.037350476
Uzbekistan,UZB,1926,0.05509823
Uzbekistan,UZB,1927,0.06276523
Uzbekistan,UZB,1928,0.06778734
Uzbekistan,UZB,1929,0.067961134
Uzbekistan,UZB,1930,0.10112315
Uzbekistan,UZB,1931,0.13632075
Uzbekistan,UZB,1932,0.16998227
Uzbekistan,UZB,1933,0.18139765
Uzbekistan,UZB,1934,0.20127773
Uzbekistan,UZB,1935,0.21626553
Uzbekistan,UZB,1936,0.2251072
Uzbekistan,UZB,1937,0.21595497
Uzbekistan,UZB,1938,0.24253538
Uzbekistan,UZB,1939,0.23206253
Uzbekistan,UZB,1940,0.2551514
Uzbekistan,UZB,1941,0.21858628
Uzbekistan,UZB,1942,0.122280605
Uzbekistan,UZB,1943,0.12555462
Uzbekistan,UZB,1944,0.1793849
Uzbekistan,UZB,1945,0.22591947
Uzbekistan,UZB,1946,0.23107119
Uzbekistan,UZB,1947,0.25046653
Uzbekistan,UZB,1948,0.2516529
Uzbekistan,UZB,1949,0.29488936
Uzbekistan,UZB,1950,0.28615516
Uzbekistan,UZB,1951,0.2910649
Uzbekistan,UZB,1952,0.3072273
Uzbekistan,UZB,1953,0.31577384
Uzbekistan,UZB,1954,0.3368161
Uzbekistan,UZB,1955,0.3482452
Uzbekistan,UZB,1956,0.35955325
Uzbekistan,UZB,1957,0.3815439
Uzbekistan,UZB,1958,0.39692447
Uzbekistan,UZB,1959,0.39683807
Uzbekistan,UZB,1960,0.39015934
Uzbekistan,UZB,1961,0.40237582
Uzbekistan,UZB,1962,0.40928555
Uzbekistan,UZB,1963,0.41812074
Uzbekistan,UZB,1964,0.42306587
Uzbekistan,UZB,1965,0.4300714
Uzbekistan,UZB,1966,0.4335487
Uzbekistan,UZB,1967,0.4401795
Uzbekistan,UZB,1968,0.43001506
Uzbekistan,UZB,1969,0.42052746
Uzbekistan,UZB,1970,0.40784174
Uzbekistan,UZB,1971,0.41685322
Uzbekistan,UZB,1972,0.41910133
Uzbekistan,UZB,1973,0.41510904
Uzbekistan,UZB,1974,0.43290758
Uzbekistan,UZB,1975,0.4542594
Uzbekistan,UZB,1976,0.44720632
Uzbekistan,UZB,1977,0.44958776
Uzbekistan,UZB,1978,0.45108327
Uzbekistan,UZB,1979,0.4421557
Uzbekistan,UZB,1980,0.46190184
Uzbekistan,UZB,1981,0.4647876
Uzbekistan,UZB,1982,0.4774527
Uzbekistan,UZB,1983,0.48120916
Uzbekistan,UZB,1984,0.46940777
Uzbekistan,UZB,1985,0.48952612
Uzbekistan,UZB,1986,0.46244323
Uzbekistan,UZB,1987,0.45944843
Uzbekistan,UZB,1988,0.4572606
Uzbekistan,UZB,1989,0.464405
Uzbekistan,UZB,1990,0.4542324
Uzbekistan,UZB,1991,0.44203225
Uzbekistan,UZB,1992,0.49151555
Uzbekistan,UZB,1993,0.5068064
Uzbekistan,UZB,1994,0.47010162
Uzbekistan,UZB,1995,0.4376356
Uzbekistan,UZB,1996,0.43687373
Uzbekistan,UZB,1997,0.4387582
Uzbekistan,UZB,1998,0.48939678
Uzbekistan,UZB,1999,0.4922258
Uzbekistan,UZB,2000,0.47535086
Uzbekistan,UZB,2001,0.47758344
Uzbekistan,UZB,2002,0.48521036
Uzbekistan,UZB,2003,0.45543832
Uzbekistan,UZB,2004,0.43691573
Uzbekistan,UZB,2005,0.3936442
Uzbekistan,UZB,2006,0.39066026
Uzbekistan,UZB,2007,0.3805558
Uzbekistan,UZB,2008,0.3846097
Uzbekistan,UZB,2009,0.33578685
Uzbekistan,UZB,2010,0.31218004
Uzbekistan,UZB,2011,0.32848167
Uzbekistan,UZB,2012,0.33952403
Uzbekistan,UZB,2013,0.3179063
Uzbekistan,UZB,2014,0.3018744
Uzbekistan,UZB,2015,0.29162008
Uzbekistan,UZB,2016,0.31003967
Uzbekistan,UZB,2017,0.30177453
Uzbekistan,UZB,2018,0.31625074
Uzbekistan,UZB,2019,0.3203607
Uzbekistan,UZB,2020,0.3352978
Uzbekistan,UZB,2021,0.32763702
Yemen,YEM,1950,0.000976534
Yemen,YEM,1951,0.000631744
Yemen,YEM,1952,0.000906688
Yemen,YEM,1953,0.001047209
Yemen,YEM,1954,0.06561774
Yemen,YEM,1955,0.033375125
Yemen,YEM,1956,0.029407239
Yemen,YEM,1957,0.03612279
Yemen,YEM,1958,0.02237325
Yemen,YEM,1959,0.029374154
Yemen,YEM,1960,0.038678657
Yemen,YEM,1961,0.02828199
Yemen,YEM,1962,0.03982993
Yemen,YEM,1963,0.028394101
Yemen,YEM,1964,0.033528663
Yemen,YEM,1965,0.03470532
Yemen,YEM,1966,0.029177547
Yemen,YEM,1967,0.02492735
Yemen,YEM,1968,0.09013215
Yemen,YEM,1969,0.03395895
Yemen,YEM,1970,0.016846016
Yemen,YEM,1971,0.012713118
Yemen,YEM,1972,0.009211516
Yemen,YEM,1973,0.015975595
Yemen,YEM,1974,0.013196986
Yemen,YEM,1975,0.012717077
Yemen,YEM,1976,0.014252313
Yemen,YEM,1977,0.016094772
Yemen,YEM,1978,0.016260892
Yemen,YEM,1979,0.016405404
Yemen,YEM,1980,0.0169913
Yemen,YEM,1981,0.022196958
Yemen,YEM,1982,0.031420518
Yemen,YEM,1983,0.033070717
Yemen,YEM,1984,0.036089845
Yemen,YEM,1985,0.04218035
Yemen,YEM,1986,0.039714444
Yemen,YEM,1987,0.04055039
Yemen,YEM,1988,0.043198485
Yemen,YEM,1989,0.04433233
Yemen,YEM,1990,0.041833207
Yemen,YEM,1991,0.039266303
Yemen,YEM,1992,0.043727346
Yemen,YEM,1993,0.03780942
Yemen,YEM,1994,0.039104197
Yemen,YEM,1995,0.04412897
Yemen,YEM,1996,0.043570362
Yemen,YEM,1997,0.046562597
Yemen,YEM,1998,0.049826175
Yemen,YEM,1999,0.05548981
Yemen,YEM,2000,0.05694159
Yemen,YEM,2001,0.06239989
Yemen,YEM,2002,0.059184764
Yemen,YEM,2003,0.061773628
Yemen,YEM,2004,0.06511591
Yemen,YEM,2005,0.06683987
Yemen,YEM,2006,0.068920314
Yemen,YEM,2007,0.06576065
Yemen,YEM,2008,0.06864483
Yemen,YEM,2009,0.07683235
Yemen,YEM,2010,0.06938721
Yemen,YEM,2011,0.058544338
Yemen,YEM,2012,0.05814898
Yemen,YEM,2013,0.076899834
Yemen,YEM,2014,0.07441934
Yemen,YEM,2015,0.039606616
Yemen,YEM,2016,0.030687638
Yemen,YEM,2017,0.029334009
Yemen,YEM,2018,0.028441947
Yemen,YEM,2019,0.034204334
Yemen,YEM,2020,0.034426335
Yemen,YEM,2021,0.033608034
