Entity,Code,Year,2_1_EnergyPC
Afghanistan,AFG,1980,623.92865
Afghanistan,AFG,1981,786.8369
Afghanistan,AFG,1982,926.65125
Afghanistan,AFG,1983,1149.1959
Afghanistan,AFG,1984,1121.5729
Afghanistan,AFG,1985,1067.0709
Afghanistan,AFG,1986,1097.0397
Afghanistan,AFG,1987,1790.467
Afghanistan,AFG,1988,3139.1848
Afghanistan,AFG,1989,3003.0044
Afghanistan,AFG,1990,2968.316
Afghanistan,AFG,1991,1293.8619
Afghanistan,AFG,1992,760.34247
Afghanistan,AFG,1993,650.20715
Afghanistan,AFG,1994,570.4033
Afghanistan,AFG,1995,452.4602
Afghanistan,AFG,1996,425.90646
Afghanistan,AFG,1997,390.01947
Afghanistan,AFG,1998,365.12076
Afghanistan,AFG,1999,350.34662
Afghanistan,AFG,2000,302.59482
Afghanistan,AFG,2001,236.89185
Afghanistan,AFG,2002,210.86215
Afghanistan,AFG,2003,229.96822
Afghanistan,AFG,2004,204.23125
Afghanistan,AFG,2005,252.06912
Afghanistan,AFG,2006,304.4209
Afghanistan,AFG,2007,387.55923
Afghanistan,AFG,2008,649.044
Afghanistan,AFG,2009,1020.40015
Afghanistan,AFG,2010,1232.3739
Afghanistan,AFG,2011,1613.699
Afghanistan,AFG,2012,1419.9056
Afghanistan,AFG,2013,1156.8546
Afghanistan,AFG,2014,1024.0199
Afghanistan,AFG,2015,1096.5377
Afghanistan,AFG,2016,994.8554
Afghanistan,AFG,2017,1027.3052
Afghanistan,AFG,2018,1144.5321
Afghanistan,AFG,2019,952.46204
Armenia,ARM,1992,16157.746
Armenia,ARM,1993,12714.077
Armenia,ARM,1994,11647.73
Armenia,ARM,1995,11600.216
Armenia,ARM,1996,14956.918
Armenia,ARM,1997,12710.774
Armenia,ARM,1998,13636.756
Armenia,ARM,1999,8518.906
Armenia,ARM,2000,9270.454
Armenia,ARM,2001,9219.866
Armenia,ARM,2002,8911.608
Armenia,ARM,2003,9866.072
Armenia,ARM,2004,10294.192
Armenia,ARM,2005,11997.367
Armenia,ARM,2006,12061.231
Armenia,ARM,2007,13633.888
Armenia,ARM,2008,13250.285
Armenia,ARM,2009,11915.396
Armenia,ARM,2010,13351.512
Armenia,ARM,2011,14139.787
Armenia,ARM,2012,15057.879
Armenia,ARM,2013,14838.981
Armenia,ARM,2014,15185.13
Armenia,ARM,2015,14125.896
Armenia,ARM,2016,14289.046
Armenia,ARM,2017,15302.439
Armenia,ARM,2018,15133.982
Armenia,ARM,2019,16293.592
Azerbaijan,AZE,1985,34094.56
Azerbaijan,AZE,1986,36072.145
Azerbaijan,AZE,1987,34352.094
Azerbaijan,AZE,1988,33769.35
Azerbaijan,AZE,1989,34025.863
Azerbaijan,AZE,1990,35077.66
Azerbaijan,AZE,1991,33210.72
Azerbaijan,AZE,1992,28049.746
Azerbaijan,AZE,1993,24028.104
Azerbaijan,AZE,1994,21844.428
Azerbaijan,AZE,1995,20362.68
Azerbaijan,AZE,1996,16573.02
Azerbaijan,AZE,1997,15769.197
Azerbaijan,AZE,1998,15749.732
Azerbaijan,AZE,1999,15564.704
Azerbaijan,AZE,2000,16071.49
Azerbaijan,AZE,2001,15322.776
Azerbaijan,AZE,2002,14981.8545
Azerbaijan,AZE,2003,16038.434
Azerbaijan,AZE,2004,17986.783
Azerbaijan,AZE,2005,19273.648
Azerbaijan,AZE,2006,18724.746
Azerbaijan,AZE,2007,16719.93
Azerbaijan,AZE,2008,16653.725
Azerbaijan,AZE,2009,14525.302
Azerbaijan,AZE,2010,14165.333
Azerbaijan,AZE,2011,15532.164
Azerbaijan,AZE,2012,15772.562
Azerbaijan,AZE,2013,15996.532
Azerbaijan,AZE,2014,16082.415
Azerbaijan,AZE,2015,17369.922
Azerbaijan,AZE,2016,17013.896
Azerbaijan,AZE,2017,16529.678
Azerbaijan,AZE,2018,16872.742
Azerbaijan,AZE,2019,17654.637
Azerbaijan,AZE,2020,17246.98
Azerbaijan,AZE,2021,17768.523
Georgia,GEO,1992,17979.797
Georgia,GEO,1993,11339.383
Georgia,GEO,1994,8967.001
Georgia,GEO,1995,9073.216
Georgia,GEO,1996,9773.224
Georgia,GEO,1997,10330.433
Georgia,GEO,1998,10741.93
Georgia,GEO,1999,10714.2
Georgia,GEO,2000,9423.704
Georgia,GEO,2001,8959.572
Georgia,GEO,2002,10776.443
Georgia,GEO,2003,9694.849
Georgia,GEO,2004,10085.432
Georgia,GEO,2005,11553.322
Georgia,GEO,2006,10517.187
Georgia,GEO,2007,13246.12
Georgia,GEO,2008,13342.63
Georgia,GEO,2009,13652.776
Georgia,GEO,2010,14789.647
Georgia,GEO,2011,13820.907
Georgia,GEO,2012,14376.836
Georgia,GEO,2013,16267.887
Georgia,GEO,2014,17044.346
Georgia,GEO,2015,18088.293
Georgia,GEO,2016,19119.283
Georgia,GEO,2017,19005.701
Georgia,GEO,2018,19383.402
Georgia,GEO,2019,19658.654
Iran,IRN,1965,3944.1482
Iran,IRN,1966,4174.8916
Iran,IRN,1967,4463.6963
Iran,IRN,1968,4772.0547
Iran,IRN,1969,5091.7686
Iran,IRN,1970,5836.307
Iran,IRN,1971,6213.109
Iran,IRN,1972,6848.447
Iran,IRN,1973,7955.3193
Iran,IRN,1974,8761.964
Iran,IRN,1975,9911.101
Iran,IRN,1976,10829.12
Iran,IRN,1977,11897.395
Iran,IRN,1978,11270.637
Iran,IRN,1979,11771.766
Iran,IRN,1980,10541.232
Iran,IRN,1981,10068.537
Iran,IRN,1982,10822.305
Iran,IRN,1983,12403.508
Iran,IRN,1984,12934.149
Iran,IRN,1985,13623.729
Iran,IRN,1986,12333.542
Iran,IRN,1987,12796.609
Iran,IRN,1988,12656.99
Iran,IRN,1989,13439.815
Iran,IRN,1990,14540.782
Iran,IRN,1991,15178.74
Iran,IRN,1992,16395.33
Iran,IRN,1993,15073.914
Iran,IRN,1994,16816.41
Iran,IRN,1995,17401.883
Iran,IRN,1996,18683.664
Iran,IRN,1997,18984.059
Iran,IRN,1998,19468.625
Iran,IRN,1999,20652.555
Iran,IRN,2000,21307.21
Iran,IRN,2001,22379.375
Iran,IRN,2002,24156.205
Iran,IRN,2003,24372.035
Iran,IRN,2004,26526.402
Iran,IRN,2005,27646.455
Iran,IRN,2006,29747.424
Iran,IRN,2007,31167.166
Iran,IRN,2008,31679.156
Iran,IRN,2009,32100.88
Iran,IRN,2010,32148.867
Iran,IRN,2011,33171.1
Iran,IRN,2012,33106.2
Iran,IRN,2013,33847.125
Iran,IRN,2014,34720.953
Iran,IRN,2015,33744.59
Iran,IRN,2016,34676.22
Iran,IRN,2017,35613.996
Iran,IRN,2018,36300.188
Iran,IRN,2019,37688.18
Iran,IRN,2020,38260.562
Iran,IRN,2021,38512.965
Israel,ISR,1965,17370.53
Israel,ISR,1966,17282.178
Israel,ISR,1967,20088.225
Israel,ISR,1968,19618.719
Israel,ISR,1969,21295.797
Israel,ISR,1970,21858.416
Israel,ISR,1971,23890.252
Israel,ISR,1972,21889.021
Israel,ISR,1973,22655.547
Israel,ISR,1974,22135.588
Israel,ISR,1975,22179.557
Israel,ISR,1976,22214.146
Israel,ISR,1977,22843.607
Israel,ISR,1978,24477.008
Israel,ISR,1979,24825.799
Israel,ISR,1980,24722.629
Israel,ISR,1981,24669.229
Israel,ISR,1982,26137.057
Israel,ISR,1983,25586.787
Israel,ISR,1984,25986.332
Israel,ISR,1985,23491.43
Israel,ISR,1986,24062.041
Israel,ISR,1987,25121.795
Israel,ISR,1988,26192.56
Israel,ISR,1989,26630.533
Israel,ISR,1990,26885.531
Israel,ISR,1991,26559.719
Israel,ISR,1992,30160.828
Israel,ISR,1993,31914.094
Israel,ISR,1994,32465.627
Israel,ISR,1995,35630.555
Israel,ISR,1996,36044.28
Israel,ISR,1997,38517.1
Israel,ISR,1998,39661.715
Israel,ISR,1999,40251.742
Israel,ISR,2000,37170.773
Israel,ISR,2001,36424.152
Israel,ISR,2002,36462.848
Israel,ISR,2003,36880.75
Israel,ISR,2004,36929.9
Israel,ISR,2005,36458.637
Israel,ISR,2006,35724.145
Israel,ISR,2007,36725.434
Israel,ISR,2008,37139.56
Israel,ISR,2009,35460.91
Israel,ISR,2010,36229.89
Israel,ISR,2011,36258.535
Israel,ISR,2012,37267.684
Israel,ISR,2013,34657.74
Israel,ISR,2014,33228.23
Israel,ISR,2015,34426.465
Israel,ISR,2016,34478.863
Israel,ISR,2017,34541.145
Israel,ISR,2018,34497.707
Israel,ISR,2019,35090.04
Israel,ISR,2020,32627.172
Israel,ISR,2021,32815.957
Jordan,JOR,1980,10288.259
Jordan,JOR,1981,11726.532
Jordan,JOR,1982,12773.515
Jordan,JOR,1983,12956.073
Jordan,JOR,1984,13125.893
Jordan,JOR,1985,12950.6
Jordan,JOR,1986,13185.326
Jordan,JOR,1987,13562.059
Jordan,JOR,1988,12151.512
Jordan,JOR,1989,11934.6455
Jordan,JOR,1990,12111.728
Jordan,JOR,1991,10900.639
Jordan,JOR,1992,12181.209
Jordan,JOR,1993,11432.909
Jordan,JOR,1994,12516.938
Jordan,JOR,1995,12590.666
Jordan,JOR,1996,13089.599
Jordan,JOR,1997,12316.658
Jordan,JOR,1998,12871.409
Jordan,JOR,1999,12724.906
Jordan,JOR,2000,13120.57
Jordan,JOR,2001,12340.564
Jordan,JOR,2002,12667.007
Jordan,JOR,2003,13522.985
Jordan,JOR,2004,14329.478
Jordan,JOR,2005,15157.3
Jordan,JOR,2006,14647.871
Jordan,JOR,2007,13221.179
Jordan,JOR,2008,12430.374
Jordan,JOR,2009,12645.595
Jordan,JOR,2010,12875.821
Jordan,JOR,2011,13144.025
Jordan,JOR,2012,13750.912
Jordan,JOR,2013,12814.997
Jordan,JOR,2014,11707.33
Jordan,JOR,2015,11505.435
Jordan,JOR,2016,11704.712
Jordan,JOR,2017,11816.349
Jordan,JOR,2018,11273.679
Jordan,JOR,2019,10842.929
Kazakhstan,KAZ,1985,51645.434
Kazakhstan,KAZ,1986,51792.863
Kazakhstan,KAZ,1987,51802.53
Kazakhstan,KAZ,1988,52521.395
Kazakhstan,KAZ,1989,50852.816
Kazakhstan,KAZ,1990,50954.355
Kazakhstan,KAZ,1991,50520.637
Kazakhstan,KAZ,1992,49724.492
Kazakhstan,KAZ,1993,44061.656
Kazakhstan,KAZ,1994,39793.1
Kazakhstan,KAZ,1995,36430.83
Kazakhstan,KAZ,1996,32284.078
Kazakhstan,KAZ,1997,29049.664
Kazakhstan,KAZ,1998,27982.148
Kazakhstan,KAZ,1999,26675.014
Kazakhstan,KAZ,2000,24267.604
Kazakhstan,KAZ,2001,27235.379
Kazakhstan,KAZ,2002,27638.352
Kazakhstan,KAZ,2003,30142.021
Kazakhstan,KAZ,2004,31813.24
Kazakhstan,KAZ,2005,32415.734
Kazakhstan,KAZ,2006,34517.5
Kazakhstan,KAZ,2007,37807.3
Kazakhstan,KAZ,2008,39400.227
Kazakhstan,KAZ,2009,34913.5
Kazakhstan,KAZ,2010,36949.332
Kazakhstan,KAZ,2011,41342.99
Kazakhstan,KAZ,2012,42868.234
Kazakhstan,KAZ,2013,42457.914
Kazakhstan,KAZ,2014,42738.51
Kazakhstan,KAZ,2015,39996.96
Kazakhstan,KAZ,2016,40301.367
Kazakhstan,KAZ,2017,41856.91
Kazakhstan,KAZ,2018,45929.137
Kazakhstan,KAZ,2019,44966.754
Kazakhstan,KAZ,2020,42341.9
Kazakhstan,KAZ,2021,41235.133
Kuwait,KWT,1965,154173.44
Kuwait,KWT,1966,146570.11
Kuwait,KWT,1967,135788
Kuwait,KWT,1968,130337.305
Kuwait,KWT,1969,122382.69
Kuwait,KWT,1970,91440.39
Kuwait,KWT,1971,85190.85
Kuwait,KWT,1972,88595.766
Kuwait,KWT,1973,83112.74
Kuwait,KWT,1974,75114.875
Kuwait,KWT,1975,62962.21
Kuwait,KWT,1976,70412.836
Kuwait,KWT,1977,67460.586
Kuwait,KWT,1978,69531.44
Kuwait,KWT,1979,79819.484
Kuwait,KWT,1980,56714.03
Kuwait,KWT,1981,69107.875
Kuwait,KWT,1982,64686.594
Kuwait,KWT,1983,67990.11
Kuwait,KWT,1984,69339.766
Kuwait,KWT,1985,63820.133
Kuwait,KWT,1986,70143.23
Kuwait,KWT,1987,62249.035
Kuwait,KWT,1988,67629.33
Kuwait,KWT,1989,70157.95
Kuwait,KWT,1990,54624.38
Kuwait,KWT,1991,34431.15
Kuwait,KWT,1992,50396.95
Kuwait,KWT,1993,60576.812
Kuwait,KWT,1994,71253.17
Kuwait,KWT,1995,90954.09
Kuwait,KWT,1996,87488.125
Kuwait,KWT,1997,88023.63
Kuwait,KWT,1998,104961.88
Kuwait,KWT,1999,105604.37
Kuwait,KWT,2000,109536.44
Kuwait,KWT,2001,107600.51
Kuwait,KWT,2002,110790.81
Kuwait,KWT,2003,128997.93
Kuwait,KWT,2004,140627.27
Kuwait,KWT,2005,149455.02
Kuwait,KWT,2006,135875.58
Kuwait,KWT,2007,124446.914
Kuwait,KWT,2008,127302.05
Kuwait,KWT,2009,124978.234
Kuwait,KWT,2010,133508.61
Kuwait,KWT,2011,128367.734
Kuwait,KWT,2012,123815.99
Kuwait,KWT,2013,117800.27
Kuwait,KWT,2014,116073.66
Kuwait,KWT,2015,116074.836
Kuwait,KWT,2016,110826.97
Kuwait,KWT,2017,110847.65
Kuwait,KWT,2018,107916.445
Kuwait,KWT,2019,107970.18
Kuwait,KWT,2020,102826.445
Kuwait,KWT,2021,113650.29
Kyrgyzstan,KGZ,1992,18381.018
Kyrgyzstan,KGZ,1993,16076.551
Kyrgyzstan,KGZ,1994,14149.494
Kyrgyzstan,KGZ,1995,11880.359
Kyrgyzstan,KGZ,1996,14570.59
Kyrgyzstan,KGZ,1997,13532.085
Kyrgyzstan,KGZ,1998,13377.348
Kyrgyzstan,KGZ,1999,14188.851
Kyrgyzstan,KGZ,2000,14177.031
Kyrgyzstan,KGZ,2001,13327.09
Kyrgyzstan,KGZ,2002,11277.386
Kyrgyzstan,KGZ,2003,11796.489
Kyrgyzstan,KGZ,2004,11902.486
Kyrgyzstan,KGZ,2005,11085.9
Kyrgyzstan,KGZ,2006,11181.869
Kyrgyzstan,KGZ,2007,12160.274
Kyrgyzstan,KGZ,2008,11500.209
Kyrgyzstan,KGZ,2009,11463.955
Kyrgyzstan,KGZ,2010,10836.261
Kyrgyzstan,KGZ,2011,12183.774
Kyrgyzstan,KGZ,2012,13588.381
Kyrgyzstan,KGZ,2013,12564.967
Kyrgyzstan,KGZ,2014,12576.968
Kyrgyzstan,KGZ,2015,11097.164
Kyrgyzstan,KGZ,2016,11131.824
Kyrgyzstan,KGZ,2017,11335.21
Kyrgyzstan,KGZ,2018,11701.779
Kyrgyzstan,KGZ,2019,10424.712
Lebanon,LBN,1980,10213.195
Lebanon,LBN,1981,9375.223
Lebanon,LBN,1982,8874.151
Lebanon,LBN,1983,9058.104
Lebanon,LBN,1984,8524.34
Lebanon,LBN,1985,9695.599
Lebanon,LBN,1986,9043.443
Lebanon,LBN,1987,9262.154
Lebanon,LBN,1988,8200.101
Lebanon,LBN,1989,6399.381
Lebanon,LBN,1990,5810.4277
Lebanon,LBN,1991,9377.385
Lebanon,LBN,1992,9394.195
Lebanon,LBN,1993,11559.439
Lebanon,LBN,1994,12784.609
Lebanon,LBN,1995,13479.627
Lebanon,LBN,1996,14030.888
Lebanon,LBN,1997,15778.79
Lebanon,LBN,1998,15650.636
Lebanon,LBN,1999,15773.97
Lebanon,LBN,2000,14027.069
Lebanon,LBN,2001,14693.647
Lebanon,LBN,2002,14617.907
Lebanon,LBN,2003,14599.101
Lebanon,LBN,2004,14306.836
Lebanon,LBN,2005,13477.188
Lebanon,LBN,2006,12290.246
Lebanon,LBN,2007,10675.19
Lebanon,LBN,2008,13562.222
Lebanon,LBN,2009,16556.137
Lebanon,LBN,2010,15851.824
Lebanon,LBN,2011,15852.878
Lebanon,LBN,2012,17286.11
Lebanon,LBN,2013,15715.382
Lebanon,LBN,2014,14658.301
Lebanon,LBN,2015,15860.518
Lebanon,LBN,2016,16680.523
Lebanon,LBN,2017,18242.824
Lebanon,LBN,2018,17667.818
Lebanon,LBN,2019,18513.482
Oman,OMN,1965,163.99113
Oman,OMN,1966,200.5812
Oman,OMN,1967,869.68097
Oman,OMN,1968,1022.7858
Oman,OMN,1969,1420.6041
Oman,OMN,1970,1395.4224
Oman,OMN,1971,22461.205
Oman,OMN,1972,24965.81
Oman,OMN,1973,21103.252
Oman,OMN,1974,18720.264
Oman,OMN,1975,16393.078
Oman,OMN,1976,18027.662
Oman,OMN,1977,16524.197
Oman,OMN,1978,18233.145
Oman,OMN,1979,19902.557
Oman,OMN,1980,16765.436
Oman,OMN,1981,16760.377
Oman,OMN,1982,20980.31
Oman,OMN,1983,18553.486
Oman,OMN,1984,25518.938
Oman,OMN,1985,24806.822
Oman,OMN,1986,21794.72
Oman,OMN,1987,23109.654
Oman,OMN,1988,21182.883
Oman,OMN,1989,22767.44
Oman,OMN,1990,27078.545
Oman,OMN,1991,34227.78
Oman,OMN,1992,31477.85
Oman,OMN,1993,28881.104
Oman,OMN,1994,26639.703
Oman,OMN,1995,30331.03
Oman,OMN,1996,30671.77
Oman,OMN,1997,31044.229
Oman,OMN,1998,31427.941
Oman,OMN,1999,35666.03
Oman,OMN,2000,48885.062
Oman,OMN,2001,53264.89
Oman,OMN,2002,57265.105
Oman,OMN,2003,58636.203
Oman,OMN,2004,53741.77
Oman,OMN,2005,63345.383
Oman,OMN,2006,67977.3
Oman,OMN,2007,66546.555
Oman,OMN,2008,76941.836
Oman,OMN,2009,75053.03
Oman,OMN,2010,83517.05
Oman,OMN,2011,81618.13
Oman,OMN,2012,80657.055
Oman,OMN,2013,83543.42
Oman,OMN,2014,79188.164
Oman,OMN,2015,80053.21
Oman,OMN,2016,76452.04
Oman,OMN,2017,79534.016
Oman,OMN,2018,82767.35
Oman,OMN,2019,82253.63
Oman,OMN,2020,81631.85
Oman,OMN,2021,92128.06
Pakistan,PAK,1965,1586.0701
Pakistan,PAK,1966,1557.1732
Pakistan,PAK,1967,1678.9293
Pakistan,PAK,1968,1855.35
Pakistan,PAK,1969,1814.1052
Pakistan,PAK,1970,1736.3807
Pakistan,PAK,1971,1580.7838
Pakistan,PAK,1972,1432.2173
Pakistan,PAK,1973,1487.9857
Pakistan,PAK,1974,1566.5326
Pakistan,PAK,1975,1596.7157
Pakistan,PAK,1976,1572.8926
Pakistan,PAK,1977,1650.0942
Pakistan,PAK,1978,1711.5878
Pakistan,PAK,1979,1802.7255
Pakistan,PAK,1980,1919.3859
Pakistan,PAK,1981,1974.3529
Pakistan,PAK,1982,2089.2024
Pakistan,PAK,1983,2153.6218
Pakistan,PAK,1984,2208.313
Pakistan,PAK,1985,2246.2964
Pakistan,PAK,1986,2298.183
Pakistan,PAK,1987,2488.094
Pakistan,PAK,1988,2552.25
Pakistan,PAK,1989,2617.0308
Pakistan,PAK,1990,2646.9731
Pakistan,PAK,1991,2715.5283
Pakistan,PAK,1992,2778.575
Pakistan,PAK,1993,2997.4011
Pakistan,PAK,1994,3012.7393
Pakistan,PAK,1995,3085.091
Pakistan,PAK,1996,3187.431
Pakistan,PAK,1997,2992.1724
Pakistan,PAK,1998,3119.7485
Pakistan,PAK,1999,3164.5933
Pakistan,PAK,2000,3133.7341
Pakistan,PAK,2001,3109.8933
Pakistan,PAK,2002,3148.9678
Pakistan,PAK,2003,3355.3328
Pakistan,PAK,2004,3651.1396
Pakistan,PAK,2005,3707.498
Pakistan,PAK,2006,3826.2024
Pakistan,PAK,2007,3981.9292
Pakistan,PAK,2008,3915.4011
Pakistan,PAK,2009,3879.5596
Pakistan,PAK,2010,3809.4282
Pakistan,PAK,2011,3727.3542
Pakistan,PAK,2012,3401.6624
Pakistan,PAK,2013,3661.0076
Pakistan,PAK,2014,3725.9507
Pakistan,PAK,2015,3867.1929
Pakistan,PAK,2016,4166.764
Pakistan,PAK,2017,4352.83
Pakistan,PAK,2018,4421.49
Pakistan,PAK,2019,4404.6714
Pakistan,PAK,2020,4297.9307
Pakistan,PAK,2021,4629.6455
Palestine,PSE,1997,955.9358
Palestine,PSE,1998,1461.7466
Palestine,PSE,1999,1442.2386
Palestine,PSE,2000,1835.8002
Palestine,PSE,2001,2421.3308
Palestine,PSE,2002,2188.22
Palestine,PSE,2003,2295.4783
Palestine,PSE,2004,3414.6423
Palestine,PSE,2005,4088.9658
Palestine,PSE,2006,3524.3474
Palestine,PSE,2007,3541.6948
Palestine,PSE,2008,3315.8662
Palestine,PSE,2009,3321.9868
Palestine,PSE,2010,3243.1157
Palestine,PSE,2011,3521.862
Palestine,PSE,2012,3441.919
Palestine,PSE,2013,3571.7852
Palestine,PSE,2014,3765.7742
Palestine,PSE,2015,4080.1665
Palestine,PSE,2016,4162.7056
Palestine,PSE,2017,4082.3706
Palestine,PSE,2018,4063.8555
Palestine,PSE,2019,4049.5115
Qatar,QAT,1965,21756.164
Qatar,QAT,1966,19430.738
Qatar,QAT,1967,24661.674
Qatar,QAT,1968,69216.58
Qatar,QAT,1969,96804.08
Qatar,QAT,1970,97659.59
Qatar,QAT,1971,86251.234
Qatar,QAT,1972,85614.086
Qatar,QAT,1973,110058.05
Qatar,QAT,1974,87624.805
Qatar,QAT,1975,120199.266
Qatar,QAT,1976,71373.05
Qatar,QAT,1977,92358.92
Qatar,QAT,1978,82619.99
Qatar,QAT,1979,193431.44
Qatar,QAT,1980,192352.05
Qatar,QAT,1981,173140.17
Qatar,QAT,1982,189790.95
Qatar,QAT,1983,187175.97
Qatar,QAT,1984,202180.12
Qatar,QAT,1985,180687.2
Qatar,QAT,1986,188500.67
Qatar,QAT,1987,175773.95
Qatar,QAT,1988,178426.89
Qatar,QAT,1989,182110.92
Qatar,QAT,1990,178492.95
Qatar,QAT,1991,198934.97
Qatar,QAT,1992,306146.34
Qatar,QAT,1993,317440.5
Qatar,QAT,1994,312625
Qatar,QAT,1995,302813.4
Qatar,QAT,1996,217083.5
Qatar,QAT,1997,227695.78
Qatar,QAT,1998,232336.03
Qatar,QAT,1999,245009.36
Qatar,QAT,2000,207755.62
Qatar,QAT,2001,189988.27
Qatar,QAT,2002,199144
Qatar,QAT,2003,217673.23
Qatar,QAT,2004,253062.6
Qatar,QAT,2005,262585.7
Qatar,QAT,2006,230796.02
Qatar,QAT,2007,207280.52
Qatar,QAT,2008,196001
Qatar,QAT,2009,178237.73
Qatar,QAT,2010,194851.4
Qatar,QAT,2011,216570.58
Qatar,QAT,2012,232492.97
Qatar,QAT,2013,236246
Qatar,QAT,2014,234557.17
Qatar,QAT,2015,245265.89
Qatar,QAT,2016,223238.83
Qatar,QAT,2017,206872.58
Qatar,QAT,2018,202551.47
Qatar,QAT,2019,208448
Qatar,QAT,2020,186472.19
Qatar,QAT,2021,199137.94
Saudi Arabia,SAU,1965,47226.984
Saudi Arabia,SAU,1966,46068.15
Saudi Arabia,SAU,1967,44929.094
Saudi Arabia,SAU,1968,43806.656
Saudi Arabia,SAU,1969,42714.965
Saudi Arabia,SAU,1970,43047.36
Saudi Arabia,SAU,1971,41157.684
Saudi Arabia,SAU,1972,41962.848
Saudi Arabia,SAU,1973,42461.61
Saudi Arabia,SAU,1974,42674.32
Saudi Arabia,SAU,1975,32068.316
Saudi Arabia,SAU,1976,35193.492
Saudi Arabia,SAU,1977,39492.14
Saudi Arabia,SAU,1978,41836.26
Saudi Arabia,SAU,1979,48217.64
Saudi Arabia,SAU,1980,41282.758
Saudi Arabia,SAU,1981,46940.113
Saudi Arabia,SAU,1982,49267.504
Saudi Arabia,SAU,1983,50909.332
Saudi Arabia,SAU,1984,58105.363
Saudi Arabia,SAU,1985,56611.3
Saudi Arabia,SAU,1986,58194.637
Saudi Arabia,SAU,1987,59031.215
Saudi Arabia,SAU,1988,59147.16
Saudi Arabia,SAU,1989,55789.254
Saudi Arabia,SAU,1990,58003.78
Saudi Arabia,SAU,1991,58390.523
Saudi Arabia,SAU,1992,56810.156
Saudi Arabia,SAU,1993,56193.2
Saudi Arabia,SAU,1994,63132.098
Saudi Arabia,SAU,1995,59823.926
Saudi Arabia,SAU,1996,60202.79
Saudi Arabia,SAU,1997,59696.375
Saudi Arabia,SAU,1998,61183.168
Saudi Arabia,SAU,1999,60706.84
Saudi Arabia,SAU,2000,61950.85
Saudi Arabia,SAU,2001,64399.926
Saudi Arabia,SAU,2002,65480.074
Saudi Arabia,SAU,2003,67781.14
Saudi Arabia,SAU,2004,71949.19
Saudi Arabia,SAU,2005,72097.35
Saudi Arabia,SAU,2006,72123.86
Saudi Arabia,SAU,2007,72369.45
Saudi Arabia,SAU,2008,76374.43
Saudi Arabia,SAU,2009,77067.54
Saudi Arabia,SAU,2010,82508.1
Saudi Arabia,SAU,2011,84609.9
Saudi Arabia,SAU,2012,87771.18
Saudi Arabia,SAU,2013,86307.91
Saudi Arabia,SAU,2014,91069.234
Saudi Arabia,SAU,2015,92157.3
Saudi Arabia,SAU,2016,92738.79
Saudi Arabia,SAU,2017,89988.6
Saudi Arabia,SAU,2018,86800.54
Saudi Arabia,SAU,2019,83662.83
Saudi Arabia,SAU,2020,81913.86
Saudi Arabia,SAU,2021,83635.4
Syria,SYR,1980,9067.262
Syria,SYR,1981,9207.172
Syria,SYR,1982,9070.228
Syria,SYR,1983,9857.446
Syria,SYR,1984,10620.313
Syria,SYR,1985,10712.741
Syria,SYR,1986,10361.691
Syria,SYR,1987,11199.284
Syria,SYR,1988,11365.334
Syria,SYR,1989,11767.298
Syria,SYR,1990,13217.924
Syria,SYR,1991,11900.062
Syria,SYR,1992,11913.307
Syria,SYR,1993,12846.352
Syria,SYR,1994,13276.386
Syria,SYR,1995,12424.795
Syria,SYR,1996,13037.239
Syria,SYR,1997,13492.298
Syria,SYR,1998,14152.055
Syria,SYR,1999,14200.536
Syria,SYR,2000,13354.251
Syria,SYR,2001,12865.062
Syria,SYR,2002,13570.627
Syria,SYR,2003,12843.79
Syria,SYR,2004,13915.218
Syria,SYR,2005,15298.658
Syria,SYR,2006,15247.384
Syria,SYR,2007,14764.992
Syria,SYR,2008,14448.704
Syria,SYR,2009,13302.27
Syria,SYR,2010,13451.906
Syria,SYR,2011,11966.39
Syria,SYR,2012,9298.453
Syria,SYR,2013,7177.317
Syria,SYR,2014,6826.9824
Syria,SYR,2015,6352.633
Syria,SYR,2016,6267.527
Syria,SYR,2017,6299.887
Syria,SYR,2018,7239.9272
Syria,SYR,2019,6221.1094
Turkey,TUR,1965,2914.253
Turkey,TUR,1966,3261.024
Turkey,TUR,1967,3286.5618
Turkey,TUR,1968,3731.1516
Turkey,TUR,1969,3975.2007
Turkey,TUR,1970,4127.146
Turkey,TUR,1971,4466.0005
Turkey,TUR,1972,4878.6094
Turkey,TUR,1973,5406.582
Turkey,TUR,1974,5395.2124
Turkey,TUR,1975,5890.216
Turkey,TUR,1976,6498.48
Turkey,TUR,1977,6960.9546
Turkey,TUR,1978,7200.4688
Turkey,TUR,1979,6651.51
Turkey,TUR,1980,6770.3345
Turkey,TUR,1981,6695.795
Turkey,TUR,1982,7153.0205
Turkey,TUR,1983,7223.863
Turkey,TUR,1984,7435.625
Turkey,TUR,1985,7851.2905
Turkey,TUR,1986,8376.549
Turkey,TUR,1987,9357.895
Turkey,TUR,1988,10088.486
Turkey,TUR,1989,9710.353
Turkey,TUR,1990,10345.273
Turkey,TUR,1991,10370.724
Turkey,TUR,1992,10715.418
Turkey,TUR,1993,11443.642
Turkey,TUR,1994,10889.127
Turkey,TUR,1995,11981.616
Turkey,TUR,1996,12855.498
Turkey,TUR,1997,13231.365
Turkey,TUR,1998,13358.573
Turkey,TUR,1999,12813.21
Turkey,TUR,2000,13486.677
Turkey,TUR,2001,12073.246
Turkey,TUR,2002,13026.9795
Turkey,TUR,2003,13613.354
Turkey,TUR,2004,14380.439
Turkey,TUR,2005,14507.764
Turkey,TUR,2006,15888.103
Turkey,TUR,2007,16664.893
Turkey,TUR,2008,16521.768
Turkey,TUR,2009,16535.234
Turkey,TUR,2010,17211.76
Turkey,TUR,2011,18146.145
Turkey,TUR,2012,18988.322
Turkey,TUR,2013,18532.307
Turkey,TUR,2014,18718.596
Turkey,TUR,2015,20134.787
Turkey,TUR,2016,20821.398
Turkey,TUR,2017,21773.727
Turkey,TUR,2018,21345.375
Turkey,TUR,2019,21973.062
Turkey,TUR,2020,21266.51
Turkey,TUR,2021,22370.41
Turkmenistan,TKM,1985,44074.223
Turkmenistan,TKM,1986,53377.156
Turkmenistan,TKM,1987,51649.34
Turkmenistan,TKM,1988,50603.445
Turkmenistan,TKM,1989,50614.42
Turkmenistan,TKM,1990,40827.95
Turkmenistan,TKM,1991,40816.24
Turkmenistan,TKM,1992,37941.176
Turkmenistan,TKM,1993,30332.88
Turkmenistan,TKM,1994,31563.586
Turkmenistan,TKM,1995,25405.623
Turkmenistan,TKM,1996,36365.117
Turkmenistan,TKM,1997,27446.893
Turkmenistan,TKM,1998,33653.324
Turkmenistan,TKM,1999,31627.238
Turkmenistan,TKM,2000,26223.865
Turkmenistan,TKM,2001,32628.65
Turkmenistan,TKM,2002,27147.498
Turkmenistan,TKM,2003,37007.59
Turkmenistan,TKM,2004,36185.508
Turkmenistan,TKM,2005,36145.84
Turkmenistan,TKM,2006,36023.754
Turkmenistan,TKM,2007,34462.887
Turkmenistan,TKM,2008,27853.562
Turkmenistan,TKM,2009,44702.367
Turkmenistan,TKM,2010,47374.234
Turkmenistan,TKM,2011,51670.953
Turkmenistan,TKM,2012,55318.344
Turkmenistan,TKM,2013,48244.71
Turkmenistan,TKM,2014,49096.004
Turkmenistan,TKM,2015,57717.445
Turkmenistan,TKM,2016,56153.707
Turkmenistan,TKM,2017,54638.418
Turkmenistan,TKM,2018,59857.4
Turkmenistan,TKM,2019,64104.95
Turkmenistan,TKM,2020,59514.496
Turkmenistan,TKM,2021,70296.79
United Arab Emirates,ARE,1965,4916.5347
United Arab Emirates,ARE,1966,4996.774
United Arab Emirates,ARE,1967,28246.545
United Arab Emirates,ARE,1968,32513.768
United Arab Emirates,ARE,1969,27515.795
United Arab Emirates,ARE,1970,32223.146
United Arab Emirates,ARE,1971,42488.066
United Arab Emirates,ARE,1972,39885.492
United Arab Emirates,ARE,1973,45958.29
United Arab Emirates,ARE,1974,45319.49
United Arab Emirates,ARE,1975,43906.46
United Arab Emirates,ARE,1976,49154.797
United Arab Emirates,ARE,1977,70213.055
United Arab Emirates,ARE,1978,71408.2
United Arab Emirates,ARE,1979,74367.79
United Arab Emirates,ARE,1980,106657.03
United Arab Emirates,ARE,1981,114460.664
United Arab Emirates,ARE,1982,116423.29
United Arab Emirates,ARE,1983,105459.9
United Arab Emirates,ARE,1984,124239.04
United Arab Emirates,ARE,1985,146159.66
United Arab Emirates,ARE,1986,166396.86
United Arab Emirates,ARE,1987,173281.83
United Arab Emirates,ARE,1988,179298.47
United Arab Emirates,ARE,1989,189840.3
United Arab Emirates,ARE,1990,181538.77
United Arab Emirates,ARE,1991,209539.7
United Arab Emirates,ARE,1992,192178.89
United Arab Emirates,ARE,1993,190470.23
United Arab Emirates,ARE,1994,199513.67
United Arab Emirates,ARE,1995,199207.39
United Arab Emirates,ARE,1996,194224.11
United Arab Emirates,ARE,1997,189887.95
United Arab Emirates,ARE,1998,182844.3
United Arab Emirates,ARE,1999,173803.53
United Arab Emirates,ARE,2000,163580.66
United Arab Emirates,ARE,2001,156784.61
United Arab Emirates,ARE,2002,162836.45
United Arab Emirates,ARE,2003,165507.6
United Arab Emirates,ARE,2004,169047.55
United Arab Emirates,ARE,2005,164587.45
United Arab Emirates,ARE,2006,151316.52
United Arab Emirates,ARE,2007,139351.48
United Arab Emirates,ARE,2008,134274.22
United Arab Emirates,ARE,2009,115803.19
United Arab Emirates,ARE,2010,114656.625
United Arab Emirates,ARE,2011,119056.13
United Arab Emirates,ARE,2012,123958.766
United Arab Emirates,ARE,2013,129486.29
United Arab Emirates,ARE,2014,126949.195
United Arab Emirates,ARE,2015,138048.19
United Arab Emirates,ARE,2016,142791.1
United Arab Emirates,ARE,2017,142119.25
United Arab Emirates,ARE,2018,139136.02
United Arab Emirates,ARE,2019,137143.8
United Arab Emirates,ARE,2020,127393.58
United Arab Emirates,ARE,2021,134316.92
Uzbekistan,UZB,1985,25855.523
Uzbekistan,UZB,1986,24680.463
Uzbekistan,UZB,1987,25004.41
Uzbekistan,UZB,1988,24484.367
Uzbekistan,UZB,1989,24695.625
Uzbekistan,UZB,1990,25312.494
Uzbekistan,UZB,1991,24421.416
Uzbekistan,UZB,1992,22601.273
Uzbekistan,UZB,1993,23760.521
Uzbekistan,UZB,1994,22817.238
Uzbekistan,UZB,1995,22078.693
Uzbekistan,UZB,1996,22350.258
Uzbekistan,UZB,1997,21735.543
Uzbekistan,UZB,1998,21355.254
Uzbekistan,UZB,1999,23867.219
Uzbekistan,UZB,2000,24053.547
Uzbekistan,UZB,2001,23824.65
Uzbekistan,UZB,2002,24111.441
Uzbekistan,UZB,2003,21826.992
Uzbekistan,UZB,2004,21485.61
Uzbekistan,UZB,2005,21171.1
Uzbekistan,UZB,2006,19566.176
Uzbekistan,UZB,2007,20663.172
Uzbekistan,UZB,2008,19085.639
Uzbekistan,UZB,2009,18643.188
Uzbekistan,UZB,2010,18564.105
Uzbekistan,UZB,2011,19236.521
Uzbekistan,UZB,2012,18407.363
Uzbekistan,UZB,2013,18200.666
Uzbekistan,UZB,2014,18518.525
Uzbekistan,UZB,2015,17386.557
Uzbekistan,UZB,2016,16374.699
Uzbekistan,UZB,2017,16643.049
Uzbekistan,UZB,2018,16446.135
Uzbekistan,UZB,2019,16212.647
Uzbekistan,UZB,2020,15540.271
Uzbekistan,UZB,2021,16043.912
Yemen,YEM,1980,3040.326
Yemen,YEM,1981,2993.957
Yemen,YEM,1982,3392.4702
Yemen,YEM,1983,3029.1514
Yemen,YEM,1984,3628.8027
Yemen,YEM,1985,3877.409
Yemen,YEM,1986,3591.8438
Yemen,YEM,1987,3427.3337
Yemen,YEM,1988,3400.437
Yemen,YEM,1989,3495.1292
Yemen,YEM,1990,3518.4668
Yemen,YEM,1991,3504.7122
Yemen,YEM,1992,3536.7214
Yemen,YEM,1993,2806.359
Yemen,YEM,1994,2561.1243
Yemen,YEM,1995,2742.9705
Yemen,YEM,1996,2674.4197
Yemen,YEM,1997,2679.6123
Yemen,YEM,1998,2819.0642
Yemen,YEM,1999,2057.4478
Yemen,YEM,2000,3228.2104
Yemen,YEM,2001,3380.4053
Yemen,YEM,2002,3320.3242
Yemen,YEM,2003,3707.2222
Yemen,YEM,2004,3811.3972
Yemen,YEM,2005,3906.3083
Yemen,YEM,2006,3788.2456
Yemen,YEM,2007,3902.2861
Yemen,YEM,2008,3976.8901
Yemen,YEM,2009,4277.2236
Yemen,YEM,2010,4030.7585
Yemen,YEM,2011,3289.4512
Yemen,YEM,2012,2769.04
Yemen,YEM,2013,3797.7256
Yemen,YEM,2014,3495.2285
Yemen,YEM,2015,1836.5282
Yemen,YEM,2016,1431.8129
Yemen,YEM,2017,1287.8878
Yemen,YEM,2018,1168.473
Yemen,YEM,2019,1477.3042
