Entity,Code,Year,1_1_LandArea_sq_km
Austria,AUT,1961,82580
Austria,AUT,1962,82580
Austria,AUT,1963,82580
Austria,AUT,1964,82580
Austria,AUT,1965,82580
Austria,AUT,1966,82580
Austria,AUT,1967,82580
Austria,AUT,1968,82580
Austria,AUT,1969,82580
Austria,AUT,1970,82580
Austria,AUT,1971,82580
Austria,AUT,1972,82580
Austria,AUT,1973,82580
Austria,AUT,1974,82580
Austria,AUT,1975,82580
Austria,AUT,1976,82580
Austria,AUT,1977,82580
Austria,AUT,1978,82580
Austria,AUT,1979,82580
Austria,AUT,1980,82580
Austria,AUT,1981,82580
Austria,AUT,1982,82580
Austria,AUT,1983,82580
Austria,AUT,1984,82580
Austria,AUT,1985,82580
Austria,AUT,1986,82580
Austria,AUT,1987,82580
Austria,AUT,1988,82580
Austria,AUT,1989,82580
Austria,AUT,1990,82580
Austria,AUT,1991,82580
Austria,AUT,1992,82580
Austria,AUT,1993,82580
Austria,AUT,1994,82580
Austria,AUT,1995,82580
Austria,AUT,1996,82580
Austria,AUT,1997,82580
Austria,AUT,1998,82580
Austria,AUT,1999,82580
Austria,AUT,2000,82580
Austria,AUT,2001,82580
Austria,AUT,2002,82580
Austria,AUT,2003,82580
Austria,AUT,2004,82580
Austria,AUT,2005,82580
Austria,AUT,2006,82580
Austria,AUT,2007,82578
Austria,AUT,2008,82578
Austria,AUT,2009,82578
Austria,AUT,2010,82571
Austria,AUT,2011,82561
Austria,AUT,2012,82554
Austria,AUT,2013,82531
Austria,AUT,2014,82523
Austria,AUT,2015,82520
Austria,AUT,2016,82520
Austria,AUT,2017,82520
Austria,AUT,2018,82520
Austria,AUT,2019,82520
Austria,AUT,2020,82520
Austria,AUT,2021,82520
Belgium,BEL,1961,32820
Belgium,BEL,1962,32820
Belgium,BEL,1963,32820
Belgium,BEL,1964,32820
Belgium,BEL,1965,32820
Belgium,BEL,1966,32820
Belgium,BEL,1967,32820
Belgium,BEL,1968,32820
Belgium,BEL,1969,32820
Belgium,BEL,1970,32820
Belgium,BEL,1971,32820
Belgium,BEL,1972,32820
Belgium,BEL,1973,32820
Belgium,BEL,1974,32820
Belgium,BEL,1975,32820
Belgium,BEL,1976,32820
Belgium,BEL,1977,32820
Belgium,BEL,1978,32820
Belgium,BEL,1979,32820
Belgium,BEL,1980,32820
Belgium,BEL,1981,32820
Belgium,BEL,1982,32820
Belgium,BEL,1983,32820
Belgium,BEL,1984,32820
Belgium,BEL,1985,32820
Belgium,BEL,1986,32820
Belgium,BEL,1987,32820
Belgium,BEL,1988,32820
Belgium,BEL,1989,32820
Belgium,BEL,1990,32820
Belgium,BEL,1991,32820
Belgium,BEL,1992,32820
Belgium,BEL,1993,32820
Belgium,BEL,1994,32820
Belgium,BEL,1995,32820
Belgium,BEL,1996,32820
Belgium,BEL,1997,32820
Belgium,BEL,1998,32820
Belgium,BEL,1999,32820
Belgium,BEL,2000,30280
Belgium,BEL,2001,30280
Belgium,BEL,2002,30280
Belgium,BEL,2003,30280
Belgium,BEL,2004,30280
Belgium,BEL,2005,30280
Belgium,BEL,2006,30280
Belgium,BEL,2007,30280
Belgium,BEL,2008,30280
Belgium,BEL,2009,30280
Belgium,BEL,2010,30280
Belgium,BEL,2011,30280
Belgium,BEL,2012,30280
Belgium,BEL,2013,30280
Belgium,BEL,2014,30280
Belgium,BEL,2015,30280
Belgium,BEL,2016,30280
Belgium,BEL,2017,30280
Belgium,BEL,2018,30280
Belgium,BEL,2019,30280
Belgium,BEL,2020,30280
Belgium,BEL,2021,30280
Bulgaria,BGR,1961,110630
Bulgaria,BGR,1962,110630
Bulgaria,BGR,1963,110630
Bulgaria,BGR,1964,110630
Bulgaria,BGR,1965,110630
Bulgaria,BGR,1966,110630
Bulgaria,BGR,1967,110630
Bulgaria,BGR,1968,110630
Bulgaria,BGR,1969,110630
Bulgaria,BGR,1970,110630
Bulgaria,BGR,1971,110630
Bulgaria,BGR,1972,110630
Bulgaria,BGR,1973,110630
Bulgaria,BGR,1974,110630
Bulgaria,BGR,1975,110630
Bulgaria,BGR,1976,110630
Bulgaria,BGR,1977,110630
Bulgaria,BGR,1978,110630
Bulgaria,BGR,1979,110630
Bulgaria,BGR,1980,110630
Bulgaria,BGR,1981,110630
Bulgaria,BGR,1982,110630
Bulgaria,BGR,1983,110630
Bulgaria,BGR,1984,110630
Bulgaria,BGR,1985,110630
Bulgaria,BGR,1986,110630
Bulgaria,BGR,1987,110630
Bulgaria,BGR,1988,110630
Bulgaria,BGR,1989,110630
Bulgaria,BGR,1990,110630
Bulgaria,BGR,1991,110630
Bulgaria,BGR,1992,110630
Bulgaria,BGR,1993,110630
Bulgaria,BGR,1994,110630
Bulgaria,BGR,1995,110630
Bulgaria,BGR,1996,110630
Bulgaria,BGR,1997,110630
Bulgaria,BGR,1998,110630
Bulgaria,BGR,1999,110630
Bulgaria,BGR,2000,110630
Bulgaria,BGR,2001,110630
Bulgaria,BGR,2002,108800
Bulgaria,BGR,2003,108770
Bulgaria,BGR,2004,108760
Bulgaria,BGR,2005,108640
Bulgaria,BGR,2006,108630
Bulgaria,BGR,2007,108610
Bulgaria,BGR,2008,108610
Bulgaria,BGR,2009,108560
Bulgaria,BGR,2010,108560
Bulgaria,BGR,2011,108560
Bulgaria,BGR,2012,108560
Bulgaria,BGR,2013,108560
Bulgaria,BGR,2014,108560
Bulgaria,BGR,2015,108560
Bulgaria,BGR,2016,108560
Bulgaria,BGR,2017,108560
Bulgaria,BGR,2018,108560
Bulgaria,BGR,2019,108560
Bulgaria,BGR,2020,108560
Bulgaria,BGR,2021,108560
Croatia,HRV,1961,55910
Croatia,HRV,1962,55910
Croatia,HRV,1963,55910
Croatia,HRV,1964,55910
Croatia,HRV,1965,55910
Croatia,HRV,1966,55910
Croatia,HRV,1967,55910
Croatia,HRV,1968,55910
Croatia,HRV,1969,55910
Croatia,HRV,1970,55910
Croatia,HRV,1971,55910
Croatia,HRV,1972,55910
Croatia,HRV,1973,55910
Croatia,HRV,1974,55910
Croatia,HRV,1975,55910
Croatia,HRV,1976,55910
Croatia,HRV,1977,55910
Croatia,HRV,1978,55910
Croatia,HRV,1979,55910
Croatia,HRV,1980,55910
Croatia,HRV,1981,55910
Croatia,HRV,1982,55910
Croatia,HRV,1983,55910
Croatia,HRV,1984,55910
Croatia,HRV,1985,55910
Croatia,HRV,1986,55910
Croatia,HRV,1987,55910
Croatia,HRV,1988,55910
Croatia,HRV,1989,55910
Croatia,HRV,1990,55910
Croatia,HRV,1991,55910
Croatia,HRV,1992,55910
Croatia,HRV,1993,55910
Croatia,HRV,1994,55910
Croatia,HRV,1995,55910
Croatia,HRV,1996,55980
Croatia,HRV,1997,55980
Croatia,HRV,1998,55910
Croatia,HRV,1999,55910
Croatia,HRV,2000,55910
Croatia,HRV,2001,55910
Croatia,HRV,2002,55910
Croatia,HRV,2003,55910
Croatia,HRV,2004,55960
Croatia,HRV,2005,55960
Croatia,HRV,2006,55960
Croatia,HRV,2007,55960
Croatia,HRV,2008,55960
Croatia,HRV,2009,55960
Croatia,HRV,2010,55960
Croatia,HRV,2011,55960
Croatia,HRV,2012,55960
Croatia,HRV,2013,55960
Croatia,HRV,2014,56590
Croatia,HRV,2015,56590
Croatia,HRV,2016,56590
Croatia,HRV,2017,56590
Croatia,HRV,2018,56590
Croatia,HRV,2019,56590
Croatia,HRV,2020,56590
Croatia,HRV,2021,56590
Cyprus,CYP,1961,9240
Cyprus,CYP,1962,9240
Cyprus,CYP,1963,9240
Cyprus,CYP,1964,9240
Cyprus,CYP,1965,9240
Cyprus,CYP,1966,9240
Cyprus,CYP,1967,9240
Cyprus,CYP,1968,9240
Cyprus,CYP,1969,9240
Cyprus,CYP,1970,9240
Cyprus,CYP,1971,9240
Cyprus,CYP,1972,9240
Cyprus,CYP,1973,9240
Cyprus,CYP,1974,9240
Cyprus,CYP,1975,9240
Cyprus,CYP,1976,9240
Cyprus,CYP,1977,9240
Cyprus,CYP,1978,9240
Cyprus,CYP,1979,9240
Cyprus,CYP,1980,9240
Cyprus,CYP,1981,9240
Cyprus,CYP,1982,9240
Cyprus,CYP,1983,9240
Cyprus,CYP,1984,9240
Cyprus,CYP,1985,9240
Cyprus,CYP,1986,9240
Cyprus,CYP,1987,9240
Cyprus,CYP,1988,9240
Cyprus,CYP,1989,9240
Cyprus,CYP,1990,9240
Cyprus,CYP,1991,9240
Cyprus,CYP,1992,9240
Cyprus,CYP,1993,9240
Cyprus,CYP,1994,9240
Cyprus,CYP,1995,9240
Cyprus,CYP,1996,9240
Cyprus,CYP,1997,9240
Cyprus,CYP,1998,9240
Cyprus,CYP,1999,9240
Cyprus,CYP,2000,9240
Cyprus,CYP,2001,9240
Cyprus,CYP,2002,9240
Cyprus,CYP,2003,9240
Cyprus,CYP,2004,9240
Cyprus,CYP,2005,9240
Cyprus,CYP,2006,9240
Cyprus,CYP,2007,9240
Cyprus,CYP,2008,9240
Cyprus,CYP,2009,9240
Cyprus,CYP,2010,9240
Cyprus,CYP,2011,9240
Cyprus,CYP,2012,9240
Cyprus,CYP,2013,9240
Cyprus,CYP,2014,9240
Cyprus,CYP,2015,9240
Cyprus,CYP,2016,9240
Cyprus,CYP,2017,9240
Cyprus,CYP,2018,9240
Cyprus,CYP,2019,9240
Cyprus,CYP,2020,9240
Cyprus,CYP,2021,9240
Czechia,CZE,1961,77270
Czechia,CZE,1962,77270
Czechia,CZE,1963,77270
Czechia,CZE,1964,77270
Czechia,CZE,1965,77270
Czechia,CZE,1966,77270
Czechia,CZE,1967,77270
Czechia,CZE,1968,77270
Czechia,CZE,1969,77270
Czechia,CZE,1970,77270
Czechia,CZE,1971,77270
Czechia,CZE,1972,77270
Czechia,CZE,1973,77270
Czechia,CZE,1974,77270
Czechia,CZE,1975,77270
Czechia,CZE,1976,77270
Czechia,CZE,1977,77270
Czechia,CZE,1978,77270
Czechia,CZE,1979,77270
Czechia,CZE,1980,77270
Czechia,CZE,1981,77270
Czechia,CZE,1982,77270
Czechia,CZE,1983,77270
Czechia,CZE,1984,77270
Czechia,CZE,1985,77270
Czechia,CZE,1986,77270
Czechia,CZE,1987,77270
Czechia,CZE,1988,77270
Czechia,CZE,1989,77270
Czechia,CZE,1990,77270
Czechia,CZE,1991,77270
Czechia,CZE,1992,77270
Czechia,CZE,1993,77270
Czechia,CZE,1994,77270
Czechia,CZE,1995,77270
Czechia,CZE,1996,77270
Czechia,CZE,1997,77270
Czechia,CZE,1998,77270
Czechia,CZE,1999,77270
Czechia,CZE,2000,77270
Czechia,CZE,2001,77270
Czechia,CZE,2002,77270
Czechia,CZE,2003,77270
Czechia,CZE,2004,77260
Czechia,CZE,2005,77260
Czechia,CZE,2006,77250
Czechia,CZE,2007,77250
Czechia,CZE,2008,77250
Czechia,CZE,2009,77250
Czechia,CZE,2010,77240
Czechia,CZE,2011,77240
Czechia,CZE,2012,77230
Czechia,CZE,2013,77220
Czechia,CZE,2014,77220
Czechia,CZE,2015,77210
Czechia,CZE,2016,77220
Czechia,CZE,2017,77210
Czechia,CZE,2018,77200
Czechia,CZE,2019,77200
Czechia,CZE,2020,77200
Czechia,CZE,2021,77200
Denmark,DNK,1961,42370
Denmark,DNK,1962,42370
Denmark,DNK,1963,42370
Denmark,DNK,1964,42370
Denmark,DNK,1965,42370
Denmark,DNK,1966,42370
Denmark,DNK,1967,42370
Denmark,DNK,1968,42370
Denmark,DNK,1969,42370
Denmark,DNK,1970,42370
Denmark,DNK,1971,42370
Denmark,DNK,1972,42370
Denmark,DNK,1973,42370
Denmark,DNK,1974,42370
Denmark,DNK,1975,42370
Denmark,DNK,1976,42370
Denmark,DNK,1977,42370
Denmark,DNK,1978,42370
Denmark,DNK,1979,42380
Denmark,DNK,1980,42380
Denmark,DNK,1981,42380
Denmark,DNK,1982,42380
Denmark,DNK,1983,42380
Denmark,DNK,1984,42380
Denmark,DNK,1985,42380
Denmark,DNK,1986,42380
Denmark,DNK,1987,42390
Denmark,DNK,1988,42390
Denmark,DNK,1989,42390
Denmark,DNK,1990,42390
Denmark,DNK,1991,42390
Denmark,DNK,1992,42430
Denmark,DNK,1993,42430
Denmark,DNK,1994,42430
Denmark,DNK,1995,42430
Denmark,DNK,1996,42430
Denmark,DNK,1997,42430
Denmark,DNK,1998,42430
Denmark,DNK,1999,42430
Denmark,DNK,2000,42430
Denmark,DNK,2001,42430
Denmark,DNK,2002,42430
Denmark,DNK,2003,42430
Denmark,DNK,2004,42430
Denmark,DNK,2005,42430
Denmark,DNK,2006,42430
Denmark,DNK,2007,42430
Denmark,DNK,2008,42430
Denmark,DNK,2009,42430
Denmark,DNK,2010,42430
Denmark,DNK,2011,42430
Denmark,DNK,2012,40000
Denmark,DNK,2013,40000
Denmark,DNK,2014,40000
Denmark,DNK,2015,40000
Denmark,DNK,2016,40000
Denmark,DNK,2017,40000
Denmark,DNK,2018,40000
Denmark,DNK,2019,40000
Denmark,DNK,2020,40000
Denmark,DNK,2021,40000
Estonia,EST,1961,42390
Estonia,EST,1962,42390
Estonia,EST,1963,42390
Estonia,EST,1964,42390
Estonia,EST,1965,42390
Estonia,EST,1966,42390
Estonia,EST,1967,42390
Estonia,EST,1968,42390
Estonia,EST,1969,42390
Estonia,EST,1970,42390
Estonia,EST,1971,42390
Estonia,EST,1972,42390
Estonia,EST,1973,42390
Estonia,EST,1974,42390
Estonia,EST,1975,42390
Estonia,EST,1976,42390
Estonia,EST,1977,42390
Estonia,EST,1978,42390
Estonia,EST,1979,42390
Estonia,EST,1980,42390
Estonia,EST,1981,42390
Estonia,EST,1982,42390
Estonia,EST,1983,42390
Estonia,EST,1984,42390
Estonia,EST,1985,42390
Estonia,EST,1986,42390
Estonia,EST,1987,42390
Estonia,EST,1988,42390
Estonia,EST,1989,42390
Estonia,EST,1990,42390
Estonia,EST,1991,42390
Estonia,EST,1992,42390
Estonia,EST,1993,42390
Estonia,EST,1994,42390
Estonia,EST,1995,42390
Estonia,EST,1996,42390
Estonia,EST,1997,42390
Estonia,EST,1998,42390
Estonia,EST,1999,42390
Estonia,EST,2000,42390
Estonia,EST,2001,42390
Estonia,EST,2002,42390
Estonia,EST,2003,42390
Estonia,EST,2004,42390
Estonia,EST,2005,42390
Estonia,EST,2006,42390
Estonia,EST,2007,42390
Estonia,EST,2008,42390
Estonia,EST,2009,42390
Estonia,EST,2010,42390
Estonia,EST,2011,42390
Estonia,EST,2012,42390
Estonia,EST,2013,43470
Estonia,EST,2014,43470
Estonia,EST,2015,43470
Estonia,EST,2016,43470
Estonia,EST,2017,43470
Estonia,EST,2018,43470
Estonia,EST,2019,43470
Estonia,EST,2020,43470
Estonia,EST,2021,43470
Finland,FIN,1961,304590
Finland,FIN,1962,304590
Finland,FIN,1963,304590
Finland,FIN,1964,304590
Finland,FIN,1965,304590
Finland,FIN,1966,304590
Finland,FIN,1967,304590
Finland,FIN,1968,304590
Finland,FIN,1969,304590
Finland,FIN,1970,304590
Finland,FIN,1971,304590
Finland,FIN,1972,304590
Finland,FIN,1973,304590
Finland,FIN,1974,304590
Finland,FIN,1975,304590
Finland,FIN,1976,304590
Finland,FIN,1977,304590
Finland,FIN,1978,304590
Finland,FIN,1979,304590
Finland,FIN,1980,304590
Finland,FIN,1981,304590
Finland,FIN,1982,304590
Finland,FIN,1983,304590
Finland,FIN,1984,304590
Finland,FIN,1985,304590
Finland,FIN,1986,304590
Finland,FIN,1987,304590
Finland,FIN,1988,304590
Finland,FIN,1989,304590
Finland,FIN,1990,304590
Finland,FIN,1991,304590
Finland,FIN,1992,304590
Finland,FIN,1993,304590
Finland,FIN,1994,304590
Finland,FIN,1995,304590
Finland,FIN,1996,304590
Finland,FIN,1997,304590
Finland,FIN,1998,304590
Finland,FIN,1999,304590
Finland,FIN,2000,304590
Finland,FIN,2001,304590
Finland,FIN,2002,304590
Finland,FIN,2003,304590
Finland,FIN,2004,304590
Finland,FIN,2005,304590
Finland,FIN,2006,304110
Finland,FIN,2007,304090
Finland,FIN,2008,303900
Finland,FIN,2009,303900
Finland,FIN,2010,303900
Finland,FIN,2011,303890
Finland,FIN,2012,303890
Finland,FIN,2013,303890
Finland,FIN,2014,303890
Finland,FIN,2015,303910
Finland,FIN,2016,303910
Finland,FIN,2017,303920
Finland,FIN,2018,303920
Finland,FIN,2019,303920
Finland,FIN,2020,303920
Finland,FIN,2021,303920
France,FRA,1961,547566
France,FRA,1962,547566
France,FRA,1963,547566
France,FRA,1964,547566
France,FRA,1965,547566
France,FRA,1966,547566
France,FRA,1967,547566
France,FRA,1968,547566
France,FRA,1969,547566
France,FRA,1970,547566
France,FRA,1971,547566
France,FRA,1972,547566
France,FRA,1973,547566
France,FRA,1974,547566
France,FRA,1975,547566
France,FRA,1976,547566
France,FRA,1977,547566
France,FRA,1978,547566
France,FRA,1979,547566
France,FRA,1980,547566
France,FRA,1981,547566
France,FRA,1982,547566
France,FRA,1983,547566
France,FRA,1984,547566
France,FRA,1985,547566
France,FRA,1986,547566
France,FRA,1987,547566
France,FRA,1988,547566
France,FRA,1989,547566
France,FRA,1990,547566
France,FRA,1991,547566
France,FRA,1992,547566
France,FRA,1993,547566
France,FRA,1994,547566
France,FRA,1995,547566
France,FRA,1996,547566
France,FRA,1997,547566
France,FRA,1998,547566
France,FRA,1999,547566
France,FRA,2000,547567
France,FRA,2001,547567
France,FRA,2002,547567
France,FRA,2003,547867
France,FRA,2004,547567
France,FRA,2005,547557
France,FRA,2006,547557
France,FRA,2007,547557
France,FRA,2008,547557
France,FRA,2009,547557
France,FRA,2010,547557
France,FRA,2011,547557
France,FRA,2012,547557
France,FRA,2013,547557
France,FRA,2014,547557
France,FRA,2015,547557
France,FRA,2016,547557
France,FRA,2017,547557
France,FRA,2018,547557
France,FRA,2019,547557
France,FRA,2020,547557
France,FRA,2021,547557
Germany,DEU,1961,349130
Germany,DEU,1962,349130
Germany,DEU,1963,349130
Germany,DEU,1964,349130
Germany,DEU,1965,349130
Germany,DEU,1966,349130
Germany,DEU,1967,349130
Germany,DEU,1968,349130
Germany,DEU,1969,349130
Germany,DEU,1970,349130
Germany,DEU,1971,349130
Germany,DEU,1972,349130
Germany,DEU,1973,349130
Germany,DEU,1974,349130
Germany,DEU,1975,349130
Germany,DEU,1976,349130
Germany,DEU,1977,349130
Germany,DEU,1978,349130
Germany,DEU,1979,349130
Germany,DEU,1980,349130
Germany,DEU,1981,349130
Germany,DEU,1982,349130
Germany,DEU,1983,349130
Germany,DEU,1984,349130
Germany,DEU,1985,349130
Germany,DEU,1986,349130
Germany,DEU,1987,349130
Germany,DEU,1988,349130
Germany,DEU,1989,349130
Germany,DEU,1990,349130
Germany,DEU,1991,349130
Germany,DEU,1992,349130
Germany,DEU,1993,349120
Germany,DEU,1994,349110
Germany,DEU,1995,349100
Germany,DEU,1996,349090
Germany,DEU,1997,349050
Germany,DEU,1998,349020
Germany,DEU,1999,348980
Germany,DEU,2000,348950
Germany,DEU,2001,348900
Germany,DEU,2002,348860
Germany,DEU,2003,348810
Germany,DEU,2004,348770
Germany,DEU,2005,348760
Germany,DEU,2006,348720
Germany,DEU,2007,348670
Germany,DEU,2008,348630
Germany,DEU,2009,348610
Germany,DEU,2010,348570
Germany,DEU,2011,348560
Germany,DEU,2012,348540
Germany,DEU,2013,348880
Germany,DEU,2014,348900
Germany,DEU,2015,348860
Germany,DEU,2016,349360
Germany,DEU,2017,349370
Germany,DEU,2018,349380
Germany,DEU,2019,349380
Germany,DEU,2020,349380
Germany,DEU,2021,349380
Greece,GRC,1961,128900
Greece,GRC,1962,128900
Greece,GRC,1963,128900
Greece,GRC,1964,128900
Greece,GRC,1965,128900
Greece,GRC,1966,128900
Greece,GRC,1967,128900
Greece,GRC,1968,128900
Greece,GRC,1969,128900
Greece,GRC,1970,128900
Greece,GRC,1971,128900
Greece,GRC,1972,128900
Greece,GRC,1973,128900
Greece,GRC,1974,128900
Greece,GRC,1975,128900
Greece,GRC,1976,128900
Greece,GRC,1977,128900
Greece,GRC,1978,128900
Greece,GRC,1979,128900
Greece,GRC,1980,128900
Greece,GRC,1981,128900
Greece,GRC,1982,128900
Greece,GRC,1983,128900
Greece,GRC,1984,128900
Greece,GRC,1985,128900
Greece,GRC,1986,128900
Greece,GRC,1987,128900
Greece,GRC,1988,128900
Greece,GRC,1989,128900
Greece,GRC,1990,128900
Greece,GRC,1991,128900
Greece,GRC,1992,128900
Greece,GRC,1993,128900
Greece,GRC,1994,128900
Greece,GRC,1995,128900
Greece,GRC,1996,128900
Greece,GRC,1997,128900
Greece,GRC,1998,128900
Greece,GRC,1999,128900
Greece,GRC,2000,128900
Greece,GRC,2001,128900
Greece,GRC,2002,128900
Greece,GRC,2003,128900
Greece,GRC,2004,128900
Greece,GRC,2005,128900
Greece,GRC,2006,128900
Greece,GRC,2007,128900
Greece,GRC,2008,128900
Greece,GRC,2009,128900
Greece,GRC,2010,128900
Greece,GRC,2011,128900
Greece,GRC,2012,128900
Greece,GRC,2013,128900
Greece,GRC,2014,128900
Greece,GRC,2015,128900
Greece,GRC,2016,128900
Greece,GRC,2017,128900
Greece,GRC,2018,128900
Greece,GRC,2019,128900
Greece,GRC,2020,128900
Greece,GRC,2021,128900
Hungary,HUN,1961,90040
Hungary,HUN,1962,90020
Hungary,HUN,1963,90030
Hungary,HUN,1964,90030
Hungary,HUN,1965,90020
Hungary,HUN,1966,90010
Hungary,HUN,1967,90000
Hungary,HUN,1968,89990
Hungary,HUN,1969,89990
Hungary,HUN,1970,89980
Hungary,HUN,1971,89970
Hungary,HUN,1972,89970
Hungary,HUN,1973,89970
Hungary,HUN,1974,89970
Hungary,HUN,1975,89970
Hungary,HUN,1976,89950
Hungary,HUN,1977,89960
Hungary,HUN,1978,89970
Hungary,HUN,1979,89920
Hungary,HUN,1980,89910
Hungary,HUN,1981,89900
Hungary,HUN,1982,89890
Hungary,HUN,1983,89880
Hungary,HUN,1984,89880
Hungary,HUN,1985,89880
Hungary,HUN,1986,89880
Hungary,HUN,1987,89880
Hungary,HUN,1988,89870
Hungary,HUN,1989,89870
Hungary,HUN,1990,89870
Hungary,HUN,1991,89870
Hungary,HUN,1992,89870
Hungary,HUN,1993,89860
Hungary,HUN,1994,89860
Hungary,HUN,1995,89860
Hungary,HUN,1996,89860
Hungary,HUN,1997,89800
Hungary,HUN,1998,89800
Hungary,HUN,1999,89800
Hungary,HUN,2000,89620
Hungary,HUN,2001,89620
Hungary,HUN,2002,89620
Hungary,HUN,2003,89620
Hungary,HUN,2004,89620
Hungary,HUN,2005,89610
Hungary,HUN,2006,89610
Hungary,HUN,2007,89610
Hungary,HUN,2008,89610
Hungary,HUN,2009,90530
Hungary,HUN,2010,90530
Hungary,HUN,2011,90530
Hungary,HUN,2012,90530
Hungary,HUN,2013,90530
Hungary,HUN,2014,91260
Hungary,HUN,2015,91260
Hungary,HUN,2016,91260
Hungary,HUN,2017,91260
Hungary,HUN,2018,91260
Hungary,HUN,2019,91260
Hungary,HUN,2020,91260
Hungary,HUN,2021,91260
Ireland,IRL,1961,68890
Ireland,IRL,1962,68890
Ireland,IRL,1963,68890
Ireland,IRL,1964,68890
Ireland,IRL,1965,68890
Ireland,IRL,1966,68890
Ireland,IRL,1967,68890
Ireland,IRL,1968,68890
Ireland,IRL,1969,68890
Ireland,IRL,1970,68890
Ireland,IRL,1971,68890
Ireland,IRL,1972,68890
Ireland,IRL,1973,68890
Ireland,IRL,1974,68890
Ireland,IRL,1975,68890
Ireland,IRL,1976,68890
Ireland,IRL,1977,68890
Ireland,IRL,1978,68890
Ireland,IRL,1979,68890
Ireland,IRL,1980,68890
Ireland,IRL,1981,68890
Ireland,IRL,1982,68890
Ireland,IRL,1983,68890
Ireland,IRL,1984,68890
Ireland,IRL,1985,68890
Ireland,IRL,1986,68890
Ireland,IRL,1987,68890
Ireland,IRL,1988,68890
Ireland,IRL,1989,68890
Ireland,IRL,1990,68890
Ireland,IRL,1991,68890
Ireland,IRL,1992,68890
Ireland,IRL,1993,68890
Ireland,IRL,1994,68890
Ireland,IRL,1995,68890
Ireland,IRL,1996,68890
Ireland,IRL,1997,68890
Ireland,IRL,1998,68890
Ireland,IRL,1999,68890
Ireland,IRL,2000,68890
Ireland,IRL,2001,68890
Ireland,IRL,2002,68890
Ireland,IRL,2003,68890
Ireland,IRL,2004,68890
Ireland,IRL,2005,68890
Ireland,IRL,2006,68890
Ireland,IRL,2007,68890
Ireland,IRL,2008,68890
Ireland,IRL,2009,68890
Ireland,IRL,2010,68890
Ireland,IRL,2011,68890
Ireland,IRL,2012,68890
Ireland,IRL,2013,68890
Ireland,IRL,2014,68890
Ireland,IRL,2015,68890
Ireland,IRL,2016,68890
Ireland,IRL,2017,68890
Ireland,IRL,2018,68890
Ireland,IRL,2019,68890
Ireland,IRL,2020,68890
Ireland,IRL,2021,68890
Italy,ITA,1961,294110
Italy,ITA,1962,294110
Italy,ITA,1963,294110
Italy,ITA,1964,294110
Italy,ITA,1965,294110
Italy,ITA,1966,294110
Italy,ITA,1967,294110
Italy,ITA,1968,294110
Italy,ITA,1969,294110
Italy,ITA,1970,294110
Italy,ITA,1971,294110
Italy,ITA,1972,294110
Italy,ITA,1973,294110
Italy,ITA,1974,294110
Italy,ITA,1975,294110
Italy,ITA,1976,294110
Italy,ITA,1977,294110
Italy,ITA,1978,294110
Italy,ITA,1979,294110
Italy,ITA,1980,294110
Italy,ITA,1981,294110
Italy,ITA,1982,294110
Italy,ITA,1983,294110
Italy,ITA,1984,294110
Italy,ITA,1985,294110
Italy,ITA,1986,294110
Italy,ITA,1987,294110
Italy,ITA,1988,294110
Italy,ITA,1989,294110
Italy,ITA,1990,294110
Italy,ITA,1991,294110
Italy,ITA,1992,294110
Italy,ITA,1993,294110
Italy,ITA,1994,294110
Italy,ITA,1995,294110
Italy,ITA,1996,294110
Italy,ITA,1997,294110
Italy,ITA,1998,294110
Italy,ITA,1999,294110
Italy,ITA,2000,294110
Italy,ITA,2001,294110
Italy,ITA,2002,294110
Italy,ITA,2003,294140
Italy,ITA,2004,294140
Italy,ITA,2005,294140
Italy,ITA,2006,294140
Italy,ITA,2007,294140
Italy,ITA,2008,294140
Italy,ITA,2009,294140
Italy,ITA,2010,294140
Italy,ITA,2011,294140
Italy,ITA,2012,294140
Italy,ITA,2013,294140
Italy,ITA,2014,294140
Italy,ITA,2015,294140
Italy,ITA,2016,294140
Italy,ITA,2017,294140
Italy,ITA,2018,297730
Italy,ITA,2019,297730
Italy,ITA,2020,297730
Italy,ITA,2021,297730
Latvia,LVA,1961,62196
Latvia,LVA,1962,62196
Latvia,LVA,1963,62196
Latvia,LVA,1964,62196
Latvia,LVA,1965,62196
Latvia,LVA,1966,62196
Latvia,LVA,1967,62196
Latvia,LVA,1968,62196
Latvia,LVA,1969,62196
Latvia,LVA,1970,62196
Latvia,LVA,1971,62196
Latvia,LVA,1972,62196
Latvia,LVA,1973,62196
Latvia,LVA,1974,62196
Latvia,LVA,1975,62196
Latvia,LVA,1976,62196
Latvia,LVA,1977,62196
Latvia,LVA,1978,62196
Latvia,LVA,1979,62196
Latvia,LVA,1980,62196
Latvia,LVA,1981,62196
Latvia,LVA,1982,62196
Latvia,LVA,1983,62196
Latvia,LVA,1984,62196
Latvia,LVA,1985,62196
Latvia,LVA,1986,62196
Latvia,LVA,1987,62196
Latvia,LVA,1988,62196
Latvia,LVA,1989,62196
Latvia,LVA,1990,62196
Latvia,LVA,1991,62196
Latvia,LVA,1992,62196
Latvia,LVA,1993,62196
Latvia,LVA,1994,62196
Latvia,LVA,1995,62196
Latvia,LVA,1996,62196
Latvia,LVA,1997,62196
Latvia,LVA,1998,62196
Latvia,LVA,1999,62196
Latvia,LVA,2000,62196
Latvia,LVA,2001,62196
Latvia,LVA,2002,62196
Latvia,LVA,2003,62196
Latvia,LVA,2004,62196
Latvia,LVA,2005,62196
Latvia,LVA,2006,62196
Latvia,LVA,2007,62196
Latvia,LVA,2008,62196
Latvia,LVA,2009,62180
Latvia,LVA,2010,62240
Latvia,LVA,2011,62200
Latvia,LVA,2012,62180
Latvia,LVA,2013,62190
Latvia,LVA,2014,62140
Latvia,LVA,2015,62130
Latvia,LVA,2016,62120
Latvia,LVA,2017,62110
Latvia,LVA,2018,62090
Latvia,LVA,2019,62090
Latvia,LVA,2020,62090
Latvia,LVA,2021,62090
Lithuania,LTU,1961,62680
Lithuania,LTU,1962,62680
Lithuania,LTU,1963,62680
Lithuania,LTU,1964,62680
Lithuania,LTU,1965,62680
Lithuania,LTU,1966,62680
Lithuania,LTU,1967,62680
Lithuania,LTU,1968,62680
Lithuania,LTU,1969,62680
Lithuania,LTU,1970,62680
Lithuania,LTU,1971,62680
Lithuania,LTU,1972,62680
Lithuania,LTU,1973,62680
Lithuania,LTU,1974,62680
Lithuania,LTU,1975,62680
Lithuania,LTU,1976,62680
Lithuania,LTU,1977,62680
Lithuania,LTU,1978,62680
Lithuania,LTU,1979,62680
Lithuania,LTU,1980,62680
Lithuania,LTU,1981,62680
Lithuania,LTU,1982,62680
Lithuania,LTU,1983,62680
Lithuania,LTU,1984,62680
Lithuania,LTU,1985,62680
Lithuania,LTU,1986,62680
Lithuania,LTU,1987,62680
Lithuania,LTU,1988,62680
Lithuania,LTU,1989,62680
Lithuania,LTU,1990,62680
Lithuania,LTU,1991,62680
Lithuania,LTU,1992,62680
Lithuania,LTU,1993,62680
Lithuania,LTU,1994,62680
Lithuania,LTU,1995,62680
Lithuania,LTU,1996,62680
Lithuania,LTU,1997,62680
Lithuania,LTU,1998,62680
Lithuania,LTU,1999,62680
Lithuania,LTU,2000,62680
Lithuania,LTU,2001,62680
Lithuania,LTU,2002,62680
Lithuania,LTU,2003,62680
Lithuania,LTU,2004,62680
Lithuania,LTU,2005,62680
Lithuania,LTU,2006,62680
Lithuania,LTU,2007,62680
Lithuania,LTU,2008,62675
Lithuania,LTU,2009,62675
Lithuania,LTU,2010,62675
Lithuania,LTU,2011,62674
Lithuania,LTU,2012,62674
Lithuania,LTU,2013,62675
Lithuania,LTU,2014,62650
Lithuania,LTU,2015,62650
Lithuania,LTU,2016,62642
Lithuania,LTU,2017,62641
Lithuania,LTU,2018,62630
Lithuania,LTU,2019,62630
Lithuania,LTU,2020,62630
Lithuania,LTU,2021,62630
Luxembourg,LUX,2000,2430
Luxembourg,LUX,2001,2430
Luxembourg,LUX,2002,2430
Luxembourg,LUX,2003,2430
Luxembourg,LUX,2004,2430
Luxembourg,LUX,2005,2430
Luxembourg,LUX,2006,2430
Luxembourg,LUX,2007,2430
Luxembourg,LUX,2008,2430
Luxembourg,LUX,2009,2430
Luxembourg,LUX,2010,2430
Luxembourg,LUX,2011,2430
Luxembourg,LUX,2012,2430
Luxembourg,LUX,2013,2430
Luxembourg,LUX,2014,2430
Luxembourg,LUX,2015,2430
Luxembourg,LUX,2016,2430
Luxembourg,LUX,2017,2430
Luxembourg,LUX,2018,2430
Luxembourg,LUX,2019,2430
Luxembourg,LUX,2020,2430
Luxembourg,LUX,2021,2430
Malta,MLT,1961,320
Malta,MLT,1962,320
Malta,MLT,1963,320
Malta,MLT,1964,320
Malta,MLT,1965,320
Malta,MLT,1966,320
Malta,MLT,1967,320
Malta,MLT,1968,320
Malta,MLT,1969,320
Malta,MLT,1970,320
Malta,MLT,1971,320
Malta,MLT,1972,320
Malta,MLT,1973,320
Malta,MLT,1974,320
Malta,MLT,1975,320
Malta,MLT,1976,320
Malta,MLT,1977,320
Malta,MLT,1978,320
Malta,MLT,1979,320
Malta,MLT,1980,320
Malta,MLT,1981,320
Malta,MLT,1982,320
Malta,MLT,1983,320
Malta,MLT,1984,320
Malta,MLT,1985,320
Malta,MLT,1986,320
Malta,MLT,1987,320
Malta,MLT,1988,320
Malta,MLT,1989,320
Malta,MLT,1990,320
Malta,MLT,1991,320
Malta,MLT,1992,320
Malta,MLT,1993,320
Malta,MLT,1994,320
Malta,MLT,1995,320
Malta,MLT,1996,320
Malta,MLT,1997,320
Malta,MLT,1998,320
Malta,MLT,1999,320
Malta,MLT,2000,320
Malta,MLT,2001,320
Malta,MLT,2002,320
Malta,MLT,2003,320
Malta,MLT,2004,320
Malta,MLT,2005,320
Malta,MLT,2006,320
Malta,MLT,2007,320
Malta,MLT,2008,320
Malta,MLT,2009,320
Malta,MLT,2010,320
Malta,MLT,2011,320
Malta,MLT,2012,320
Malta,MLT,2013,320
Malta,MLT,2014,320
Malta,MLT,2015,320
Malta,MLT,2016,320
Malta,MLT,2017,320
Malta,MLT,2018,320
Malta,MLT,2019,320
Malta,MLT,2020,320
Malta,MLT,2021,320
Netherlands,NLD,1961,33760
Netherlands,NLD,1962,33760
Netherlands,NLD,1963,33760
Netherlands,NLD,1964,33760
Netherlands,NLD,1965,33760
Netherlands,NLD,1966,33760
Netherlands,NLD,1967,33760
Netherlands,NLD,1968,33760
Netherlands,NLD,1969,33760
Netherlands,NLD,1970,33760
Netherlands,NLD,1971,33760
Netherlands,NLD,1972,33760
Netherlands,NLD,1973,33760
Netherlands,NLD,1974,33760
Netherlands,NLD,1975,33760
Netherlands,NLD,1976,33760
Netherlands,NLD,1977,33760
Netherlands,NLD,1978,33760
Netherlands,NLD,1979,33760
Netherlands,NLD,1980,33760
Netherlands,NLD,1981,33760
Netherlands,NLD,1982,33760
Netherlands,NLD,1983,33760
Netherlands,NLD,1984,33760
Netherlands,NLD,1985,33760
Netherlands,NLD,1986,33760
Netherlands,NLD,1987,33760
Netherlands,NLD,1988,33760
Netherlands,NLD,1989,33760
Netherlands,NLD,1990,33760
Netherlands,NLD,1991,33760
Netherlands,NLD,1992,33760
Netherlands,NLD,1993,33760
Netherlands,NLD,1994,33760
Netherlands,NLD,1995,33760
Netherlands,NLD,1996,33760
Netherlands,NLD,1997,33760
Netherlands,NLD,1998,33760
Netherlands,NLD,1999,33760
Netherlands,NLD,2000,33760
Netherlands,NLD,2001,33760
Netherlands,NLD,2002,33760
Netherlands,NLD,2003,33760
Netherlands,NLD,2004,33760
Netherlands,NLD,2005,33760
Netherlands,NLD,2006,33760
Netherlands,NLD,2007,33760
Netherlands,NLD,2008,33760
Netherlands,NLD,2009,33730
Netherlands,NLD,2010,33730
Netherlands,NLD,2011,33720
Netherlands,NLD,2012,33720
Netherlands,NLD,2013,33690
Netherlands,NLD,2014,33690
Netherlands,NLD,2015,33670
Netherlands,NLD,2016,33670
Netherlands,NLD,2017,33670
Netherlands,NLD,2018,33670
Netherlands,NLD,2019,33670
Netherlands,NLD,2020,33670
Netherlands,NLD,2021,33670
Poland,POL,1961,306290
Poland,POL,1962,306290
Poland,POL,1963,306290
Poland,POL,1964,306290
Poland,POL,1965,306290
Poland,POL,1966,306290
Poland,POL,1967,306290
Poland,POL,1968,306290
Poland,POL,1969,306290
Poland,POL,1970,306290
Poland,POL,1971,306290
Poland,POL,1972,306290
Poland,POL,1973,306290
Poland,POL,1974,306290
Poland,POL,1975,306290
Poland,POL,1976,306290
Poland,POL,1977,306290
Poland,POL,1978,306290
Poland,POL,1979,306290
Poland,POL,1980,306290
Poland,POL,1981,306290
Poland,POL,1982,306290
Poland,POL,1983,306290
Poland,POL,1984,306290
Poland,POL,1985,306290
Poland,POL,1986,306290
Poland,POL,1987,306290
Poland,POL,1988,306290
Poland,POL,1989,306290
Poland,POL,1990,306290
Poland,POL,1991,306290
Poland,POL,1992,306290
Poland,POL,1993,306290
Poland,POL,1994,306290
Poland,POL,1995,306290
Poland,POL,1996,306290
Poland,POL,1997,306290
Poland,POL,1998,306290
Poland,POL,1999,306290
Poland,POL,2000,306290
Poland,POL,2001,306290
Poland,POL,2002,306290
Poland,POL,2003,306240
Poland,POL,2004,306330
Poland,POL,2005,306330
Poland,POL,2006,306320
Poland,POL,2007,306320
Poland,POL,2008,306300
Poland,POL,2009,306280
Poland,POL,2010,306280
Poland,POL,2011,306230
Poland,POL,2012,306220
Poland,POL,2013,306210
Poland,POL,2014,306190
Poland,POL,2015,306190
Poland,POL,2016,306190
Poland,POL,2017,306190
Poland,POL,2018,306170
Poland,POL,2019,306170
Poland,POL,2020,306170
Poland,POL,2021,306170
Portugal,PRT,1961,91500
Portugal,PRT,1962,91500
Portugal,PRT,1963,91500
Portugal,PRT,1964,91500
Portugal,PRT,1965,91500
Portugal,PRT,1966,91500
Portugal,PRT,1967,91500
Portugal,PRT,1968,91500
Portugal,PRT,1969,91500
Portugal,PRT,1970,91500
Portugal,PRT,1971,91500
Portugal,PRT,1972,91500
Portugal,PRT,1973,91500
Portugal,PRT,1974,91500
Portugal,PRT,1975,91500
Portugal,PRT,1976,91500
Portugal,PRT,1977,91500
Portugal,PRT,1978,91500
Portugal,PRT,1979,91500
Portugal,PRT,1980,91500
Portugal,PRT,1981,91500
Portugal,PRT,1982,91500
Portugal,PRT,1983,91500
Portugal,PRT,1984,91500
Portugal,PRT,1985,91500
Portugal,PRT,1986,91500
Portugal,PRT,1987,91500
Portugal,PRT,1988,91500
Portugal,PRT,1989,91500
Portugal,PRT,1990,91500
Portugal,PRT,1991,91500
Portugal,PRT,1992,91500
Portugal,PRT,1993,91500
Portugal,PRT,1994,91500
Portugal,PRT,1995,91500
Portugal,PRT,1996,91500
Portugal,PRT,1997,91500
Portugal,PRT,1998,91500
Portugal,PRT,1999,91500
Portugal,PRT,2000,91500
Portugal,PRT,2001,91500
Portugal,PRT,2002,91500
Portugal,PRT,2003,91500
Portugal,PRT,2004,91500
Portugal,PRT,2005,91470
Portugal,PRT,2006,91470
Portugal,PRT,2007,91470
Portugal,PRT,2008,91470
Portugal,PRT,2009,91590
Portugal,PRT,2010,91590
Portugal,PRT,2011,91590
Portugal,PRT,2012,91590
Portugal,PRT,2013,91605.203125
Portugal,PRT,2014,91605.6015625
Portugal,PRT,2015,91605.6015625
Portugal,PRT,2016,91605.6015625
Portugal,PRT,2017,91605.6015625
Portugal,PRT,2018,91605.6015625
Portugal,PRT,2019,91605.6015625
Portugal,PRT,2020,91605.6015625
Portugal,PRT,2021,91605.6015625
Romania,ROU,1961,230340
Romania,ROU,1962,230340
Romania,ROU,1963,230340
Romania,ROU,1964,230340
Romania,ROU,1965,230340
Romania,ROU,1966,230340
Romania,ROU,1967,230340
Romania,ROU,1968,230340
Romania,ROU,1969,230340
Romania,ROU,1970,230340
Romania,ROU,1971,230340
Romania,ROU,1972,230340
Romania,ROU,1973,230340
Romania,ROU,1974,230340
Romania,ROU,1975,230340
Romania,ROU,1976,230340
Romania,ROU,1977,230340
Romania,ROU,1978,230340
Romania,ROU,1979,230340
Romania,ROU,1980,230340
Romania,ROU,1981,230340
Romania,ROU,1982,230340
Romania,ROU,1983,230340
Romania,ROU,1984,230340
Romania,ROU,1985,230340
Romania,ROU,1986,230340
Romania,ROU,1987,230340
Romania,ROU,1988,230340
Romania,ROU,1989,229350
Romania,ROU,1990,229350
Romania,ROU,1991,229460
Romania,ROU,1992,229460
Romania,ROU,1993,229460
Romania,ROU,1994,229510
Romania,ROU,1995,229490
Romania,ROU,1996,229520
Romania,ROU,1997,229530
Romania,ROU,1998,229590
Romania,ROU,1999,229600
Romania,ROU,2000,229710
Romania,ROU,2001,229710
Romania,ROU,2002,229870
Romania,ROU,2003,229950
Romania,ROU,2004,230000
Romania,ROU,2005,229980
Romania,ROU,2006,229980
Romania,ROU,2007,229890
Romania,ROU,2008,229900
Romania,ROU,2009,230060
Romania,ROU,2010,230050
Romania,ROU,2011,230170
Romania,ROU,2012,230020
Romania,ROU,2013,230030
Romania,ROU,2014,230080
Romania,ROU,2015,230080
Romania,ROU,2016,230080
Romania,ROU,2017,230080
Romania,ROU,2018,230080
Romania,ROU,2019,230080
Romania,ROU,2020,230080
Romania,ROU,2021,230080
Slovakia,SVK,1961,48100
Slovakia,SVK,1962,48100
Slovakia,SVK,1963,48100
Slovakia,SVK,1964,48100
Slovakia,SVK,1965,48100
Slovakia,SVK,1966,48100
Slovakia,SVK,1967,48100
Slovakia,SVK,1968,48100
Slovakia,SVK,1969,48100
Slovakia,SVK,1970,48100
Slovakia,SVK,1971,48100
Slovakia,SVK,1972,48100
Slovakia,SVK,1973,48100
Slovakia,SVK,1974,48100
Slovakia,SVK,1975,48100
Slovakia,SVK,1976,48100
Slovakia,SVK,1977,48100
Slovakia,SVK,1978,48100
Slovakia,SVK,1979,48100
Slovakia,SVK,1980,48100
Slovakia,SVK,1981,48100
Slovakia,SVK,1982,48100
Slovakia,SVK,1983,48100
Slovakia,SVK,1984,48100
Slovakia,SVK,1985,48100
Slovakia,SVK,1986,48100
Slovakia,SVK,1987,48100
Slovakia,SVK,1988,48100
Slovakia,SVK,1989,48100
Slovakia,SVK,1990,48100
Slovakia,SVK,1991,48100
Slovakia,SVK,1992,48100
Slovakia,SVK,1993,48100
Slovakia,SVK,1994,48100
Slovakia,SVK,1995,48100
Slovakia,SVK,1996,48100
Slovakia,SVK,1997,48100
Slovakia,SVK,1998,48100
Slovakia,SVK,1999,48100
Slovakia,SVK,2000,48100
Slovakia,SVK,2001,48100
Slovakia,SVK,2002,48100
Slovakia,SVK,2003,48110
Slovakia,SVK,2004,48100
Slovakia,SVK,2005,48100
Slovakia,SVK,2006,48100
Slovakia,SVK,2007,48100
Slovakia,SVK,2008,48100
Slovakia,SVK,2009,48090
Slovakia,SVK,2010,48091
Slovakia,SVK,2011,48088
Slovakia,SVK,2012,48088
Slovakia,SVK,2013,48088
Slovakia,SVK,2014,48080
Slovakia,SVK,2015,48082
Slovakia,SVK,2016,48080
Slovakia,SVK,2017,48080
Slovakia,SVK,2018,48080
Slovakia,SVK,2019,48080
Slovakia,SVK,2020,48080
Slovakia,SVK,2021,48080
Slovenia,SVN,1961,20140
Slovenia,SVN,1962,20140
Slovenia,SVN,1963,20140
Slovenia,SVN,1964,20140
Slovenia,SVN,1965,20140
Slovenia,SVN,1966,20140
Slovenia,SVN,1967,20140
Slovenia,SVN,1968,20140
Slovenia,SVN,1969,20140
Slovenia,SVN,1970,20140
Slovenia,SVN,1971,20140
Slovenia,SVN,1972,20140
Slovenia,SVN,1973,20140
Slovenia,SVN,1974,20140
Slovenia,SVN,1975,20140
Slovenia,SVN,1976,20140
Slovenia,SVN,1977,20140
Slovenia,SVN,1978,20140
Slovenia,SVN,1979,20140
Slovenia,SVN,1980,20140
Slovenia,SVN,1981,20140
Slovenia,SVN,1982,20140
Slovenia,SVN,1983,20140
Slovenia,SVN,1984,20140
Slovenia,SVN,1985,20140
Slovenia,SVN,1986,20140
Slovenia,SVN,1987,20140
Slovenia,SVN,1988,20140
Slovenia,SVN,1989,20140
Slovenia,SVN,1990,20140
Slovenia,SVN,1991,20140
Slovenia,SVN,1992,20140
Slovenia,SVN,1993,20140
Slovenia,SVN,1994,20140
Slovenia,SVN,1995,20140
Slovenia,SVN,1996,20140
Slovenia,SVN,1997,20140
Slovenia,SVN,1998,20140
Slovenia,SVN,1999,20140
Slovenia,SVN,2000,20140
Slovenia,SVN,2001,20140
Slovenia,SVN,2002,20140
Slovenia,SVN,2003,20140
Slovenia,SVN,2004,20140
Slovenia,SVN,2005,20140
Slovenia,SVN,2006,20140
Slovenia,SVN,2007,20140
Slovenia,SVN,2008,20146.19921875
Slovenia,SVN,2009,20145.80078125
Slovenia,SVN,2010,20146.19921875
Slovenia,SVN,2011,20146
Slovenia,SVN,2012,20145.69921875
Slovenia,SVN,2013,20140
Slovenia,SVN,2014,20140
Slovenia,SVN,2015,20142.599609375
Slovenia,SVN,2016,20142
Slovenia,SVN,2017,20138.099609375
Slovenia,SVN,2018,20136.400390625
Slovenia,SVN,2019,20136.400390625
Slovenia,SVN,2020,20136.400390625
Slovenia,SVN,2021,20136.400390625
Spain,ESP,1961,499780
Spain,ESP,1962,499780
Spain,ESP,1963,499780
Spain,ESP,1964,499780
Spain,ESP,1965,499780
Spain,ESP,1966,499780
Spain,ESP,1967,499780
Spain,ESP,1968,499780
Spain,ESP,1969,499780
Spain,ESP,1970,499780
Spain,ESP,1971,499780
Spain,ESP,1972,499780
Spain,ESP,1973,499780
Spain,ESP,1974,499750
Spain,ESP,1975,499630
Spain,ESP,1976,499570
Spain,ESP,1977,499540
Spain,ESP,1978,499530
Spain,ESP,1979,499540
Spain,ESP,1980,499470
Spain,ESP,1981,499460
Spain,ESP,1982,499460
Spain,ESP,1983,499430
Spain,ESP,1984,499440
Spain,ESP,1985,499440
Spain,ESP,1986,499440
Spain,ESP,1987,499440
Spain,ESP,1988,499440
Spain,ESP,1989,499440
Spain,ESP,1990,499440
Spain,ESP,1991,499440
Spain,ESP,1992,499440
Spain,ESP,1993,499440
Spain,ESP,1994,499440
Spain,ESP,1995,499440
Spain,ESP,1996,499440
Spain,ESP,1997,499440
Spain,ESP,1998,499440
Spain,ESP,1999,499440
Spain,ESP,2000,499000
Spain,ESP,2001,498520
Spain,ESP,2002,499040
Spain,ESP,2003,499210
Spain,ESP,2004,499180
Spain,ESP,2005,499090
Spain,ESP,2006,498980
Spain,ESP,2007,499110
Spain,ESP,2008,498800
Spain,ESP,2009,498660
Spain,ESP,2010,500010
Spain,ESP,2011,499880
Spain,ESP,2012,500210
Spain,ESP,2013,500210
Spain,ESP,2014,500210
Spain,ESP,2015,499661
Spain,ESP,2016,499564
Spain,ESP,2017,499547.34375
Spain,ESP,2018,499603.46875
Spain,ESP,2019,499603.46875
Spain,ESP,2020,499603.46875
Spain,ESP,2021,499603.46875
Sweden,SWE,1961,410340
Sweden,SWE,1962,410340
Sweden,SWE,1963,410340
Sweden,SWE,1964,410340
Sweden,SWE,1965,410340
Sweden,SWE,1966,410340
Sweden,SWE,1967,410340
Sweden,SWE,1968,410340
Sweden,SWE,1969,410340
Sweden,SWE,1970,410340
Sweden,SWE,1971,410340
Sweden,SWE,1972,410340
Sweden,SWE,1973,410340
Sweden,SWE,1974,410340
Sweden,SWE,1975,410340
Sweden,SWE,1976,410340
Sweden,SWE,1977,410340
Sweden,SWE,1978,410340
Sweden,SWE,1979,410340
Sweden,SWE,1980,410340
Sweden,SWE,1981,410340
Sweden,SWE,1982,410340
Sweden,SWE,1983,410340
Sweden,SWE,1984,410340
Sweden,SWE,1985,410340
Sweden,SWE,1986,410340
Sweden,SWE,1987,410340
Sweden,SWE,1988,410340
Sweden,SWE,1989,410340
Sweden,SWE,1990,410340
Sweden,SWE,1991,410340
Sweden,SWE,1992,410340
Sweden,SWE,1993,410340
Sweden,SWE,1994,410340
Sweden,SWE,1995,410340
Sweden,SWE,1996,410340
Sweden,SWE,1997,410340
Sweden,SWE,1998,410340
Sweden,SWE,1999,410340
Sweden,SWE,2000,410340
Sweden,SWE,2001,410340
Sweden,SWE,2002,410340
Sweden,SWE,2003,410340
Sweden,SWE,2004,410340
Sweden,SWE,2005,410340
Sweden,SWE,2006,410340
Sweden,SWE,2007,410340
Sweden,SWE,2008,410340
Sweden,SWE,2009,410340
Sweden,SWE,2010,410340
Sweden,SWE,2011,410340
Sweden,SWE,2012,407340
Sweden,SWE,2013,407340
Sweden,SWE,2014,407310
Sweden,SWE,2015,407310
Sweden,SWE,2016,407310
Sweden,SWE,2017,407310
Sweden,SWE,2018,407310
Sweden,SWE,2019,407310
Sweden,SWE,2020,407310
Sweden,SWE,2021,407310
United Kingdom,GBR,1961,241930
United Kingdom,GBR,1962,241930
United Kingdom,GBR,1963,241930
United Kingdom,GBR,1964,241930
United Kingdom,GBR,1965,241930
United Kingdom,GBR,1966,241930
United Kingdom,GBR,1967,241930
United Kingdom,GBR,1968,241930
United Kingdom,GBR,1969,241930
United Kingdom,GBR,1970,241930
United Kingdom,GBR,1971,241930
United Kingdom,GBR,1972,241930
United Kingdom,GBR,1973,241930
United Kingdom,GBR,1974,241930
United Kingdom,GBR,1975,241930
United Kingdom,GBR,1976,241930
United Kingdom,GBR,1977,241930
United Kingdom,GBR,1978,241930
United Kingdom,GBR,1979,241930
United Kingdom,GBR,1980,241930
United Kingdom,GBR,1981,241930
United Kingdom,GBR,1982,241930
United Kingdom,GBR,1983,241930
United Kingdom,GBR,1984,241930
United Kingdom,GBR,1985,241930
United Kingdom,GBR,1986,241930
United Kingdom,GBR,1987,241930
United Kingdom,GBR,1988,241930
United Kingdom,GBR,1989,241930
United Kingdom,GBR,1990,241930
United Kingdom,GBR,1991,241930
United Kingdom,GBR,1992,241930
United Kingdom,GBR,1993,241930
United Kingdom,GBR,1994,241930
United Kingdom,GBR,1995,241930
United Kingdom,GBR,1996,241930
United Kingdom,GBR,1997,241930
United Kingdom,GBR,1998,241930
United Kingdom,GBR,1999,241930
United Kingdom,GBR,2000,241930
United Kingdom,GBR,2001,241930
United Kingdom,GBR,2002,241930
United Kingdom,GBR,2003,241930
United Kingdom,GBR,2004,241930
United Kingdom,GBR,2005,241930
United Kingdom,GBR,2006,241930
United Kingdom,GBR,2007,241930
United Kingdom,GBR,2008,241930
United Kingdom,GBR,2009,241930
United Kingdom,GBR,2010,241930
United Kingdom,GBR,2011,241930
United Kingdom,GBR,2012,241930
United Kingdom,GBR,2013,241930
United Kingdom,GBR,2014,241930
United Kingdom,GBR,2015,241930
United Kingdom,GBR,2016,241930
United Kingdom,GBR,2017,241930
United Kingdom,GBR,2018,241930
United Kingdom,GBR,2019,241930
United Kingdom,GBR,2020,241930
United Kingdom,GBR,2021,241930
